[{"Id_Viaje":3035802,"IDPedido":582095,"CargaViaje":5,"IDPlanta":16,"NombrePlantaViaje":"M6-Juarez","IDUnidad":371,"NombreUnidad":"CR-008","IDOperador":1199,"NombreOperador":"GABRIEL RIVERA","IDEstatusViaje":2,"NombreEstatus":"Entregado","FechaInicio":"2/14/2026 12:00:00 AM","HoraInicio":"09:00","HoraFin":"11:00","IDObra":9876034,"NombreObra":"corfu residencial","IDClienteSAE":9876,"NombreCliente":"MX CONSTRUCCIONES","IDUso":24,"NombreUso":"Pilotes","IDProducto":483,"NombreProducto":"CONCRETO f\u0027c=200 Ag=20. Rev=10 A1 D","Remision":"M6/67100","CveCiudad":"MTY","NombreVendedor":"ENRIQUE ALVAREZ"},{"Id_Viaje":3038423,"IDPedido":582694,"CargaViaje":7,"IDPlanta":19,"NombrePlantaViaje":"M1-Apodaca","IDUnidad":332,"NombreUnidad":"CR-026","IDOperador":1458,"NombreOperador":"MIGUEL ANGEL LUGO","IDEstatusViaje":2,"NombreEstatus":"Entregado","FechaInicio":"2/14/2026 12:00:00 AM","HoraInicio":"07:00","HoraFin":"09:00","IDObra":4191042,"NombreObra":"subestacion alebrije","IDClienteSAE":4191,"NombreCliente":"SEPISA","IDUso":29,"NombreUso":"Base","IDProducto":599,"NombreProducto":"CONCRETO f\u0027c=250 Ag=20 Rev=12 A1 D","Remision":"M1/91163","CveCiudad":"MTY","NombreVendedor":"GUILLERMO RAMA HERRERA"},{"Id_Viaje":3038425,"IDPedido":582694,"CargaViaje":7,"IDPlanta":19,"NombrePlantaViaje":"M1-Apodaca","IDUnidad":40,"NombreUnidad":"CR-031","IDOperador":1157,"NombreOperador":"JUAN JOSE ROSARIO LOPEZ","IDEstatusViaje":2,"NombreEstatus":"Entregado","FechaInicio":"2/14/2026 12:00:00 AM","HoraInicio":"07:10","HoraFin":"09:10","IDObra":4191042,"NombreObra":"subestacion alebrije","IDClienteSAE":4191,"NombreCliente":"SEPISA","IDUso":29,"NombreUso":"Base","IDProducto":599,"NombreProducto":"CONCRETO f\u0027c=250 Ag=20 Rev=12 A1 D","Remision":"M1/91164","CveCiudad":"MTY","NombreVendedor":"GUILLERMO RAMA HERRERA"},{"Id_Viaje":3038427,"IDPedido":582694,"CargaViaje":7,"IDPlanta":19,"NombrePlantaViaje":"M1-Apodaca","IDUnidad":71,"NombreUnidad":"CR-038","IDOperador":1508,"NombreOperador":"VICTOR MANUEL CAMARILLO","IDEstatusViaje":2,"NombreEstatus":"Entregado","FechaInicio":"2/14/2026 12:00:00 AM","HoraInicio":"07:20","HoraFin":"09:20","IDObra":4191042,"NombreObra":"subestacion alebrije","IDClienteSAE":4191,"NombreCliente":"SEPISA","IDUso":29,"NombreUso":"Base","IDProducto":599,"NombreProducto":"CONCRETO f\u0027c=250 Ag=20 Rev=12 A1 D","Remision":"M1/91166","CveCiudad":"MTY","NombreVendedor":"GUILLERMO RAMA HERRERA"},{"Id_Viaje":3038580,"IDPedido":582520,"CargaViaje":7,"IDPlanta":16,"NombrePlantaViaje":"M6-Juarez","IDUnidad":133,"NombreUnidad":"CR-124","IDOperador":1546,"NombreOperador":"VICTOR ADRIAN HERNANDEZ","IDEstatusViaje":2,"NombreEstatus":"Entregado","FechaInicio":"2/14/2026 12:00:00 AM","HoraInicio":"10:00","HoraFin":"12:00","IDObra":8808027,"NombreObra":"patio lermas","IDClienteSAE":8808,"NombreCliente":"PAVIMENTOS CONSERVACION Y MICROSUPERFICIE","IDUso":7,"NombreUso":"Firme","IDProducto":513,"NombreProducto":"CONCRETO f\u0027c=200 Ag=20 Rev=14 A1 D","Remision":"M6/67099","CveCiudad":"MTY","NombreVendedor":"CESAR LUNA"},{"Id_Viaje":3038684,"IDPedido":582746,"CargaViaje":6,"IDPlanta":15,"NombrePlantaViaje":"M5-Santiago","IDUnidad":28,"NombreUnidad":"CR-241","IDOperador":1509,"NombreOperador":"JUAN LUIS ROCHA","IDEstatusViaje":2,"NombreEstatus":"Entregado","FechaInicio":"2/14/2026 12:00:00 AM","HoraInicio":"10:00","HoraFin":"12:00","IDObra":541061,"NombreObra":"ANTIGUA SUR","IDClienteSAE":541,"NombreCliente":"DESARROLLOS LOCSA","IDUso":5,"NombreUso":"Cordon","IDProducto":483,"NombreProducto":"CONCRETO f\u0027c=200 Ag=20. Rev=10 A1 D","Remision":"M5/37084","CveCiudad":"MTY","NombreVendedor":"GUILLERMO RAMA HERRERA"},{"Id_Viaje":3038710,"IDPedido":582382,"CargaViaje":7,"IDPlanta":7,"NombrePlantaViaje":"M2-Escobedo","IDUnidad":370,"NombreUnidad":"CR-203","IDOperador":644,"NombreOperador":"ALEJANDRO QUEZADA","IDEstatusViaje":2,"NombreEstatus":"Entregado","FechaInicio":"2/14/2026 12:00:00 AM","HoraInicio":"13:30","HoraFin":"15:30","IDObra":1534016,"NombreObra":"PLANTA MOYEDA","IDClienteSAE":1534,"NombreCliente":"CONSTRUCTORA MOYEDA","IDUso":14,"NombreUso":"Viga","IDProducto":11985,"NombreProducto":"CONCRETO f\u0027c=450 Ag20 Rv22B8036 Grn CTem Ceniza25","Remision":"M2/79927","CveCiudad":"MTY","NombreVendedor":"CASA PROGRAMACION"},{"Id_Viaje":3038712,"IDPedido":582382,"CargaViaje":7,"IDPlanta":7,"NombrePlantaViaje":"M2-Escobedo","IDUnidad":340,"NombreUnidad":"CR-219","IDOperador":1122,"NombreOperador":"NOE CASTILLO","IDEstatusViaje":2,"NombreEstatus":"Entregado","FechaInicio":"2/14/2026 12:00:00 AM","HoraInicio":"13:40","HoraFin":"15:40","IDObra":1534016,"NombreObra":"PLANTA MOYEDA","IDClienteSAE":1534,"NombreCliente":"CONSTRUCTORA MOYEDA","IDUso":14,"NombreUso":"Viga","IDProducto":11985,"NombreProducto":"CONCRETO f\u0027c=450 Ag20 Rv22B8036 Grn CTem Ceniza25","Remision":"M2/79928","CveCiudad":"MTY","NombreVendedor":"CASA PROGRAMACION"},{"Id_Viaje":3038714,"IDPedido":582382,"CargaViaje":6,"IDPlanta":7,"NombrePlantaViaje":"M2-Escobedo","IDUnidad":273,"NombreUnidad":"CR-243","IDOperador":1552,"NombreOperador":"JOSE ISAIAS ROCHA","IDEstatusViaje":2,"NombreEstatus":"Entregado","FechaInicio":"2/14/2026 12:00:00 AM","HoraInicio":"13:50","HoraFin":"15:50","IDObra":1534016,"NombreObra":"PLANTA MOYEDA","IDClienteSAE":1534,"NombreCliente":"CONSTRUCTORA MOYEDA","IDUso":14,"NombreUso":"Viga","IDProducto":11985,"NombreProducto":"CONCRETO f\u0027c=450 Ag20 Rv22B8036 Grn CTem Ceniza25","Remision":"M2/79930","CveCiudad":"MTY","NombreVendedor":"CASA PROGRAMACION"},{"Id_Viaje":3038716,"IDPedido":582382,"CargaViaje":6,"IDPlanta":7,"NombrePlantaViaje":"M2-Escobedo","IDUnidad":136,"NombreUnidad":"CR-245","IDOperador":1680,"NombreOperador":"PAULO AMERICO","IDEstatusViaje":2,"NombreEstatus":"Entregado","FechaInicio":"2/14/2026 12:00:00 AM","HoraInicio":"14:00","HoraFin":"16:00","IDObra":1534016,"NombreObra":"PLANTA MOYEDA","IDClienteSAE":1534,"NombreCliente":"CONSTRUCTORA MOYEDA","IDUso":14,"NombreUso":"Viga","IDProducto":11985,"NombreProducto":"CONCRETO f\u0027c=450 Ag20 Rv22B8036 Grn CTem Ceniza25","Remision":"M2/79929","CveCiudad":"MTY","NombreVendedor":"CASA PROGRAMACION"},{"Id_Viaje":3038987,"IDPedido":582814,"CargaViaje":7,"IDPlanta":7,"NombrePlantaViaje":"M2-Escobedo","IDUnidad":370,"NombreUnidad":"CR-203","IDOperador":644,"NombreOperador":"ALEJANDRO QUEZADA","IDEstatusViaje":2,"NombreEstatus":"Entregado","FechaInicio":"2/14/2026 12:00:00 AM","HoraInicio":"10:00","HoraFin":"12:00","IDObra":9882014,"NombreObra":"magna park","IDClienteSAE":9882,"NombreCliente":"FINISTERRE CAPITAL","IDUso":15,"NombreUso":"Zapatas","IDProducto":483,"NombreProducto":"CONCRETO f\u0027c=200 Ag=20. Rev=10 A1 D","Remision":"M2/79924","CveCiudad":"MTY","NombreVendedor":"ENRIQUE ALVAREZ"},{"Id_Viaje":3038993,"IDPedido":582815,"CargaViaje":7,"IDPlanta":11,"NombrePlantaViaje":"M4-Centro","IDUnidad":78,"NombreUnidad":"CR-062","IDOperador":1478,"NombreOperador":"VICTOR HUGO MARTINEZ","IDEstatusViaje":2,"NombreEstatus":"Entregado","FechaInicio":"2/14/2026 12:00:00 AM","HoraInicio":"07:30","HoraFin":"09:30","IDObra":11302015,"NombreObra":"casa blanca","IDClienteSAE":11302,"NombreCliente":"LUZ DE PARIS","IDUso":2,"NombreUso":"Cimentacion","IDProducto":491,"NombreProducto":"CONCRETO f\u0027c=200 Ag=20 Rev=14 A1 B","Remision":"M4/89156","CveCiudad":"MTY","NombreVendedor":"BLANCA P. GARZA"},{"Id_Viaje":3038995,"IDPedido":582815,"CargaViaje":7,"IDPlanta":11,"NombrePlantaViaje":"M4-Centro","IDUnidad":173,"NombreUnidad":"CR-165","IDOperador":1758,"NombreOperador":"CESAR MICHEL CARREON","IDEstatusViaje":2,"NombreEstatus":"Entregado","FechaInicio":"2/14/2026 12:00:00 AM","HoraInicio":"07:40","HoraFin":"09:40","IDObra":11302015,"NombreObra":"casa blanca","IDClienteSAE":11302,"NombreCliente":"LUZ DE PARIS","IDUso":2,"NombreUso":"Cimentacion","IDProducto":491,"NombreProducto":"CONCRETO f\u0027c=200 Ag=20 Rev=14 A1 B","Remision":"M4/89157","CveCiudad":"MTY","NombreVendedor":"BLANCA P. GARZA"},{"Id_Viaje":3038997,"IDPedido":582815,"CargaViaje":7,"IDPlanta":11,"NombrePlantaViaje":"M4-Centro","IDUnidad":210,"NombreUnidad":"CR-166","IDOperador":1198,"NombreOperador":"ALEJANDRO TREVIÑO","IDEstatusViaje":2,"NombreEstatus":"Entregado","FechaInicio":"2/14/2026 12:00:00 AM","HoraInicio":"07:50","HoraFin":"09:50","IDObra":11302015,"NombreObra":"casa blanca","IDClienteSAE":11302,"NombreCliente":"LUZ DE PARIS","IDUso":2,"NombreUso":"Cimentacion","IDProducto":491,"NombreProducto":"CONCRETO f\u0027c=200 Ag=20 Rev=14 A1 B","Remision":"M4/89158","CveCiudad":"MTY","NombreVendedor":"BLANCA P. GARZA"},{"Id_Viaje":3039036,"IDPedido":582590,"CargaViaje":7,"IDPlanta":7,"NombrePlantaViaje":"M2-Escobedo","IDUnidad":38,"NombreUnidad":"CR-120","IDOperador":1517,"NombreOperador":"JESUS ALBERTO SAUCEDA","IDEstatusViaje":2,"NombreEstatus":"Entregado","FechaInicio":"2/14/2026 12:00:00 AM","HoraInicio":"08:00","HoraFin":"10:00","IDObra":9997021,"NombreObra":"STK - parque finsa 2","IDClienteSAE":9997,"NombreCliente":"SERVICIOS INDUSTRIALES MIRAMONTES","IDUso":7,"NombreUso":"Firme","IDProducto":485,"NombreProducto":"CONCRETO f\u0027c=250 Ag=20 Rev=10 A1 D","Remision":"M2/79921","CveCiudad":"MTY","NombreVendedor":"ENRIQUE ALVAREZ"},{"Id_Viaje":3039038,"IDPedido":582590,"CargaViaje":7,"IDPlanta":7,"NombrePlantaViaje":"M2-Escobedo","IDUnidad":375,"NombreUnidad":"CR-121","IDOperador":78,"NombreOperador":"CARLOS ALBERTO VILLARREAL","IDEstatusViaje":2,"NombreEstatus":"Entregado","FechaInicio":"2/14/2026 12:00:00 AM","HoraInicio":"08:10","HoraFin":"10:10","IDObra":9997021,"NombreObra":"STK - parque finsa 2","IDClienteSAE":9997,"NombreCliente":"SERVICIOS INDUSTRIALES MIRAMONTES","IDUso":7,"NombreUso":"Firme","IDProducto":485,"NombreProducto":"CONCRETO f\u0027c=250 Ag=20 Rev=10 A1 D","Remision":"M2/79923","CveCiudad":"MTY","NombreVendedor":"ENRIQUE ALVAREZ"},{"Id_Viaje":3039040,"IDPedido":582590,"CargaViaje":7,"IDPlanta":7,"NombrePlantaViaje":"M2-Escobedo","IDUnidad":374,"NombreUnidad":"CR-189","IDOperador":1444,"NombreOperador":"HUMBERTO GONZALEZ","IDEstatusViaje":2,"NombreEstatus":"Entregado","FechaInicio":"2/14/2026 12:00:00 AM","HoraInicio":"08:20","HoraFin":"10:20","IDObra":9997021,"NombreObra":"STK - parque finsa 2","IDClienteSAE":9997,"NombreCliente":"SERVICIOS INDUSTRIALES MIRAMONTES","IDUso":7,"NombreUso":"Firme","IDProducto":485,"NombreProducto":"CONCRETO f\u0027c=250 Ag=20 Rev=10 A1 D","Remision":"M2/79922","CveCiudad":"MTY","NombreVendedor":"ENRIQUE ALVAREZ"},{"Id_Viaje":3039098,"IDPedido":582843,"CargaViaje":6,"IDPlanta":7,"NombrePlantaViaje":"M2-Escobedo","IDUnidad":369,"NombreUnidad":"CR-199","IDOperador":1444,"NombreOperador":"HUMBERTO GONZALEZ","IDEstatusViaje":2,"NombreEstatus":"Entregado","FechaInicio":"2/14/2026 12:00:00 AM","HoraInicio":"07:00","HoraFin":"09:00","IDObra":12191001,"NombreObra":"plaza dominio cumbres","IDClienteSAE":12191,"NombreCliente":"INGENIERIA DE PAVIMENTOS ASFALTICOS Y TOPOGRAFIA","IDUso":5,"NombreUso":"Cordon","IDProducto":1528,"NombreProducto":"CONCRETO f\u0027c=150 Ag=20 Rev=08 A1 D","Remision":"M2/79919","CveCiudad":"MTY","NombreVendedor":"CASA PROGRAMACION"},{"Id_Viaje":3039106,"IDPedido":582730,"CargaViaje":4,"IDPlanta":16,"NombrePlantaViaje":"M6-Juarez","IDUnidad":347,"NombreUnidad":"CR-099","IDOperador":1190,"NombreOperador":"SAUL GUAJARDO","IDEstatusViaje":2,"NombreEstatus":"Entregado","FechaInicio":"2/14/2026 12:00:00 AM","HoraInicio":"07:00","HoraFin":"09:00","IDObra":11686002,"NombreObra":"RAGASA","IDClienteSAE":11686,"NombreCliente":"CINCO AO CONSTRUCCIONES","IDUso":7,"NombreUso":"Firme","IDProducto":483,"NombreProducto":"CONCRETO f\u0027c=200 Ag=20. Rev=10 A1 D","Remision":"M6/67098","CveCiudad":"MTY","NombreVendedor":"SILVIA LOZANO"},{"Id_Viaje":3039138,"IDPedido":582870,"CargaViaje":7,"IDPlanta":19,"NombrePlantaViaje":"M1-Apodaca","IDUnidad":348,"NombreUnidad":"CR-070","IDOperador":1536,"NombreOperador":"JESUS LOPEZ","IDEstatusViaje":2,"NombreEstatus":"Entregado","FechaInicio":"2/14/2026 12:00:00 AM","HoraInicio":"10:00","HoraFin":"12:00","IDObra":11981004,"NombreObra":"STIVA AEROPUERTO - STARION 3","IDClienteSAE":11981,"NombreCliente":"U CITY CONSTRUCCION","IDUso":77,"NombreUso":"Piso Pulido","IDProducto":11547,"NombreProducto":"CONCRETO P/PisoPulido f\u0027c250 Ag20 Rv10 D","Remision":"M1/91167","CveCiudad":"MTY","NombreVendedor":"ENRIQUE ALVAREZ"},{"Id_Viaje":3039140,"IDPedido":582870,"CargaViaje":7,"IDPlanta":19,"NombrePlantaViaje":"M1-Apodaca","IDUnidad":378,"NombreUnidad":"CR-104","IDOperador":1534,"NombreOperador":"MIGUEL ANGEL ZAPATA","IDEstatusViaje":2,"NombreEstatus":"Entregado","FechaInicio":"2/14/2026 12:00:00 AM","HoraInicio":"10:10","HoraFin":"12:10","IDObra":11981004,"NombreObra":"STIVA AEROPUERTO - STARION 3","IDClienteSAE":11981,"NombreCliente":"U CITY CONSTRUCCION","IDUso":77,"NombreUso":"Piso Pulido","IDProducto":11547,"NombreProducto":"CONCRETO P/PisoPulido f\u0027c250 Ag20 Rv10 D","Remision":"M1/91168","CveCiudad":"MTY","NombreVendedor":"ENRIQUE ALVAREZ"},{"Id_Viaje":3039142,"IDPedido":582873,"CargaViaje":7,"IDPlanta":13,"NombrePlantaViaje":"G1- VALLE DE LA MISERICORDIA","IDUnidad":317,"NombreUnidad":"CR-023","IDOperador":481,"NombreOperador":"[LIBRE] LIBRE","IDEstatusViaje":1,"NombreEstatus":"Despachado","FechaInicio":"2/14/2026 12:00:00 AM","HoraInicio":"09:30","HoraFin":"11:30","IDObra":2949006,"NombreObra":"BUGAMBILIA ESQ ORQUIDEA COLONIA AGRICOLA","IDClienteSAE":2949,"NombreCliente":"ESTUDIOS SISTEMAS Y CONSTRUCCIONES","IDUso":8,"NombreUso":"Losa","IDProducto":3279,"NombreProducto":"CONCRETO f\u0027c:200 Ag=10 Rev:10 A1 D","Remision":"G1/70680","CveCiudad":"GDL","NombreVendedor":"MIGUEL BAUTISTA"},{"Id_Viaje":3039144,"IDPedido":582874,"CargaViaje":7,"IDPlanta":31,"NombrePlantaViaje":"G3-Tlajomulco","IDUnidad":316,"NombreUnidad":"CR-013","IDOperador":40,"NombreOperador":"JUAN PABLO ESCOBAR","IDEstatusViaje":1,"NombreEstatus":"Despachado","FechaInicio":"2/14/2026 12:00:00 AM","HoraInicio":"08:00","HoraFin":"10:00","IDObra":4250012,"NombreObra":"zacoalco 2","IDClienteSAE":4250,"NombreCliente":"CONSTRUCTORA SOLURG","IDUso":89,"NombreUso":"Sampeado","IDProducto":11448,"NombreProducto":"CONCRETO f\u0027c=250 Ag=20 Rev=10 D 28","Remision":"G3/49895","CveCiudad":"GDL","NombreVendedor":"RODOLFO ARREDONDO"},{"Id_Viaje":3039146,"IDPedido":582874,"CargaViaje":7,"IDPlanta":31,"NombrePlantaViaje":"G3-Tlajomulco","IDUnidad":190,"NombreUnidad":"CR-081","IDOperador":102,"NombreOperador":"ALFONSO OVALLE","IDEstatusViaje":1,"NombreEstatus":"Despachado","FechaInicio":"2/14/2026 12:00:00 AM","HoraInicio":"08:10","HoraFin":"10:10","IDObra":4250012,"NombreObra":"zacoalco 2","IDClienteSAE":4250,"NombreCliente":"CONSTRUCTORA SOLURG","IDUso":89,"NombreUso":"Sampeado","IDProducto":11448,"NombreProducto":"CONCRETO f\u0027c=250 Ag=20 Rev=10 D 28","Remision":"G3/49896","CveCiudad":"GDL","NombreVendedor":"RODOLFO ARREDONDO"},{"Id_Viaje":3039148,"IDPedido":582874,"CargaViaje":7,"IDPlanta":31,"NombrePlantaViaje":"G3-Tlajomulco","IDUnidad":151,"NombreUnidad":"CR-086","IDOperador":102,"NombreOperador":"ALFONSO OVALLE","IDEstatusViaje":1,"NombreEstatus":"Despachado","FechaInicio":"2/14/2026 12:00:00 AM","HoraInicio":"08:20","HoraFin":"10:20","IDObra":4250012,"NombreObra":"zacoalco 2","IDClienteSAE":4250,"NombreCliente":"CONSTRUCTORA SOLURG","IDUso":89,"NombreUso":"Sampeado","IDProducto":11448,"NombreProducto":"CONCRETO f\u0027c=250 Ag=20 Rev=10 D 28","Remision":"G3/49897","CveCiudad":"GDL","NombreVendedor":"RODOLFO ARREDONDO"},{"Id_Viaje":3039150,"IDPedido":582874,"CargaViaje":7,"IDPlanta":31,"NombrePlantaViaje":"G3-Tlajomulco","IDUnidad":149,"NombreUnidad":"CR-102","IDOperador":102,"NombreOperador":"ALFONSO OVALLE","IDEstatusViaje":1,"NombreEstatus":"Despachado","FechaInicio":"2/14/2026 12:00:00 AM","HoraInicio":"08:30","HoraFin":"10:30","IDObra":4250012,"NombreObra":"zacoalco 2","IDClienteSAE":4250,"NombreCliente":"CONSTRUCTORA SOLURG","IDUso":89,"NombreUso":"Sampeado","IDProducto":11448,"NombreProducto":"CONCRETO f\u0027c=250 Ag=20 Rev=10 D 28","Remision":"G3/49898","CveCiudad":"GDL","NombreVendedor":"RODOLFO ARREDONDO"},{"Id_Viaje":3039152,"IDPedido":582874,"CargaViaje":7,"IDPlanta":31,"NombrePlantaViaje":"G3-Tlajomulco","IDUnidad":150,"NombreUnidad":"CR-109","IDOperador":180,"NombreOperador":"EDUARDO ORTIZ","IDEstatusViaje":1,"NombreEstatus":"Despachado","FechaInicio":"2/14/2026 12:00:00 AM","HoraInicio":"08:40","HoraFin":"10:40","IDObra":4250012,"NombreObra":"zacoalco 2","IDClienteSAE":4250,"NombreCliente":"CONSTRUCTORA SOLURG","IDUso":89,"NombreUso":"Sampeado","IDProducto":11448,"NombreProducto":"CONCRETO f\u0027c=250 Ag=20 Rev=10 D 28","Remision":"G3/49899","CveCiudad":"GDL","NombreVendedor":"RODOLFO ARREDONDO"},{"Id_Viaje":3039154,"IDPedido":582874,"CargaViaje":4,"IDPlanta":31,"NombrePlantaViaje":"G3-Tlajomulco","IDUnidad":191,"NombreUnidad":"CR-111","IDOperador":1635,"NombreOperador":"FERNANDO GIMENEZ","IDEstatusViaje":1,"NombreEstatus":"Despachado","FechaInicio":"2/14/2026 12:00:00 AM","HoraInicio":"08:50","HoraFin":"10:50","IDObra":4250012,"NombreObra":"zacoalco 2","IDClienteSAE":4250,"NombreCliente":"CONSTRUCTORA SOLURG","IDUso":89,"NombreUso":"Sampeado","IDProducto":11448,"NombreProducto":"CONCRETO f\u0027c=250 Ag=20 Rev=10 D 28","Remision":"G3/49900","CveCiudad":"GDL","NombreVendedor":"RODOLFO ARREDONDO"},{"Id_Viaje":3039160,"IDPedido":582875,"CargaViaje":7,"IDPlanta":13,"NombrePlantaViaje":"G1- VALLE DE LA MISERICORDIA","IDUnidad":138,"NombreUnidad":"CR-028","IDOperador":484,"NombreOperador":"[LIBRE] X","IDEstatusViaje":1,"NombreEstatus":"Despachado","FechaInicio":"2/14/2026 12:00:00 AM","HoraInicio":"11:00","HoraFin":"13:00","IDObra":6248002,"NombreObra":"LATERAL CHAPALA","IDClienteSAE":6248,"NombreCliente":"TEKTON GRUPO EMPRESARIAL","IDUso":8,"NombreUso":"Losa","IDProducto":3421,"NombreProducto":"CONCRETO f\u0027c=250 Ag=10 Rev=18 A1 B","Remision":"G1/70685","CveCiudad":"GDL","NombreVendedor":"FEDERICO GARCIA"},{"Id_Viaje":3039188,"IDPedido":582879,"CargaViaje":7,"IDPlanta":36,"NombrePlantaViaje":"Q1-Apaseo","IDUnidad":104,"NombreUnidad":"CR-024","IDOperador":1524,"NombreOperador":"ALEJANDRO VALLEJO","IDEstatusViaje":2,"NombreEstatus":"Entregado","FechaInicio":"2/14/2026 12:00:00 AM","HoraInicio":"06:00","HoraFin":"08:00","IDObra":1366001,"NombreObra":"PLAZA ALAMOS","IDClienteSAE":1366,"NombreCliente":"GRUPO RESTAURANTERO OPUS","IDUso":11,"NombreUso":"Piso","IDProducto":10510,"NombreProducto":"CONCRETO MR=38 Ag=40 Rev=10 D 28","Remision":"Q1/11503","CveCiudad":"QRO","NombreVendedor":"MIGUEL ANGEL GUTIERREZ"},{"Id_Viaje":3039190,"IDPedido":582879,"CargaViaje":7,"IDPlanta":36,"NombrePlantaViaje":"Q1-Apaseo","IDUnidad":266,"NombreUnidad":"CR-136","IDOperador":1585,"NombreOperador":"CARLOS ANTONIO VILLALVA","IDEstatusViaje":2,"NombreEstatus":"Entregado","FechaInicio":"2/14/2026 12:00:00 AM","HoraInicio":"06:10","HoraFin":"08:10","IDObra":1366001,"NombreObra":"PLAZA ALAMOS","IDClienteSAE":1366,"NombreCliente":"GRUPO RESTAURANTERO OPUS","IDUso":11,"NombreUso":"Piso","IDProducto":10510,"NombreProducto":"CONCRETO MR=38 Ag=40 Rev=10 D 28","Remision":"Q1/11504","CveCiudad":"QRO","NombreVendedor":"MIGUEL ANGEL GUTIERREZ"},{"Id_Viaje":3039192,"IDPedido":582879,"CargaViaje":7,"IDPlanta":36,"NombrePlantaViaje":"Q1-Apaseo","IDUnidad":268,"NombreUnidad":"CR-137","IDOperador":1684,"NombreOperador":"BENJAMIN ROMAN","IDEstatusViaje":2,"NombreEstatus":"Entregado","FechaInicio":"2/14/2026 12:00:00 AM","HoraInicio":"06:20","HoraFin":"08:20","IDObra":1366001,"NombreObra":"PLAZA ALAMOS","IDClienteSAE":1366,"NombreCliente":"GRUPO RESTAURANTERO OPUS","IDUso":11,"NombreUso":"Piso","IDProducto":10510,"NombreProducto":"CONCRETO MR=38 Ag=40 Rev=10 D 28","Remision":"Q1/11505","CveCiudad":"QRO","NombreVendedor":"MIGUEL ANGEL GUTIERREZ"},{"Id_Viaje":3039194,"IDPedido":582879,"CargaViaje":7,"IDPlanta":36,"NombrePlantaViaje":"Q1-Apaseo","IDUnidad":383,"NombreUnidad":"CR-188","IDOperador":1655,"NombreOperador":"CARLOS ALARCÓN","IDEstatusViaje":2,"NombreEstatus":"Entregado","FechaInicio":"2/14/2026 12:00:00 AM","HoraInicio":"06:30","HoraFin":"08:30","IDObra":1366001,"NombreObra":"PLAZA ALAMOS","IDClienteSAE":1366,"NombreCliente":"GRUPO RESTAURANTERO OPUS","IDUso":11,"NombreUso":"Piso","IDProducto":10510,"NombreProducto":"CONCRETO MR=38 Ag=40 Rev=10 D 28","Remision":"Q1/11506","CveCiudad":"QRO","NombreVendedor":"MIGUEL ANGEL GUTIERREZ"},{"Id_Viaje":3039196,"IDPedido":582880,"CargaViaje":7,"IDPlanta":34,"NombrePlantaViaje":"A2-San Francisco","IDUnidad":122,"NombreUnidad":"CR-043-","IDOperador":1067,"NombreOperador":"JUAN HUMBERTO MARQUEZ","IDEstatusViaje":1,"NombreEstatus":"Despachado","FechaInicio":"2/14/2026 12:00:00 AM","HoraInicio":"07:00","HoraFin":"09:00","IDObra":4922002,"NombreObra":"BELANTA","IDClienteSAE":4922,"NombreCliente":"LIVING GARCAM","IDUso":1,"NombreUso":"Banqueta","IDProducto":1014,"NombreProducto":"CONCRETO f\u0027c:200 Ag=20. Rev: 10 A1 D","Remision":"A2/41599","CveCiudad":"AGS","NombreVendedor":"HECTOR VILLANUEVA"},{"Id_Viaje":3039198,"IDPedido":582881,"CargaViaje":7,"IDPlanta":34,"NombrePlantaViaje":"A2-San Francisco","IDUnidad":350,"NombreUnidad":"CR-047","IDOperador":1076,"NombreOperador":"EZEQUIEL SANDOVAL","IDEstatusViaje":1,"NombreEstatus":"Despachado","FechaInicio":"2/14/2026 12:00:00 AM","HoraInicio":"07:00","HoraFin":"09:00","IDObra":3381016,"NombreObra":"VIÑEDOS RIVIER","IDClienteSAE":3381,"NombreCliente":"CAMILO ROMO LOPEZ","IDUso":8,"NombreUso":"Losa","IDProducto":1022,"NombreProducto":"CONCRETO f\u0027c:200 Ag=20 Rev:14 A1 B","Remision":"A2/41600","CveCiudad":"AGS","NombreVendedor":"CASA CASA"},{"Id_Viaje":3039200,"IDPedido":582882,"CargaViaje":5,"IDPlanta":36,"NombrePlantaViaje":"Q1-Apaseo","IDUnidad":260,"NombreUnidad":"CR-206","IDOperador":1484,"NombreOperador":"JOSE HIPOLITO MEJIA","IDEstatusViaje":2,"NombreEstatus":"Entregado","FechaInicio":"2/14/2026 12:00:00 AM","HoraInicio":"07:00","HoraFin":"09:00","IDObra":313001,"NombreObra":"HACIENDA SUR","IDClienteSAE":313,"NombreCliente":"VALLE DE LOS MEZQUITES","IDUso":2,"NombreUso":"Cimentacion","IDProducto":4351,"NombreProducto":"CONCRETO f\u0027c=200 Ag=20 Rev=10 D 28","Remision":"Q1/11507","CveCiudad":"QRO","NombreVendedor":"YIMI EDUARDO VAZQUEZ"},{"Id_Viaje":3039206,"IDPedido":582894,"CargaViaje":7,"IDPlanta":30,"NombrePlantaViaje":"P1-Coronango","IDUnidad":195,"NombreUnidad":"CR-158","IDOperador":1006,"NombreOperador":"VICTOR MANUEL HERNANDEZ","IDEstatusViaje":1,"NombreEstatus":"Despachado","FechaInicio":"2/14/2026 12:00:00 AM","HoraInicio":"07:00","HoraFin":"09:00","IDObra":845011,"NombreObra":"fracc platiniO","IDClienteSAE":845,"NombreCliente":"GRUPO BRECASA","IDUso":8,"NombreUso":"Losa","IDProducto":11089,"NombreProducto":"CONCRETO f\u0027c=200 Ag=10 Rev=14 B 28","Remision":"P1/38570","CveCiudad":"PUE","NombreVendedor":"VENDEDOR PUEBLA ."},{"Id_Viaje":3039208,"IDPedido":582894,"CargaViaje":7,"IDPlanta":30,"NombrePlantaViaje":"P1-Coronango","IDUnidad":196,"NombreUnidad":"CR-159","IDOperador":1013,"NombreOperador":"ALEJANDRO ARCE","IDEstatusViaje":1,"NombreEstatus":"Despachado","FechaInicio":"2/14/2026 12:00:00 AM","HoraInicio":"07:10","HoraFin":"09:10","IDObra":845011,"NombreObra":"fracc platiniO","IDClienteSAE":845,"NombreCliente":"GRUPO BRECASA","IDUso":8,"NombreUso":"Losa","IDProducto":11089,"NombreProducto":"CONCRETO f\u0027c=200 Ag=10 Rev=14 B 28","Remision":"P1/38571","CveCiudad":"PUE","NombreVendedor":"VENDEDOR PUEBLA ."},{"Id_Viaje":3039210,"IDPedido":582894,"CargaViaje":7,"IDPlanta":30,"NombrePlantaViaje":"P1-Coronango","IDUnidad":197,"NombreUnidad":"CR-160","IDOperador":1016,"NombreOperador":"FRANCISCO MANUEL PARDO","IDEstatusViaje":1,"NombreEstatus":"Despachado","FechaInicio":"2/14/2026 12:00:00 AM","HoraInicio":"07:20","HoraFin":"09:20","IDObra":845011,"NombreObra":"fracc platiniO","IDClienteSAE":845,"NombreCliente":"GRUPO BRECASA","IDUso":8,"NombreUso":"Losa","IDProducto":11089,"NombreProducto":"CONCRETO f\u0027c=200 Ag=10 Rev=14 B 28","Remision":"P1/38572","CveCiudad":"PUE","NombreVendedor":"VENDEDOR PUEBLA ."},{"Id_Viaje":3039212,"IDPedido":582894,"CargaViaje":7,"IDPlanta":30,"NombrePlantaViaje":"P1-Coronango","IDUnidad":198,"NombreUnidad":"CR-161","IDOperador":1008,"NombreOperador":"CARLOS ARMAS","IDEstatusViaje":1,"NombreEstatus":"Despachado","FechaInicio":"2/14/2026 12:00:00 AM","HoraInicio":"07:30","HoraFin":"09:30","IDObra":845011,"NombreObra":"fracc platiniO","IDClienteSAE":845,"NombreCliente":"GRUPO BRECASA","IDUso":8,"NombreUso":"Losa","IDProducto":11089,"NombreProducto":"CONCRETO f\u0027c=200 Ag=10 Rev=14 B 28","Remision":"P1/38573","CveCiudad":"PUE","NombreVendedor":"VENDEDOR PUEBLA ."},{"Id_Viaje":3039214,"IDPedido":582895,"CargaViaje":2,"IDPlanta":30,"NombrePlantaViaje":"P1-Coronango","IDUnidad":199,"NombreUnidad":"CR-162","IDOperador":1005,"NombreOperador":"DAVID FLORES","IDEstatusViaje":1,"NombreEstatus":"Despachado","FechaInicio":"2/14/2026 12:00:00 AM","HoraInicio":"09:00","HoraFin":"11:00","IDObra":1211008,"NombreObra":"JARDINES DEL ameyal","IDClienteSAE":1211,"NombreCliente":"OPERADORA ALTUS","IDUso":21,"NombreUso":"Castillos","IDProducto":11315,"NombreProducto":"CONCRETO f\u0027c=200 Ag=10 Rev=14 D 28","Remision":"P1/38574","CveCiudad":"PUE","NombreVendedor":"VENDEDOR PUEBLA ."},{"Id_Viaje":3039216,"IDPedido":582899,"CargaViaje":5,"IDPlanta":7,"NombrePlantaViaje":"M2-Escobedo","IDUnidad":339,"NombreUnidad":"CR- 243","IDOperador":1552,"NombreOperador":"JOSE ISAIAS ROCHA","IDEstatusViaje":2,"NombreEstatus":"Entregado","FechaInicio":"2/14/2026 12:00:00 AM","HoraInicio":"11:00","HoraFin":"13:00","IDObra":1534016,"NombreObra":"PLANTA MOYEDA","IDClienteSAE":1534,"NombreCliente":"CONSTRUCTORA MOYEDA","IDUso":7,"NombreUso":"Firme","IDProducto":551,"NombreProducto":"CONCRETO f\u0027c=250 Ag=20 Rev=14 A1 D","Remision":"M2/79926","CveCiudad":"MTY","NombreVendedor":"CASA PROGRAMACION"},{"Id_Viaje":3039218,"IDPedido":582896,"CargaViaje":7,"IDPlanta":34,"NombrePlantaViaje":"A2-San Francisco","IDUnidad":48,"NombreUnidad":"CR-063 ZRB","IDOperador":1500,"NombreOperador":"RICARDO CHAVEZ","IDEstatusViaje":1,"NombreEstatus":"Despachado","FechaInicio":"2/14/2026 12:00:00 AM","HoraInicio":"08:00","HoraFin":"10:00","IDObra":4510002,"NombreObra":"CONSTITUCION","IDClienteSAE":4510,"NombreCliente":"MARIA MAGDALENA CULEBRO PINTO","IDUso":7,"NombreUso":"Firme","IDProducto":11921,"NombreProducto":"CONCRETO f\u0027c=280 Ag=20 Rev=10 D 28","Remision":"A2/41601","CveCiudad":"AGS","NombreVendedor":"HECTOR VILLANUEVA"},{"Id_Viaje":3039220,"IDPedido":582900,"CargaViaje":4,"IDPlanta":19,"NombrePlantaViaje":"M1-Apodaca","IDUnidad":144,"NombreUnidad":"CR-060","IDOperador":1535,"NombreOperador":"CRUZ HUMBERTO TREVIÑO","IDEstatusViaje":2,"NombreEstatus":"Entregado","FechaInicio":"2/14/2026 12:00:00 AM","HoraInicio":"06:30","HoraFin":"08:30","IDObra":11686002,"NombreObra":"RAGASA","IDClienteSAE":11686,"NombreCliente":"CINCO AO CONSTRUCCIONES","IDUso":7,"NombreUso":"Firme","IDProducto":4676,"NombreProducto":"CONCRETO f\u0027c=200 Ag=20. Rev=10 A1 D","Remision":"M1/91165","CveCiudad":"MTY","NombreVendedor":"SILVIA LOZANO"},{"Id_Viaje":3039224,"IDPedido":582902,"CargaViaje":7,"IDPlanta":36,"NombrePlantaViaje":"Q1-Apaseo","IDUnidad":274,"NombreUnidad":"CR-208","IDOperador":1647,"NombreOperador":"JOSE GUADALUPE LEDESMA","IDEstatusViaje":2,"NombreEstatus":"Entregado","FechaInicio":"2/14/2026 12:00:00 AM","HoraInicio":"08:00","HoraFin":"10:00","IDObra":1391001,"NombreObra":"SANTA MARIA MAGDALENA","IDClienteSAE":1391,"NombreCliente":"ISAAC PEREZ ORTIZ","IDUso":8,"NombreUso":"Losa","IDProducto":4409,"NombreProducto":"CONCRETO f\u0027c=250 Ag=20 Rev=14 B 28","Remision":"Q1/11508","CveCiudad":"QRO","NombreVendedor":"MIGUEL ANGEL GUTIERREZ"},{"Id_Viaje":3039226,"IDPedido":582902,"CargaViaje":2.5,"IDPlanta":36,"NombrePlantaViaje":"Q1-Apaseo","IDUnidad":266,"NombreUnidad":"CR-136","IDOperador":1585,"NombreOperador":"CARLOS ANTONIO VILLALVA","IDEstatusViaje":2,"NombreEstatus":"Entregado","FechaInicio":"2/14/2026 12:00:00 AM","HoraInicio":"08:10","HoraFin":"10:10","IDObra":1391001,"NombreObra":"SANTA MARIA MAGDALENA","IDClienteSAE":1391,"NombreCliente":"ISAAC PEREZ ORTIZ","IDUso":8,"NombreUso":"Losa","IDProducto":4409,"NombreProducto":"CONCRETO f\u0027c=250 Ag=20 Rev=14 B 28","Remision":"Q1/11510","CveCiudad":"QRO","NombreVendedor":"MIGUEL ANGEL GUTIERREZ"},{"Id_Viaje":3039240,"IDPedido":582878,"CargaViaje":7,"IDPlanta":13,"NombrePlantaViaje":"G1- VALLE DE LA MISERICORDIA","IDUnidad":90,"NombreUnidad":"CR-115","IDOperador":1732,"NombreOperador":"FRANCISCO BELTRAN","IDEstatusViaje":1,"NombreEstatus":"Despachado","FechaInicio":"2/14/2026 12:00:00 AM","HoraInicio":"09:10","HoraFin":"11:10","IDObra":2949006,"NombreObra":"BUGAMBILIA ESQ ORQUIDEA COLONIA AGRICOLA","IDClienteSAE":2949,"NombreCliente":"ESTUDIOS SISTEMAS Y CONSTRUCCIONES","IDUso":8,"NombreUso":"Losa","IDProducto":2773,"NombreProducto":"CONCRETO MR:45 Ag=40 Rev:10 A1 D","Remision":"G1/70682","CveCiudad":"GDL","NombreVendedor":"MIGUEL BAUTISTA"},{"Id_Viaje":3039242,"IDPedido":582878,"CargaViaje":7,"IDPlanta":13,"NombrePlantaViaje":"G1- VALLE DE LA MISERICORDIA","IDUnidad":99,"NombreUnidad":"CR-119","IDOperador":704,"NombreOperador":"JUAN ISRAEL TORRES","IDEstatusViaje":1,"NombreEstatus":"Despachado","FechaInicio":"2/14/2026 12:00:00 AM","HoraInicio":"09:20","HoraFin":"11:20","IDObra":2949006,"NombreObra":"BUGAMBILIA ESQ ORQUIDEA COLONIA AGRICOLA","IDClienteSAE":2949,"NombreCliente":"ESTUDIOS SISTEMAS Y CONSTRUCCIONES","IDUso":8,"NombreUso":"Losa","IDProducto":2773,"NombreProducto":"CONCRETO MR:45 Ag=40 Rev:10 A1 D","Remision":"G1/70683","CveCiudad":"GDL","NombreVendedor":"MIGUEL BAUTISTA"},{"Id_Viaje":3039248,"IDPedido":582883,"CargaViaje":4,"IDPlanta":20,"NombrePlantaViaje":"A1-Ojo Caliente","IDUnidad":48,"NombreUnidad":"CR-063 ZRB","IDOperador":1500,"NombreOperador":"RICARDO CHAVEZ","IDEstatusViaje":1,"NombreEstatus":"Despachado","FechaInicio":"2/14/2026 12:00:00 AM","HoraInicio":"00:00","HoraFin":"02:00","IDObra":2820038,"NombreObra":"GPE PERALTA","IDClienteSAE":2820,"NombreCliente":"URBANIZACIONES ARGU","IDUso":15,"NombreUso":"Zapatas","IDProducto":2546,"NombreProducto":"CONCRETO f\u0027c:250 Ag=20 Rev:10 A1 D","Remision":"A1/96472","CveCiudad":"AGS","NombreVendedor":"CASA CASA"},{"Id_Viaje":3039250,"IDPedido":582884,"CargaViaje":2,"IDPlanta":20,"NombrePlantaViaje":"A1-Ojo Caliente","IDUnidad":108,"NombreUnidad":"CR-098 2RD","IDOperador":1503,"NombreOperador":"ALBERTO HERNANDEZ","IDEstatusViaje":1,"NombreEstatus":"Despachado","FechaInicio":"2/14/2026 12:00:00 AM","HoraInicio":"00:10","HoraFin":"02:10","IDObra":2820040,"NombreObra":"HEROE INMORTAL","IDClienteSAE":2820,"NombreCliente":"URBANIZACIONES ARGU","IDUso":1,"NombreUso":"Banqueta","IDProducto":1014,"NombreProducto":"CONCRETO f\u0027c:200 Ag=20. Rev: 10 A1 D","Remision":"A1/96474","CveCiudad":"AGS","NombreVendedor":"CASA CASA"},{"Id_Viaje":3039252,"IDPedido":582238,"CargaViaje":4.5,"IDPlanta":16,"NombrePlantaViaje":"M6-Juarez","IDUnidad":231,"NombreUnidad":"CR-151","IDOperador":1581,"NombreOperador":"FRANCISCO JAVIER GONZALEZ","IDEstatusViaje":2,"NombreEstatus":"Entregado","FechaInicio":"2/14/2026 12:00:00 AM","HoraInicio":"08:30","HoraFin":"10:30","IDObra":12040002,"NombreObra":"dalias ii residencial","IDClienteSAE":12040,"NombreCliente":"BLANCA NELLY HERRERA FLORES","IDUso":8,"NombreUso":"Losa","IDProducto":513,"NombreProducto":"CONCRETO f\u0027c=200 Ag=20 Rev=14 A1 D","Remision":"M6/67101","CveCiudad":"MTY","NombreVendedor":"OMAR HECTOR ARTEAGA"},{"Id_Viaje":3039254,"IDPedido":582879,"CargaViaje":6.5,"IDPlanta":36,"NombrePlantaViaje":"Q1-Apaseo","IDUnidad":382,"NombreUnidad":"CR-9RH","IDOperador":1586,"NombreOperador":"RAMIRO HERNANDEZ","IDEstatusViaje":2,"NombreEstatus":"Entregado","FechaInicio":"2/14/2026 12:00:00 AM","HoraInicio":"06:00","HoraFin":"08:00","IDObra":1366001,"NombreObra":"PLAZA ALAMOS","IDClienteSAE":1366,"NombreCliente":"GRUPO RESTAURANTERO OPUS","IDUso":11,"NombreUso":"Piso","IDProducto":10510,"NombreProducto":"CONCRETO MR=38 Ag=40 Rev=10 D 28","Remision":"Q1/11509","CveCiudad":"QRO","NombreVendedor":"MIGUEL ANGEL GUTIERREZ"},{"Id_Viaje":3039256,"IDPedido":582903,"CargaViaje":7,"IDPlanta":19,"NombrePlantaViaje":"M1-Apodaca","IDUnidad":233,"NombreUnidad":"CR-152","IDOperador":1529,"NombreOperador":"ENRIQUE YESCAS","IDEstatusViaje":2,"NombreEstatus":"Entregado","FechaInicio":"2/14/2026 12:00:00 AM","HoraInicio":"12:00","HoraFin":"14:00","IDObra":11623002,"NombreObra":"sungwoo hitech apartament","IDClienteSAE":11623,"NombreCliente":"TAEINS MEXICO","IDUso":1,"NombreUso":"Banqueta","IDProducto":483,"NombreProducto":"CONCRETO f\u0027c=200 Ag=20. Rev=10 A1 D","Remision":"M1/91169","CveCiudad":"MTY","NombreVendedor":"CASA PROGRAMACION"},{"Id_Viaje":3039258,"IDPedido":582897,"CargaViaje":7.5,"IDPlanta":34,"NombrePlantaViaje":"A2-San Francisco","IDUnidad":113,"NombreUnidad":"CR-140 CRE","IDOperador":1501,"NombreOperador":"ANTONIO NAVARRO","IDEstatusViaje":1,"NombreEstatus":"Despachado","FechaInicio":"2/14/2026 12:00:00 AM","HoraInicio":"09:00","HoraFin":"11:00","IDObra":2983007,"NombreObra":"LA CARTUJA","IDClienteSAE":2983,"NombreCliente":"GRUPO CONSTRUCTOR LUMAVI","IDUso":2,"NombreUso":"Cimentacion","IDProducto":1014,"NombreProducto":"CONCRETO f\u0027c:200 Ag=20. Rev: 10 A1 D","Remision":"A2/41602","CveCiudad":"AGS","NombreVendedor":"CASA CASA"},{"Id_Viaje":3039262,"IDPedido":582889,"CargaViaje":4.5,"IDPlanta":20,"NombrePlantaViaje":"A1-Ojo Caliente","IDUnidad":295,"NombreUnidad":"CR-065","IDOperador":675,"NombreOperador":"JUAN ANTONIO HERRERA","IDEstatusViaje":1,"NombreEstatus":"Despachado","FechaInicio":"2/14/2026 12:00:00 AM","HoraInicio":"00:20","HoraFin":"02:20","IDObra":4071001,"NombreObra":"colinas de san patricio","IDClienteSAE":4071,"NombreCliente":"SERVICIOS DE VIVIENDA","IDUso":2,"NombreUso":"Cimentacion","IDProducto":1014,"NombreProducto":"CONCRETO f\u0027c:200 Ag=20. Rev: 10 A1 D","Remision":"A1/96473","CveCiudad":"AGS","NombreVendedor":"CASA CASA"},{"Id_Viaje":3039286,"IDPedido":582896,"CargaViaje":5.5,"IDPlanta":34,"NombrePlantaViaje":"A2-San Francisco","IDUnidad":295,"NombreUnidad":"CR-065","IDOperador":675,"NombreOperador":"JUAN ANTONIO HERRERA","IDEstatusViaje":1,"NombreEstatus":"Despachado","FechaInicio":"2/14/2026 12:00:00 AM","HoraInicio":"10:10","HoraFin":"12:10","IDObra":4510002,"NombreObra":"CONSTITUCION","IDClienteSAE":4510,"NombreCliente":"MARIA MAGDALENA CULEBRO PINTO","IDUso":7,"NombreUso":"Firme","IDProducto":11921,"NombreProducto":"CONCRETO f\u0027c=280 Ag=20 Rev=10 D 28","Remision":"A2/41603","CveCiudad":"AGS","NombreVendedor":"HECTOR VILLANUEVA"},{"Id_Viaje":3039307,"IDPedido":582890,"CargaViaje":4.5,"IDPlanta":20,"NombrePlantaViaje":"A1-Ojo Caliente","IDUnidad":115,"NombreUnidad":"CR-069","IDOperador":209,"NombreOperador":"MARCO DE LEON","IDEstatusViaje":1,"NombreEstatus":"Despachado","FechaInicio":"2/14/2026 12:00:00 AM","HoraInicio":"00:50","HoraFin":"02:50","IDObra":4071001,"NombreObra":"colinas de san patricio","IDClienteSAE":4071,"NombreCliente":"SERVICIOS DE VIVIENDA","IDUso":2,"NombreUso":"Cimentacion","IDProducto":1014,"NombreProducto":"CONCRETO f\u0027c:200 Ag=20. Rev: 10 A1 D","Remision":"A1/96475","CveCiudad":"AGS","NombreVendedor":"CASA CASA"},{"Id_Viaje":3039309,"IDPedido":582891,"CargaViaje":5.5,"IDPlanta":20,"NombrePlantaViaje":"A1-Ojo Caliente","IDUnidad":107,"NombreUnidad":"CR-050","IDOperador":677,"NombreOperador":"EDMUNDO DE LOERA","IDEstatusViaje":1,"NombreEstatus":"Despachado","FechaInicio":"2/14/2026 12:00:00 AM","HoraInicio":"01:10","HoraFin":"03:10","IDObra":4071001,"NombreObra":"colinas de san patricio","IDClienteSAE":4071,"NombreCliente":"SERVICIOS DE VIVIENDA","IDUso":19,"NombreUso":"Loza de Entrepiso","IDProducto":1022,"NombreProducto":"CONCRETO f\u0027c:200 Ag=20 Rev:14 A1 B","Remision":"A1/96476","CveCiudad":"AGS","NombreVendedor":"CASA CASA"},{"Id_Viaje":3039311,"IDPedido":582898,"CargaViaje":3.5,"IDPlanta":34,"NombrePlantaViaje":"A2-San Francisco","IDUnidad":328,"NombreUnidad":"CR-178","IDOperador":916,"NombreOperador":"CESAR DIAZ DE LEON","IDEstatusViaje":1,"NombreEstatus":"Despachado","FechaInicio":"2/14/2026 12:00:00 AM","HoraInicio":"11:00","HoraFin":"13:00","IDObra":4955005,"NombreObra":"META","IDClienteSAE":4955,"NombreCliente":"CONSTRUCTORA DOVERA","IDUso":39,"NombreUso":"Dado","IDProducto":2549,"NombreProducto":"CONCRETO f\u0027c:250 Ag=20 Rev:10 RR3 D","Remision":"A2/41604","CveCiudad":"AGS","NombreVendedor":"HECTOR VILLANUEVA"},{"Id_Viaje":3039313,"IDPedido":582520,"CargaViaje":1.5,"IDPlanta":16,"NombrePlantaViaje":"M6-Juarez","IDUnidad":315,"NombreUnidad":"CR-232","IDOperador":1452,"NombreOperador":"VICTOR LOPEZ","IDEstatusViaje":2,"NombreEstatus":"Entregado","FechaInicio":"2/14/2026 12:00:00 AM","HoraInicio":"23:30","HoraFin":"01:30","IDObra":8808027,"NombreObra":"patio lermas","IDClienteSAE":8808,"NombreCliente":"PAVIMENTOS CONSERVACION Y MICROSUPERFICIE","IDUso":7,"NombreUso":"Firme","IDProducto":513,"NombreProducto":"CONCRETO f\u0027c=200 Ag=20 Rev=14 A1 D","Remision":"M6/67102","CveCiudad":"MTY","NombreVendedor":"CESAR LUNA"},{"Id_Viaje":3039315,"IDPedido":582590,"CargaViaje":4,"IDPlanta":7,"NombrePlantaViaje":"M2-Escobedo","IDUnidad":315,"NombreUnidad":"CR-232","IDOperador":1452,"NombreOperador":"VICTOR LOPEZ","IDEstatusViaje":2,"NombreEstatus":"Entregado","FechaInicio":"2/14/2026 12:00:00 AM","HoraInicio":"23:30","HoraFin":"01:30","IDObra":9997021,"NombreObra":"STK - parque finsa 2","IDClienteSAE":9997,"NombreCliente":"SERVICIOS INDUSTRIALES MIRAMONTES","IDUso":7,"NombreUso":"Firme","IDProducto":485,"NombreProducto":"CONCRETO f\u0027c=250 Ag=20 Rev=10 A1 D","Remision":"M2/79925","CveCiudad":"MTY","NombreVendedor":"ENRIQUE ALVAREZ"},{"Id_Viaje":3039317,"IDPedido":582936,"CargaViaje":1,"IDPlanta":20,"NombrePlantaViaje":"A1-Ojo Caliente","IDUnidad":116,"NombreUnidad":"CR-098","IDOperador":44,"NombreOperador":"ALBERTO HERRERA","IDEstatusViaje":1,"NombreEstatus":"Despachado","FechaInicio":"2/14/2026 12:00:00 AM","HoraInicio":"01:20","HoraFin":"03:20","IDObra":2820038,"NombreObra":"GPE PERALTA","IDClienteSAE":2820,"NombreCliente":"URBANIZACIONES ARGU","IDUso":32,"NombreUso":"Guarnicion","IDProducto":2546,"NombreProducto":"CONCRETO f\u0027c:250 Ag=20 Rev:10 A1 D","Remision":"A1/96477","CveCiudad":"AGS","NombreVendedor":"CASA CASA"},{"Id_Viaje":3039328,"IDPedido":582902,"CargaViaje":2,"IDPlanta":36,"NombrePlantaViaje":"Q1-Apaseo","IDUnidad":382,"NombreUnidad":"CR-9RH","IDOperador":1586,"NombreOperador":"RAMIRO HERNANDEZ","IDEstatusViaje":2,"NombreEstatus":"Entregado","FechaInicio":"2/14/2026 12:00:00 AM","HoraInicio":"08:00","HoraFin":"10:00","IDObra":1391001,"NombreObra":"SANTA MARIA MAGDALENA","IDClienteSAE":1391,"NombreCliente":"ISAAC PEREZ ORTIZ","IDUso":8,"NombreUso":"Losa","IDProducto":4409,"NombreProducto":"CONCRETO f\u0027c=250 Ag=20 Rev=14 B 28","Remision":"Q1/11511","CveCiudad":"QRO","NombreVendedor":"MIGUEL ANGEL GUTIERREZ"},{"Id_Viaje":3039337,"IDPedido":582786,"CargaViaje":7,"IDPlanta":16,"NombrePlantaViaje":"M6-Juarez","IDUnidad":209,"NombreUnidad":"CR-169","IDOperador":1226,"NombreOperador":"FRANCISCO JAVIER ARAUJO RAMOS","IDEstatusViaje":2,"NombreEstatus":"Entregado","FechaInicio":"2/14/2026 12:00:00 AM","HoraInicio":"10:30","HoraFin":"12:30","IDObra":8153024,"NombreObra":"VISTAS DEL SEMINARIO","IDClienteSAE":8153,"NombreCliente":"CONSTRUCTORA OBREGON FERNANDEZ","IDUso":2,"NombreUso":"Cimentacion","IDProducto":575,"NombreProducto":"CONCRETO f\u0027c=200 Ag=20 Rev=12 A1 D","Remision":"M6/67103","CveCiudad":"MTY","NombreVendedor":"CESAR LUNA"},{"Id_Viaje":3039339,"IDPedido":582786,"CargaViaje":6,"IDPlanta":16,"NombrePlantaViaje":"M6-Juarez","IDUnidad":338,"NombreUnidad":"CR-204","IDOperador":1117,"NombreOperador":"JUAN FERNANDO TOBIAS","IDEstatusViaje":2,"NombreEstatus":"Entregado","FechaInicio":"2/14/2026 12:00:00 AM","HoraInicio":"10:40","HoraFin":"12:40","IDObra":8153024,"NombreObra":"VISTAS DEL SEMINARIO","IDClienteSAE":8153,"NombreCliente":"CONSTRUCTORA OBREGON FERNANDEZ","IDUso":2,"NombreUso":"Cimentacion","IDProducto":575,"NombreProducto":"CONCRETO f\u0027c=200 Ag=20 Rev=12 A1 D","Remision":"M6/67105","CveCiudad":"MTY","NombreVendedor":"CESAR LUNA"},{"Id_Viaje":3039343,"IDPedido":582893,"CargaViaje":4.5,"IDPlanta":20,"NombrePlantaViaje":"A1-Ojo Caliente","IDUnidad":122,"NombreUnidad":"CR-043-","IDOperador":1067,"NombreOperador":"JUAN HUMBERTO MARQUEZ","IDEstatusViaje":1,"NombreEstatus":"Despachado","FechaInicio":"2/14/2026 12:00:00 AM","HoraInicio":"03:00","HoraFin":"05:00","IDObra":4582002,"NombreObra":"PASEOS DEL SUR","IDClienteSAE":4582,"NombreCliente":"CASAS JAVER","IDUso":1,"NombreUso":"Banqueta","IDProducto":1012,"NombreProducto":"CONCRETO f\u0027c:150 Ag=20 Rev:10 A1 D","Remision":"A1/96478","CveCiudad":"AGS","NombreVendedor":"HECTOR VILLANUEVA"},{"Id_Viaje":3039347,"IDPedido":582870,"CargaViaje":3,"IDPlanta":19,"NombrePlantaViaje":"M1-Apodaca","IDUnidad":371,"NombreUnidad":"CR-008","IDOperador":1199,"NombreOperador":"GABRIEL RIVERA","IDEstatusViaje":2,"NombreEstatus":"Entregado","FechaInicio":"2/14/2026 12:00:00 AM","HoraInicio":"23:20","HoraFin":"23:50","IDObra":11981004,"NombreObra":"STIVA AEROPUERTO - STARION 3","IDClienteSAE":11981,"NombreCliente":"U CITY CONSTRUCCION","IDUso":77,"NombreUso":"Piso Pulido","IDProducto":11547,"NombreProducto":"CONCRETO P/PisoPulido f\u0027c250 Ag20 Rv10 D","Remision":"M1/91170","CveCiudad":"MTY","NombreVendedor":"ENRIQUE ALVAREZ"},{"Id_Viaje":3039351,"IDPedido":582892,"CargaViaje":7.5,"IDPlanta":20,"NombrePlantaViaje":"A1-Ojo Caliente","IDUnidad":48,"NombreUnidad":"CR-063 ZRB","IDOperador":1500,"NombreOperador":"RICARDO CHAVEZ","IDEstatusViaje":1,"NombreEstatus":"Despachado","FechaInicio":"2/14/2026 12:00:00 AM","HoraInicio":"04:00","HoraFin":"06:00","IDObra":5023001,"NombreObra":"AVADÍA","IDClienteSAE":5023,"NombreCliente":"NOE HERNANDEZ GUAJARDO","IDUso":8,"NombreUso":"Losa","IDProducto":1042,"NombreProducto":"CONCRETO f\u0027c:250 Ag=20 Rev:14 A1 B","Remision":"A1/96479","CveCiudad":"AGS","NombreVendedor":"HECTOR VILLANUEVA"},{"Id_Viaje":3039353,"IDPedido":582892,"CargaViaje":7.5,"IDPlanta":20,"NombrePlantaViaje":"A1-Ojo Caliente","IDUnidad":108,"NombreUnidad":"CR-098 2RD","IDOperador":1503,"NombreOperador":"ALBERTO HERNANDEZ","IDEstatusViaje":1,"NombreEstatus":"Despachado","FechaInicio":"2/14/2026 12:00:00 AM","HoraInicio":"04:10","HoraFin":"06:10","IDObra":5023001,"NombreObra":"AVADÍA","IDClienteSAE":5023,"NombreCliente":"NOE HERNANDEZ GUAJARDO","IDUso":8,"NombreUso":"Losa","IDProducto":1042,"NombreProducto":"CONCRETO f\u0027c:250 Ag=20 Rev:14 A1 B","Remision":"A1/96480","CveCiudad":"AGS","NombreVendedor":"HECTOR VILLANUEVA"},{"Id_Viaje":3039451,"IDPedido":582929,"CargaViaje":6,"IDPlanta":31,"NombrePlantaViaje":"G3-Tlajomulco","IDUnidad":321,"NombreUnidad":"CR-138","IDOperador":102,"NombreOperador":"ALFONSO OVALLE","IDEstatusViaje":1,"NombreEstatus":"Despachado","FechaInicio":"2/14/2026 12:00:00 AM","HoraInicio":"15:00","HoraFin":"17:00","IDObra":4659004,"NombreObra":"ADOLF B HORN OBRA PP5 EL CAPULIN FRENTE A HUERTA PUERTA DE LA CRUZ TLAJOMULCO ZUÑIGA","IDClienteSAE":4659,"NombreCliente":"INGENIERIA DE SISTEMAS SANITARIOS Y AMBIENTALES","IDUso":9,"NombreUso":"Muro","IDProducto":11367,"NombreProducto":"CONCRETO f\u0027c=350 Ag=20 Rev=18 B 28","Remision":"G3/49902","CveCiudad":"GDL","NombreVendedor":"FEDERICO GARCIA"},{"Id_Viaje":3039453,"IDPedido":582954,"CargaViaje":5,"IDPlanta":13,"NombrePlantaViaje":"G1- VALLE DE LA MISERICORDIA","IDUnidad":319,"NombreUnidad":"CR-040","IDOperador":481,"NombreOperador":"[LIBRE] LIBRE","IDEstatusViaje":1,"NombreEstatus":"Despachado","FechaInicio":"2/14/2026 12:00:00 AM","HoraInicio":"13:00","HoraFin":"15:00","IDObra":4659004,"NombreObra":"ADOLF B HORN OBRA PP5 EL CAPULIN FRENTE A HUERTA PUERTA DE LA CRUZ TLAJOMULCO ZUÑIGA","IDClienteSAE":4659,"NombreCliente":"INGENIERIA DE SISTEMAS SANITARIOS Y AMBIENTALES","IDUso":9,"NombreUso":"Muro","IDProducto":11367,"NombreProducto":"CONCRETO f\u0027c=350 Ag=20 Rev=18 B 28","Remision":"G1/70684","CveCiudad":"GDL","NombreVendedor":"FEDERICO GARCIA"}]