[{"Id_Viaje":3038062,"IDPedido":582615,"CargaViaje":5,"IDPlanta":16,"NombrePlantaViaje":"M6-Juarez","IDUnidad":371,"NombreUnidad":"CR-008","IDOperador":1199,"NombreOperador":"GABRIEL RIVERA","IDEstatusViaje":2,"NombreEstatus":"Entregado","FechaInicio":"2/18/2026 12:00:00 AM","HoraInicio":"09:00","HoraFin":"11:00","IDObra":9876034,"NombreObra":"corfu residencial","IDClienteSAE":9876,"NombreCliente":"MX CONSTRUCCIONES","IDUso":1,"NombreUso":"Banqueta","IDProducto":480,"NombreProducto":"CONCRETO f\u0027c=100 Ag=20 Rev=10 A1 D","Remision":"M6/67130","CveCiudad":"MTY","NombreVendedor":"ENRIQUE ALVAREZ"},{"Id_Viaje":3039471,"IDPedido":582976,"CargaViaje":6,"IDPlanta":15,"NombrePlantaViaje":"M5-Santiago","IDUnidad":28,"NombreUnidad":"CR-241","IDOperador":1509,"NombreOperador":"JUAN LUIS ROCHA","IDEstatusViaje":2,"NombreEstatus":"Entregado","FechaInicio":"2/18/2026 12:00:00 AM","HoraInicio":"12:00","HoraFin":"14:00","IDObra":541061,"NombreObra":"ANTIGUA SUR","IDClienteSAE":541,"NombreCliente":"DESARROLLOS LOCSA","IDUso":5,"NombreUso":"Cordon","IDProducto":483,"NombreProducto":"CONCRETO f\u0027c=200 Ag=20. Rev=10 A1 D","Remision":"M5/37098","CveCiudad":"MTY","NombreVendedor":"GUILLERMO RAMA HERRERA"},{"Id_Viaje":3039489,"IDPedido":582979,"CargaViaje":7,"IDPlanta":19,"NombrePlantaViaje":"M1-Apodaca","IDUnidad":40,"NombreUnidad":"CR-031","IDOperador":1157,"NombreOperador":"JUAN JOSE ROSARIO LOPEZ","IDEstatusViaje":2,"NombreEstatus":"Entregado","FechaInicio":"2/18/2026 12:00:00 AM","HoraInicio":"07:00","HoraFin":"09:00","IDObra":6940043,"NombreObra":"COSMOPOLIS NAVE NIVA","IDClienteSAE":6940,"NombreCliente":"CONSTRUCTORA Y URBANIZADORA JVM DEL NORTE","IDUso":7,"NombreUso":"Firme","IDProducto":11598,"NombreProducto":"CONCRETO MR=42 Ag=20 Rev=12 D 28","Remision":"M1/91196","CveCiudad":"MTY","NombreVendedor":"ENRIQUE ALVAREZ"},{"Id_Viaje":3039491,"IDPedido":582979,"CargaViaje":7,"IDPlanta":19,"NombrePlantaViaje":"M1-Apodaca","IDUnidad":71,"NombreUnidad":"CR-038","IDOperador":1508,"NombreOperador":"VICTOR MANUEL CAMARILLO","IDEstatusViaje":2,"NombreEstatus":"Entregado","FechaInicio":"2/18/2026 12:00:00 AM","HoraInicio":"07:10","HoraFin":"09:10","IDObra":6940043,"NombreObra":"COSMOPOLIS NAVE NIVA","IDClienteSAE":6940,"NombreCliente":"CONSTRUCTORA Y URBANIZADORA JVM DEL NORTE","IDUso":7,"NombreUso":"Firme","IDProducto":11598,"NombreProducto":"CONCRETO MR=42 Ag=20 Rev=12 D 28","Remision":"M1/91198","CveCiudad":"MTY","NombreVendedor":"ENRIQUE ALVAREZ"},{"Id_Viaje":3039507,"IDPedido":582983,"CargaViaje":4.5,"IDPlanta":7,"NombrePlantaViaje":"M2-Escobedo","IDUnidad":38,"NombreUnidad":"CR-120","IDOperador":1517,"NombreOperador":"JESUS ALBERTO SAUCEDA","IDEstatusViaje":2,"NombreEstatus":"Entregado","FechaInicio":"2/18/2026 12:00:00 AM","HoraInicio":"11:00","HoraFin":"13:00","IDObra":12173006,"NombreObra":"santuario","IDClienteSAE":12173,"NombreCliente":"ENALTE DESARROLLOS INMOBILIARIOS","IDUso":17,"NombreUso":"Escalera","IDProducto":513,"NombreProducto":"CONCRETO f\u0027c=200 Ag=20 Rev=14 A1 D","Remision":"M2/79953","CveCiudad":"MTY","NombreVendedor":"OMAR HECTOR ARTEAGA"},{"Id_Viaje":3039671,"IDPedido":583016,"CargaViaje":7,"IDPlanta":7,"NombrePlantaViaje":"M2-Escobedo","IDUnidad":375,"NombreUnidad":"CR-121","IDOperador":78,"NombreOperador":"CARLOS ALBERTO VILLARREAL","IDEstatusViaje":2,"NombreEstatus":"Entregado","FechaInicio":"2/18/2026 12:00:00 AM","HoraInicio":"07:00","HoraFin":"09:00","IDObra":9882014,"NombreObra":"magna park","IDClienteSAE":9882,"NombreCliente":"FINISTERRE CAPITAL","IDUso":6,"NombreUso":"Dala","IDProducto":483,"NombreProducto":"CONCRETO f\u0027c=200 Ag=20. Rev=10 A1 D","Remision":"M2/79950","CveCiudad":"MTY","NombreVendedor":"ENRIQUE ALVAREZ"},{"Id_Viaje":3039772,"IDPedido":583025,"CargaViaje":7,"IDPlanta":19,"NombrePlantaViaje":"M1-Apodaca","IDUnidad":345,"NombreUnidad":"CR-231","IDOperador":1551,"NombreOperador":"ROGELIO MARTINEZ","IDEstatusViaje":2,"NombreEstatus":"Entregado","FechaInicio":"2/18/2026 12:00:00 AM","HoraInicio":"14:00","HoraFin":"16:00","IDObra":4191042,"NombreObra":"subestacion alebrije","IDClienteSAE":4191,"NombreCliente":"SEPISA","IDUso":24,"NombreUso":"Pilotes","IDProducto":599,"NombreProducto":"CONCRETO f\u0027c=250 Ag=20 Rev=12 A1 D","Remision":"M1/91210","CveCiudad":"MTY","NombreVendedor":"GUILLERMO RAMA HERRERA"},{"Id_Viaje":3039774,"IDPedido":583025,"CargaViaje":7,"IDPlanta":19,"NombrePlantaViaje":"M1-Apodaca","IDUnidad":332,"NombreUnidad":"CR-026","IDOperador":1458,"NombreOperador":"MIGUEL ANGEL LUGO","IDEstatusViaje":2,"NombreEstatus":"Entregado","FechaInicio":"2/18/2026 12:00:00 AM","HoraInicio":"14:10","HoraFin":"16:10","IDObra":4191042,"NombreObra":"subestacion alebrije","IDClienteSAE":4191,"NombreCliente":"SEPISA","IDUso":24,"NombreUso":"Pilotes","IDProducto":599,"NombreProducto":"CONCRETO f\u0027c=250 Ag=20 Rev=12 A1 D","Remision":"M1/91211","CveCiudad":"MTY","NombreVendedor":"GUILLERMO RAMA HERRERA"},{"Id_Viaje":3039834,"IDPedido":583024,"CargaViaje":7,"IDPlanta":19,"NombrePlantaViaje":"M1-Apodaca","IDUnidad":144,"NombreUnidad":"CR-060","IDOperador":1535,"NombreOperador":"CRUZ HUMBERTO TREVIÑO","IDEstatusViaje":2,"NombreEstatus":"Entregado","FechaInicio":"2/18/2026 12:00:00 AM","HoraInicio":"09:00","HoraFin":"11:00","IDObra":11758001,"NombreObra":"PARQUE EKKOS","IDClienteSAE":11758,"NombreCliente":"INMOBILIARIA CRIMOSA","IDUso":11,"NombreUso":"Piso","IDProducto":551,"NombreProducto":"CONCRETO f\u0027c=250 Ag=20 Rev=14 A1 D","Remision":"M1/91200","CveCiudad":"MTY","NombreVendedor":"OMAR HECTOR ARTEAGA"},{"Id_Viaje":3039836,"IDPedido":583024,"CargaViaje":7,"IDPlanta":19,"NombrePlantaViaje":"M1-Apodaca","IDUnidad":348,"NombreUnidad":"CR-070","IDOperador":1536,"NombreOperador":"JESUS LOPEZ","IDEstatusViaje":2,"NombreEstatus":"Entregado","FechaInicio":"2/18/2026 12:00:00 AM","HoraInicio":"09:10","HoraFin":"11:10","IDObra":11758001,"NombreObra":"PARQUE EKKOS","IDClienteSAE":11758,"NombreCliente":"INMOBILIARIA CRIMOSA","IDUso":11,"NombreUso":"Piso","IDProducto":551,"NombreProducto":"CONCRETO f\u0027c=250 Ag=20 Rev=14 A1 D","Remision":"M1/91201","CveCiudad":"MTY","NombreVendedor":"OMAR HECTOR ARTEAGA"},{"Id_Viaje":3039838,"IDPedido":583024,"CargaViaje":7,"IDPlanta":19,"NombrePlantaViaje":"M1-Apodaca","IDUnidad":378,"NombreUnidad":"CR-104","IDOperador":1534,"NombreOperador":"MIGUEL ANGEL ZAPATA","IDEstatusViaje":2,"NombreEstatus":"Entregado","FechaInicio":"2/18/2026 12:00:00 AM","HoraInicio":"09:20","HoraFin":"11:20","IDObra":11758001,"NombreObra":"PARQUE EKKOS","IDClienteSAE":11758,"NombreCliente":"INMOBILIARIA CRIMOSA","IDUso":11,"NombreUso":"Piso","IDProducto":551,"NombreProducto":"CONCRETO f\u0027c=250 Ag=20 Rev=14 A1 D","Remision":"M1/91202","CveCiudad":"MTY","NombreVendedor":"OMAR HECTOR ARTEAGA"},{"Id_Viaje":3039840,"IDPedido":583024,"CargaViaje":7,"IDPlanta":19,"NombrePlantaViaje":"M1-Apodaca","IDUnidad":233,"NombreUnidad":"CR-152","IDOperador":1529,"NombreOperador":"ENRIQUE YESCAS","IDEstatusViaje":2,"NombreEstatus":"Entregado","FechaInicio":"2/18/2026 12:00:00 AM","HoraInicio":"09:30","HoraFin":"11:30","IDObra":11758001,"NombreObra":"PARQUE EKKOS","IDClienteSAE":11758,"NombreCliente":"INMOBILIARIA CRIMOSA","IDUso":11,"NombreUso":"Piso","IDProducto":551,"NombreProducto":"CONCRETO f\u0027c=250 Ag=20 Rev=14 A1 D","Remision":"M1/91203","CveCiudad":"MTY","NombreVendedor":"OMAR HECTOR ARTEAGA"},{"Id_Viaje":3039842,"IDPedido":583024,"CargaViaje":7,"IDPlanta":19,"NombrePlantaViaje":"M1-Apodaca","IDUnidad":33,"NombreUnidad":"CR-168","IDOperador":1157,"NombreOperador":"JUAN JOSE ROSARIO LOPEZ","IDEstatusViaje":2,"NombreEstatus":"Entregado","FechaInicio":"2/18/2026 12:00:00 AM","HoraInicio":"09:40","HoraFin":"11:40","IDObra":11758001,"NombreObra":"PARQUE EKKOS","IDClienteSAE":11758,"NombreCliente":"INMOBILIARIA CRIMOSA","IDUso":11,"NombreUso":"Piso","IDProducto":551,"NombreProducto":"CONCRETO f\u0027c=250 Ag=20 Rev=14 A1 D","Remision":"M1/91205","CveCiudad":"MTY","NombreVendedor":"OMAR HECTOR ARTEAGA"},{"Id_Viaje":3039844,"IDPedido":583024,"CargaViaje":7,"IDPlanta":19,"NombrePlantaViaje":"M1-Apodaca","IDUnidad":26,"NombreUnidad":"CR-20","IDOperador":32,"NombreOperador":"ARMANDO MARTINEZ DELGADO","IDEstatusViaje":2,"NombreEstatus":"Entregado","FechaInicio":"2/18/2026 12:00:00 AM","HoraInicio":"09:50","HoraFin":"11:50","IDObra":11758001,"NombreObra":"PARQUE EKKOS","IDClienteSAE":11758,"NombreCliente":"INMOBILIARIA CRIMOSA","IDUso":11,"NombreUso":"Piso","IDProducto":551,"NombreProducto":"CONCRETO f\u0027c=250 Ag=20 Rev=14 A1 D","Remision":"M1/91206","CveCiudad":"MTY","NombreVendedor":"OMAR HECTOR ARTEAGA"},{"Id_Viaje":3039846,"IDPedido":583024,"CargaViaje":7,"IDPlanta":19,"NombrePlantaViaje":"M1-Apodaca","IDUnidad":261,"NombreUnidad":"CR-213","IDOperador":1631,"NombreOperador":"IVAN SANCHEZ","IDEstatusViaje":2,"NombreEstatus":"Entregado","FechaInicio":"2/18/2026 12:00:00 AM","HoraInicio":"10:00","HoraFin":"12:00","IDObra":11758001,"NombreObra":"PARQUE EKKOS","IDClienteSAE":11758,"NombreCliente":"INMOBILIARIA CRIMOSA","IDUso":11,"NombreUso":"Piso","IDProducto":551,"NombreProducto":"CONCRETO f\u0027c=250 Ag=20 Rev=14 A1 D","Remision":"M1/91207","CveCiudad":"MTY","NombreVendedor":"OMAR HECTOR ARTEAGA"},{"Id_Viaje":3039848,"IDPedido":583024,"CargaViaje":5.5,"IDPlanta":19,"NombrePlantaViaje":"M1-Apodaca","IDUnidad":314,"NombreUnidad":"CR-229","IDOperador":1529,"NombreOperador":"ENRIQUE YESCAS","IDEstatusViaje":2,"NombreEstatus":"Entregado","FechaInicio":"2/18/2026 12:00:00 AM","HoraInicio":"10:10","HoraFin":"12:10","IDObra":11758001,"NombreObra":"PARQUE EKKOS","IDClienteSAE":11758,"NombreCliente":"INMOBILIARIA CRIMOSA","IDUso":11,"NombreUso":"Piso","IDProducto":551,"NombreProducto":"CONCRETO f\u0027c=250 Ag=20 Rev=14 A1 D","Remision":"M1/91208","CveCiudad":"MTY","NombreVendedor":"OMAR HECTOR ARTEAGA"},{"Id_Viaje":3039970,"IDPedido":583063,"CargaViaje":5.5,"IDPlanta":16,"NombrePlantaViaje":"M6-Juarez","IDUnidad":133,"NombreUnidad":"CR-124","IDOperador":1546,"NombreOperador":"VICTOR ADRIAN HERNANDEZ","IDEstatusViaje":2,"NombreEstatus":"Entregado","FechaInicio":"2/18/2026 12:00:00 AM","HoraInicio":"11:10","HoraFin":"13:10","IDObra":4947068,"NombreObra":"valle real","IDClienteSAE":4947,"NombreCliente":"CONCRETOS DELESE","IDUso":7,"NombreUso":"Firme","IDProducto":1544,"NombreProducto":"CONCRETO f\u0027c=200 Ag=20 Rev=18 A1 D","Remision":"M6/67129","CveCiudad":"MTY","NombreVendedor":"OMAR HECTOR ARTEAGA"},{"Id_Viaje":3040015,"IDPedido":582752,"CargaViaje":7,"IDPlanta":11,"NombrePlantaViaje":"M4-Centro","IDUnidad":210,"NombreUnidad":"CR-166","IDOperador":1198,"NombreOperador":"ALEJANDRO TREVIÑO","IDEstatusViaje":2,"NombreEstatus":"Entregado","FechaInicio":"2/18/2026 12:00:00 AM","HoraInicio":"11:00","HoraFin":"13:00","IDObra":4947069,"NombreObra":"CASAIRE","IDClienteSAE":4947,"NombreCliente":"CONCRETOS DELESE","IDUso":1,"NombreUso":"Banqueta","IDProducto":1512,"NombreProducto":"CONCRETO f\u0027c=100 Ag=20 Rev=14 A1 D","Remision":"M4/89174","CveCiudad":"MTY","NombreVendedor":"OMAR HECTOR ARTEAGA"},{"Id_Viaje":3040037,"IDPedido":582915,"CargaViaje":7,"IDPlanta":7,"NombrePlantaViaje":"M2-Escobedo","IDUnidad":369,"NombreUnidad":"CR-199","IDOperador":1444,"NombreOperador":"HUMBERTO GONZALEZ","IDEstatusViaje":2,"NombreEstatus":"Entregado","FechaInicio":"2/18/2026 12:00:00 AM","HoraInicio":"14:00","HoraFin":"16:00","IDObra":8894025,"NombreObra":"cumbres platino","IDClienteSAE":8894,"NombreCliente":"ACRE PROMOTORA","IDUso":15,"NombreUso":"Zapatas","IDProducto":575,"NombreProducto":"CONCRETO f\u0027c=200 Ag=20 Rev=12 A1 D","Remision":"M2/79956","CveCiudad":"MTY","NombreVendedor":"SILVIA LOZANO"},{"Id_Viaje":3040039,"IDPedido":582918,"CargaViaje":7,"IDPlanta":7,"NombrePlantaViaje":"M2-Escobedo","IDUnidad":370,"NombreUnidad":"CR-203","IDOperador":644,"NombreOperador":"ALEJANDRO QUEZADA","IDEstatusViaje":1,"NombreEstatus":"Despachado","FechaInicio":"2/18/2026 12:00:00 AM","HoraInicio":"14:30","HoraFin":"16:30","IDObra":8894025,"NombreObra":"cumbres platino","IDClienteSAE":8894,"NombreCliente":"ACRE PROMOTORA","IDUso":7,"NombreUso":"Firme","IDProducto":576,"NombreProducto":"CONCRETO f\u0027c=100 Ag=20 Rev=12 A1 D","Remision":"M2/79957","CveCiudad":"MTY","NombreVendedor":"SILVIA LOZANO"},{"Id_Viaje":3040045,"IDPedido":582908,"CargaViaje":7,"IDPlanta":19,"NombrePlantaViaje":"M1-Apodaca","IDUnidad":40,"NombreUnidad":"CR-031","IDOperador":1157,"NombreOperador":"JUAN JOSE ROSARIO LOPEZ","IDEstatusViaje":2,"NombreEstatus":"Entregado","FechaInicio":"2/18/2026 12:00:00 AM","HoraInicio":"08:30","HoraFin":"10:30","IDObra":9876033,"NombreObra":"privada mugnano","IDClienteSAE":9876,"NombreCliente":"MX CONSTRUCCIONES","IDUso":1,"NombreUso":"Banqueta","IDProducto":480,"NombreProducto":"CONCRETO f\u0027c=100 Ag=20 Rev=10 A1 D","Remision":"M1/91197","CveCiudad":"MTY","NombreVendedor":"ENRIQUE ALVAREZ"},{"Id_Viaje":3040049,"IDPedido":582975,"CargaViaje":6,"IDPlanta":15,"NombrePlantaViaje":"M5-Santiago","IDUnidad":216,"NombreUnidad":"CR-227","IDOperador":1468,"NombreOperador":"JOSE LUIS ESPARZA","IDEstatusViaje":2,"NombreEstatus":"Entregado","FechaInicio":"2/18/2026 12:00:00 AM","HoraInicio":"09:00","HoraFin":"11:00","IDObra":541061,"NombreObra":"ANTIGUA SUR","IDClienteSAE":541,"NombreCliente":"DESARROLLOS LOCSA","IDUso":5,"NombreUso":"Cordon","IDProducto":483,"NombreProducto":"CONCRETO f\u0027c=200 Ag=20. Rev=10 A1 D","Remision":"M5/37097","CveCiudad":"MTY","NombreVendedor":"GUILLERMO RAMA HERRERA"},{"Id_Viaje":3040057,"IDPedido":582613,"CargaViaje":7,"IDPlanta":16,"NombrePlantaViaje":"M6-Juarez","IDUnidad":342,"NombreUnidad":"CR-223","IDOperador":1143,"NombreOperador":"FERNANDO TEY","IDEstatusViaje":2,"NombreEstatus":"Entregado","FechaInicio":"2/18/2026 12:00:00 AM","HoraInicio":"12:30","HoraFin":"14:30","IDObra":9876034,"NombreObra":"corfu residencial","IDClienteSAE":9876,"NombreCliente":"MX CONSTRUCCIONES","IDUso":24,"NombreUso":"Pilotes","IDProducto":483,"NombreProducto":"CONCRETO f\u0027c=200 Ag=20. Rev=10 A1 D","Remision":"M6/67131","CveCiudad":"MTY","NombreVendedor":"ENRIQUE ALVAREZ"},{"Id_Viaje":3040059,"IDPedido":582613,"CargaViaje":7,"IDPlanta":16,"NombrePlantaViaje":"M6-Juarez","IDUnidad":228,"NombreUnidad":"CR-224","IDOperador":1146,"NombreOperador":"LUIS ANTONIO VEGA","IDEstatusViaje":2,"NombreEstatus":"Entregado","FechaInicio":"2/18/2026 12:00:00 AM","HoraInicio":"12:40","HoraFin":"14:40","IDObra":9876034,"NombreObra":"corfu residencial","IDClienteSAE":9876,"NombreCliente":"MX CONSTRUCCIONES","IDUso":24,"NombreUso":"Pilotes","IDProducto":483,"NombreProducto":"CONCRETO f\u0027c=200 Ag=20. Rev=10 A1 D","Remision":"M6/67134","CveCiudad":"MTY","NombreVendedor":"ENRIQUE ALVAREZ"},{"Id_Viaje":3040069,"IDPedido":582871,"CargaViaje":1,"IDPlanta":11,"NombrePlantaViaje":"M4-Centro","IDUnidad":214,"NombreUnidad":"CR-170","IDOperador":1722,"NombreOperador":"EDGAR JAVIER MARROQUIN","IDEstatusViaje":2,"NombreEstatus":"Entregado","FechaInicio":"2/18/2026 12:00:00 AM","HoraInicio":"07:30","HoraFin":"09:30","IDObra":10580001,"NombreObra":"catehua","IDClienteSAE":10580,"NombreCliente":"LEMURA VIVIENDA","IDUso":26,"NombreUso":"Mortero","IDProducto":1660,"NombreProducto":"MORTERO f\u0027c=200 Kgf/cm2.Ag=4 R=14.A1 B","Remision":"M4/89172","CveCiudad":"MTY","NombreVendedor":"BLANCA P. GARZA"},{"Id_Viaje":3040072,"IDPedido":582872,"CargaViaje":7,"IDPlanta":11,"NombrePlantaViaje":"M4-Centro","IDUnidad":213,"NombreUnidad":"CR-171","IDOperador":1610,"NombreOperador":"MOISES ISRAEL HERNANDEZ","IDEstatusViaje":2,"NombreEstatus":"Entregado","FechaInicio":"2/18/2026 12:00:00 AM","HoraInicio":"07:00","HoraFin":"09:00","IDObra":10580001,"NombreObra":"catehua","IDClienteSAE":10580,"NombreCliente":"LEMURA VIVIENDA","IDUso":8,"NombreUso":"Losa","IDProducto":1557,"NombreProducto":"CONCRETO f\u0027c=250 Ag=20 Rev=18 A1 B","Remision":"M4/89184","CveCiudad":"MTY","NombreVendedor":"BLANCA P. GARZA"},{"Id_Viaje":3040074,"IDPedido":582872,"CargaViaje":7,"IDPlanta":11,"NombrePlantaViaje":"M4-Centro","IDUnidad":212,"NombreUnidad":"CR-172","IDOperador":1741,"NombreOperador":"YAUDEL VILLAMONTE","IDEstatusViaje":2,"NombreEstatus":"Entregado","FechaInicio":"2/18/2026 12:00:00 AM","HoraInicio":"07:10","HoraFin":"09:10","IDObra":10580001,"NombreObra":"catehua","IDClienteSAE":10580,"NombreCliente":"LEMURA VIVIENDA","IDUso":8,"NombreUso":"Losa","IDProducto":1557,"NombreProducto":"CONCRETO f\u0027c=250 Ag=20 Rev=18 A1 B","Remision":"M4/89176","CveCiudad":"MTY","NombreVendedor":"BLANCA P. GARZA"},{"Id_Viaje":3040076,"IDPedido":582872,"CargaViaje":7,"IDPlanta":11,"NombrePlantaViaje":"M4-Centro","IDUnidad":43,"NombreUnidad":"CR-173","IDOperador":1563,"NombreOperador":"JOSE ALFREDO DE LEON","IDEstatusViaje":2,"NombreEstatus":"Entregado","FechaInicio":"2/18/2026 12:00:00 AM","HoraInicio":"07:20","HoraFin":"09:20","IDObra":10580001,"NombreObra":"catehua","IDClienteSAE":10580,"NombreCliente":"LEMURA VIVIENDA","IDUso":8,"NombreUso":"Losa","IDProducto":1557,"NombreProducto":"CONCRETO f\u0027c=250 Ag=20 Rev=18 A1 B","Remision":"M4/89181","CveCiudad":"MTY","NombreVendedor":"BLANCA P. GARZA"},{"Id_Viaje":3040078,"IDPedido":582872,"CargaViaje":7,"IDPlanta":11,"NombrePlantaViaje":"M4-Centro","IDUnidad":206,"NombreUnidad":"CR-174","IDOperador":1692,"NombreOperador":"IVAN ENRIQUE PULGARIN","IDEstatusViaje":2,"NombreEstatus":"Entregado","FechaInicio":"2/18/2026 12:00:00 AM","HoraInicio":"07:30","HoraFin":"09:30","IDObra":10580001,"NombreObra":"catehua","IDClienteSAE":10580,"NombreCliente":"LEMURA VIVIENDA","IDUso":8,"NombreUso":"Losa","IDProducto":1557,"NombreProducto":"CONCRETO f\u0027c=250 Ag=20 Rev=18 A1 B","Remision":"M4/89188","CveCiudad":"MTY","NombreVendedor":"BLANCA P. GARZA"},{"Id_Viaje":3040080,"IDPedido":582872,"CargaViaje":7,"IDPlanta":11,"NombrePlantaViaje":"M4-Centro","IDUnidad":366,"NombreUnidad":"CR-235","IDOperador":1198,"NombreOperador":"ALEJANDRO TREVIÑO","IDEstatusViaje":2,"NombreEstatus":"Entregado","FechaInicio":"2/18/2026 12:00:00 AM","HoraInicio":"07:40","HoraFin":"09:40","IDObra":10580001,"NombreObra":"catehua","IDClienteSAE":10580,"NombreCliente":"LEMURA VIVIENDA","IDUso":8,"NombreUso":"Losa","IDProducto":1557,"NombreProducto":"CONCRETO f\u0027c=250 Ag=20 Rev=18 A1 B","Remision":"M4/89175","CveCiudad":"MTY","NombreVendedor":"BLANCA P. GARZA"},{"Id_Viaje":3040082,"IDPedido":582872,"CargaViaje":7,"IDPlanta":11,"NombrePlantaViaje":"M4-Centro","IDUnidad":8,"NombreUnidad":"CR-244","IDOperador":1151,"NombreOperador":"GERARDO GARCIA","IDEstatusViaje":2,"NombreEstatus":"Entregado","FechaInicio":"2/18/2026 12:00:00 AM","HoraInicio":"07:50","HoraFin":"09:50","IDObra":10580001,"NombreObra":"catehua","IDClienteSAE":10580,"NombreCliente":"LEMURA VIVIENDA","IDUso":8,"NombreUso":"Losa","IDProducto":1557,"NombreProducto":"CONCRETO f\u0027c=250 Ag=20 Rev=18 A1 B","Remision":"M4/89179","CveCiudad":"MTY","NombreVendedor":"BLANCA P. GARZA"},{"Id_Viaje":3040084,"IDPedido":582872,"CargaViaje":7,"IDPlanta":11,"NombrePlantaViaje":"M4-Centro","IDUnidad":376,"NombreUnidad":"CR-247","IDOperador":1466,"NombreOperador":"JOSE GUADALUPE ESMERALDA","IDEstatusViaje":2,"NombreEstatus":"Entregado","FechaInicio":"2/18/2026 12:00:00 AM","HoraInicio":"08:00","HoraFin":"10:00","IDObra":10580001,"NombreObra":"catehua","IDClienteSAE":10580,"NombreCliente":"LEMURA VIVIENDA","IDUso":8,"NombreUso":"Losa","IDProducto":1557,"NombreProducto":"CONCRETO f\u0027c=250 Ag=20 Rev=18 A1 B","Remision":"M4/89180","CveCiudad":"MTY","NombreVendedor":"BLANCA P. GARZA"},{"Id_Viaje":3040086,"IDPedido":582872,"CargaViaje":7,"IDPlanta":11,"NombrePlantaViaje":"M4-Centro","IDUnidad":78,"NombreUnidad":"CR-062","IDOperador":1478,"NombreOperador":"VICTOR HUGO MARTINEZ","IDEstatusViaje":2,"NombreEstatus":"Entregado","FechaInicio":"2/18/2026 12:00:00 AM","HoraInicio":"08:10","HoraFin":"10:10","IDObra":10580001,"NombreObra":"catehua","IDClienteSAE":10580,"NombreCliente":"LEMURA VIVIENDA","IDUso":8,"NombreUso":"Losa","IDProducto":1557,"NombreProducto":"CONCRETO f\u0027c=250 Ag=20 Rev=18 A1 B","Remision":"M4/89189","CveCiudad":"MTY","NombreVendedor":"BLANCA P. GARZA"},{"Id_Viaje":3040088,"IDPedido":582872,"CargaViaje":7,"IDPlanta":11,"NombrePlantaViaje":"M4-Centro","IDUnidad":210,"NombreUnidad":"CR-166","IDOperador":1198,"NombreOperador":"ALEJANDRO TREVIÑO","IDEstatusViaje":2,"NombreEstatus":"Entregado","FechaInicio":"2/18/2026 12:00:00 AM","HoraInicio":"08:20","HoraFin":"10:20","IDObra":10580001,"NombreObra":"catehua","IDClienteSAE":10580,"NombreCliente":"LEMURA VIVIENDA","IDUso":8,"NombreUso":"Losa","IDProducto":1557,"NombreProducto":"CONCRETO f\u0027c=250 Ag=20 Rev=18 A1 B","Remision":"M4/89177","CveCiudad":"MTY","NombreVendedor":"BLANCA P. GARZA"},{"Id_Viaje":3040090,"IDPedido":582872,"CargaViaje":7,"IDPlanta":11,"NombrePlantaViaje":"M4-Centro","IDUnidad":214,"NombreUnidad":"CR-170","IDOperador":1722,"NombreOperador":"EDGAR JAVIER MARROQUIN","IDEstatusViaje":2,"NombreEstatus":"Entregado","FechaInicio":"2/18/2026 12:00:00 AM","HoraInicio":"08:30","HoraFin":"10:30","IDObra":10580001,"NombreObra":"catehua","IDClienteSAE":10580,"NombreCliente":"LEMURA VIVIENDA","IDUso":8,"NombreUso":"Losa","IDProducto":1557,"NombreProducto":"CONCRETO f\u0027c=250 Ag=20 Rev=18 A1 B","Remision":"M4/89183","CveCiudad":"MTY","NombreVendedor":"BLANCA P. GARZA"},{"Id_Viaje":3040092,"IDPedido":582872,"CargaViaje":7,"IDPlanta":11,"NombrePlantaViaje":"M4-Centro","IDUnidad":315,"NombreUnidad":"CR-232","IDOperador":1452,"NombreOperador":"VICTOR LOPEZ","IDEstatusViaje":2,"NombreEstatus":"Entregado","FechaInicio":"2/18/2026 12:00:00 AM","HoraInicio":"04:00","HoraFin":"04:30","IDObra":10580001,"NombreObra":"catehua","IDClienteSAE":10580,"NombreCliente":"LEMURA VIVIENDA","IDUso":8,"NombreUso":"Losa","IDProducto":1557,"NombreProducto":"CONCRETO f\u0027c=250 Ag=20 Rev=18 A1 B","Remision":"M4/89192","CveCiudad":"MTY","NombreVendedor":"BLANCA P. GARZA"},{"Id_Viaje":3040094,"IDPedido":582872,"CargaViaje":7,"IDPlanta":11,"NombrePlantaViaje":"M4-Centro","IDUnidad":345,"NombreUnidad":"CR-231","IDOperador":1551,"NombreOperador":"ROGELIO MARTINEZ","IDEstatusViaje":2,"NombreEstatus":"Entregado","FechaInicio":"2/18/2026 12:00:00 AM","HoraInicio":"04:30","HoraFin":"05:00","IDObra":10580001,"NombreObra":"catehua","IDClienteSAE":10580,"NombreCliente":"LEMURA VIVIENDA","IDUso":8,"NombreUso":"Losa","IDProducto":1557,"NombreProducto":"CONCRETO f\u0027c=250 Ag=20 Rev=18 A1 B","Remision":"M4/89191","CveCiudad":"MTY","NombreVendedor":"BLANCA P. GARZA"},{"Id_Viaje":3040096,"IDPedido":582872,"CargaViaje":7,"IDPlanta":11,"NombrePlantaViaje":"M4-Centro","IDUnidad":315,"NombreUnidad":"CR-232","IDOperador":1452,"NombreOperador":"VICTOR LOPEZ","IDEstatusViaje":2,"NombreEstatus":"Entregado","FechaInicio":"2/18/2026 12:00:00 AM","HoraInicio":"05:00","HoraFin":"05:30","IDObra":10580001,"NombreObra":"catehua","IDClienteSAE":10580,"NombreCliente":"LEMURA VIVIENDA","IDUso":8,"NombreUso":"Losa","IDProducto":1557,"NombreProducto":"CONCRETO f\u0027c=250 Ag=20 Rev=18 A1 B","Remision":"M4/89182","CveCiudad":"MTY","NombreVendedor":"BLANCA P. GARZA"},{"Id_Viaje":3040098,"IDPedido":582872,"CargaViaje":7,"IDPlanta":11,"NombrePlantaViaje":"M4-Centro","IDUnidad":315,"NombreUnidad":"CR-232","IDOperador":1452,"NombreOperador":"VICTOR LOPEZ","IDEstatusViaje":2,"NombreEstatus":"Entregado","FechaInicio":"2/18/2026 12:00:00 AM","HoraInicio":"05:30","HoraFin":"06:00","IDObra":10580001,"NombreObra":"catehua","IDClienteSAE":10580,"NombreCliente":"LEMURA VIVIENDA","IDUso":8,"NombreUso":"Losa","IDProducto":1557,"NombreProducto":"CONCRETO f\u0027c=250 Ag=20 Rev=18 A1 B","Remision":"M4/89187","CveCiudad":"MTY","NombreVendedor":"BLANCA P. GARZA"},{"Id_Viaje":3040100,"IDPedido":582872,"CargaViaje":7,"IDPlanta":11,"NombrePlantaViaje":"M4-Centro","IDUnidad":314,"NombreUnidad":"CR-229","IDOperador":1529,"NombreOperador":"ENRIQUE YESCAS","IDEstatusViaje":2,"NombreEstatus":"Entregado","FechaInicio":"2/18/2026 12:00:00 AM","HoraInicio":"06:00","HoraFin":"06:30","IDObra":10580001,"NombreObra":"catehua","IDClienteSAE":10580,"NombreCliente":"LEMURA VIVIENDA","IDUso":8,"NombreUso":"Losa","IDProducto":1557,"NombreProducto":"CONCRETO f\u0027c=250 Ag=20 Rev=18 A1 B","Remision":"M4/89190","CveCiudad":"MTY","NombreVendedor":"BLANCA P. GARZA"},{"Id_Viaje":3040102,"IDPedido":582872,"CargaViaje":7,"IDPlanta":11,"NombrePlantaViaje":"M4-Centro","IDUnidad":315,"NombreUnidad":"CR-232","IDOperador":1452,"NombreOperador":"VICTOR LOPEZ","IDEstatusViaje":2,"NombreEstatus":"Entregado","FechaInicio":"2/18/2026 12:00:00 AM","HoraInicio":"10:30","HoraFin":"11:00","IDObra":10580001,"NombreObra":"catehua","IDClienteSAE":10580,"NombreCliente":"LEMURA VIVIENDA","IDUso":8,"NombreUso":"Losa","IDProducto":1557,"NombreProducto":"CONCRETO f\u0027c=250 Ag=20 Rev=18 A1 B","Remision":"M4/89186","CveCiudad":"MTY","NombreVendedor":"BLANCA P. GARZA"},{"Id_Viaje":3040104,"IDPedido":582872,"CargaViaje":7,"IDPlanta":11,"NombrePlantaViaje":"M4-Centro","IDUnidad":315,"NombreUnidad":"CR-232","IDOperador":1452,"NombreOperador":"VICTOR LOPEZ","IDEstatusViaje":2,"NombreEstatus":"Entregado","FechaInicio":"2/18/2026 12:00:00 AM","HoraInicio":"03:00","HoraFin":"03:30","IDObra":10580001,"NombreObra":"catehua","IDClienteSAE":10580,"NombreCliente":"LEMURA VIVIENDA","IDUso":8,"NombreUso":"Losa","IDProducto":1557,"NombreProducto":"CONCRETO f\u0027c=250 Ag=20 Rev=18 A1 B","Remision":"M4/89193","CveCiudad":"MTY","NombreVendedor":"BLANCA P. GARZA"},{"Id_Viaje":3040106,"IDPedido":582872,"CargaViaje":7,"IDPlanta":11,"NombrePlantaViaje":"M4-Centro","IDUnidad":340,"NombreUnidad":"CR-219","IDOperador":1122,"NombreOperador":"NOE CASTILLO","IDEstatusViaje":2,"NombreEstatus":"Entregado","FechaInicio":"2/18/2026 12:00:00 AM","HoraInicio":"03:30","HoraFin":"04:00","IDObra":10580001,"NombreObra":"catehua","IDClienteSAE":10580,"NombreCliente":"LEMURA VIVIENDA","IDUso":8,"NombreUso":"Losa","IDProducto":1557,"NombreProducto":"CONCRETO f\u0027c=250 Ag=20 Rev=18 A1 B","Remision":"M4/89194","CveCiudad":"MTY","NombreVendedor":"BLANCA P. GARZA"},{"Id_Viaje":3040117,"IDPedido":583073,"CargaViaje":7,"IDPlanta":16,"NombrePlantaViaje":"M6-Juarez","IDUnidad":371,"NombreUnidad":"CR-008","IDOperador":1199,"NombreOperador":"GABRIEL RIVERA","IDEstatusViaje":2,"NombreEstatus":"Entregado","FechaInicio":"2/18/2026 12:00:00 AM","HoraInicio":"14:00","HoraFin":"16:00","IDObra":12150002,"NombreObra":"VISTAS DEL SEMINARIO QUINTO SECTOR","IDClienteSAE":12150,"NombreCliente":"MAQUINARIA Y CONSTRUCTORA SEPULVEDA DE MONTERREY","IDUso":8,"NombreUso":"Losa","IDProducto":491,"NombreProducto":"CONCRETO f\u0027c=200 Ag=20 Rev=14 A1 B","Remision":"M6/67137","CveCiudad":"MTY","NombreVendedor":"CESAR LUNA"},{"Id_Viaje":3040119,"IDPedido":583073,"CargaViaje":7,"IDPlanta":16,"NombrePlantaViaje":"M6-Juarez","IDUnidad":347,"NombreUnidad":"CR-099","IDOperador":1190,"NombreOperador":"SAUL GUAJARDO","IDEstatusViaje":2,"NombreEstatus":"Entregado","FechaInicio":"2/18/2026 12:00:00 AM","HoraInicio":"14:10","HoraFin":"16:10","IDObra":12150002,"NombreObra":"VISTAS DEL SEMINARIO QUINTO SECTOR","IDClienteSAE":12150,"NombreCliente":"MAQUINARIA Y CONSTRUCTORA SEPULVEDA DE MONTERREY","IDUso":8,"NombreUso":"Losa","IDProducto":491,"NombreProducto":"CONCRETO f\u0027c=200 Ag=20 Rev=14 A1 B","Remision":"M6/67138","CveCiudad":"MTY","NombreVendedor":"CESAR LUNA"},{"Id_Viaje":3040148,"IDPedido":582864,"CargaViaje":7,"IDPlanta":19,"NombrePlantaViaje":"M1-Apodaca","IDUnidad":348,"NombreUnidad":"CR-070","IDOperador":1536,"NombreOperador":"JESUS LOPEZ","IDEstatusViaje":2,"NombreEstatus":"Entregado","FechaInicio":"2/18/2026 12:00:00 AM","HoraInicio":"16:00","HoraFin":"18:00","IDObra":12154003,"NombreObra":"heb la fe","IDClienteSAE":12154,"NombreCliente":"EDIFICADORA INDUSTRIAL DEL RIO","IDUso":1,"NombreUso":"Banqueta","IDProducto":513,"NombreProducto":"CONCRETO f\u0027c=200 Ag=20 Rev=14 A1 D","Remision":"M1/91212","CveCiudad":"MTY","NombreVendedor":"CESAR LUNA"},{"Id_Viaje":3040158,"IDPedido":583080,"CargaViaje":7,"IDPlanta":7,"NombrePlantaViaje":"M2-Escobedo","IDUnidad":273,"NombreUnidad":"CR-243","IDOperador":1552,"NombreOperador":"JOSE ISAIAS ROCHA","IDEstatusViaje":2,"NombreEstatus":"Entregado","FechaInicio":"2/18/2026 12:00:00 AM","HoraInicio":"12:00","HoraFin":"14:00","IDObra":8153040,"NombreObra":"VISTAS DEL PARQUE","IDClienteSAE":8153,"NombreCliente":"CONSTRUCTORA OBREGON FERNANDEZ","IDUso":2,"NombreUso":"Cimentacion","IDProducto":575,"NombreProducto":"CONCRETO f\u0027c=200 Ag=20 Rev=12 A1 D","Remision":"M2/79954","CveCiudad":"MTY","NombreVendedor":"CESAR LUNA"},{"Id_Viaje":3040188,"IDPedido":583062,"CargaViaje":6,"IDPlanta":11,"NombrePlantaViaje":"M4-Centro","IDUnidad":371,"NombreUnidad":"CR-008","IDOperador":1199,"NombreOperador":"GABRIEL RIVERA","IDEstatusViaje":2,"NombreEstatus":"Entregado","FechaInicio":"2/18/2026 12:00:00 AM","HoraInicio":"23:10","HoraFin":"23:40","IDObra":135004,"NombreObra":"estacionamiento municipal","IDClienteSAE":135,"NombreCliente":"CONSTRUCTORA MATA Y ASOCIADOS","IDUso":7,"NombreUso":"Firme","IDProducto":599,"NombreProducto":"CONCRETO f\u0027c=250 Ag=20 Rev=12 A1 D","Remision":"M4/89171","CveCiudad":"MTY","NombreVendedor":"OMAR HECTOR ARTEAGA"},{"Id_Viaje":3040190,"IDPedido":583088,"CargaViaje":5.5,"IDPlanta":7,"NombrePlantaViaje":"M2-Escobedo","IDUnidad":136,"NombreUnidad":"CR-245","IDOperador":1680,"NombreOperador":"PAULO AMERICO","IDEstatusViaje":2,"NombreEstatus":"Entregado","FechaInicio":"2/18/2026 12:00:00 AM","HoraInicio":"10:00","HoraFin":"12:00","IDObra":12126003,"NombreObra":"azara residencial","IDClienteSAE":12126,"NombreCliente":"GRESID","IDUso":1,"NombreUso":"Banqueta","IDProducto":589,"NombreProducto":"CONCRETO f\u0027c=150 Ag=20 Rev=12 A1 D","Remision":"M2/79952","CveCiudad":"MTY","NombreVendedor":"ENRIQUE ALVAREZ"},{"Id_Viaje":3040192,"IDPedido":583094,"CargaViaje":7,"IDPlanta":16,"NombrePlantaViaje":"M6-Juarez","IDUnidad":338,"NombreUnidad":"CR-204","IDOperador":1117,"NombreOperador":"JUAN FERNANDO TOBIAS","IDEstatusViaje":2,"NombreEstatus":"Entregado","FechaInicio":"2/18/2026 12:00:00 AM","HoraInicio":"07:00","HoraFin":"09:00","IDObra":9876034,"NombreObra":"corfu residencial","IDClienteSAE":9876,"NombreCliente":"MX CONSTRUCCIONES","IDUso":8,"NombreUso":"Losa","IDProducto":491,"NombreProducto":"CONCRETO f\u0027c=200 Ag=20 Rev=14 A1 B","Remision":"M6/67124","CveCiudad":"MTY","NombreVendedor":"ENRIQUE ALVAREZ"},{"Id_Viaje":3040194,"IDPedido":583094,"CargaViaje":7,"IDPlanta":16,"NombrePlantaViaje":"M6-Juarez","IDUnidad":209,"NombreUnidad":"CR-169","IDOperador":1226,"NombreOperador":"FRANCISCO JAVIER ARAUJO RAMOS","IDEstatusViaje":2,"NombreEstatus":"Entregado","FechaInicio":"2/18/2026 12:00:00 AM","HoraInicio":"07:10","HoraFin":"09:10","IDObra":9876034,"NombreObra":"corfu residencial","IDClienteSAE":9876,"NombreCliente":"MX CONSTRUCCIONES","IDUso":8,"NombreUso":"Losa","IDProducto":491,"NombreProducto":"CONCRETO f\u0027c=200 Ag=20 Rev=14 A1 B","Remision":"M6/67127","CveCiudad":"MTY","NombreVendedor":"ENRIQUE ALVAREZ"},{"Id_Viaje":3040196,"IDPedido":583094,"CargaViaje":7,"IDPlanta":16,"NombrePlantaViaje":"M6-Juarez","IDUnidad":342,"NombreUnidad":"CR-223","IDOperador":1143,"NombreOperador":"FERNANDO TEY","IDEstatusViaje":2,"NombreEstatus":"Entregado","FechaInicio":"2/18/2026 12:00:00 AM","HoraInicio":"07:20","HoraFin":"09:20","IDObra":9876034,"NombreObra":"corfu residencial","IDClienteSAE":9876,"NombreCliente":"MX CONSTRUCCIONES","IDUso":8,"NombreUso":"Losa","IDProducto":491,"NombreProducto":"CONCRETO f\u0027c=200 Ag=20 Rev=14 A1 B","Remision":"M6/67125","CveCiudad":"MTY","NombreVendedor":"ENRIQUE ALVAREZ"},{"Id_Viaje":3040199,"IDPedido":583092,"CargaViaje":7,"IDPlanta":13,"NombrePlantaViaje":"G1- VALLE DE LA MISERICORDIA","IDUnidad":317,"NombreUnidad":"CR-023","IDOperador":481,"NombreOperador":"[LIBRE] LIBRE","IDEstatusViaje":1,"NombreEstatus":"Despachado","FechaInicio":"2/18/2026 12:00:00 AM","HoraInicio":"08:00","HoraFin":"10:00","IDObra":2949006,"NombreObra":"BUGAMBILIA ESQ ORQUIDEA COLONIA AGRICOLA","IDClienteSAE":2949,"NombreCliente":"ESTUDIOS SISTEMAS Y CONSTRUCCIONES","IDUso":1,"NombreUso":"Banqueta","IDProducto":3279,"NombreProducto":"CONCRETO f\u0027c:200 Ag=10 Rev:10 A1 D","Remision":"G1/70700","CveCiudad":"GDL","NombreVendedor":"MIGUEL BAUTISTA"},{"Id_Viaje":3040201,"IDPedido":583093,"CargaViaje":7,"IDPlanta":13,"NombrePlantaViaje":"G1- VALLE DE LA MISERICORDIA","IDUnidad":138,"NombreUnidad":"CR-028","IDOperador":484,"NombreOperador":"[LIBRE] X","IDEstatusViaje":1,"NombreEstatus":"Despachado","FechaInicio":"2/18/2026 12:00:00 AM","HoraInicio":"10:00","HoraFin":"12:00","IDObra":2949006,"NombreObra":"BUGAMBILIA ESQ ORQUIDEA COLONIA AGRICOLA","IDClienteSAE":2949,"NombreCliente":"ESTUDIOS SISTEMAS Y CONSTRUCCIONES","IDUso":8,"NombreUso":"Losa","IDProducto":2773,"NombreProducto":"CONCRETO MR:45 Ag=40 Rev:10 A1 D","Remision":"G1/70701","CveCiudad":"GDL","NombreVendedor":"MIGUEL BAUTISTA"},{"Id_Viaje":3040203,"IDPedido":583093,"CargaViaje":7,"IDPlanta":13,"NombrePlantaViaje":"G1- VALLE DE LA MISERICORDIA","IDUnidad":319,"NombreUnidad":"CR-040","IDOperador":481,"NombreOperador":"[LIBRE] LIBRE","IDEstatusViaje":1,"NombreEstatus":"Despachado","FechaInicio":"2/18/2026 12:00:00 AM","HoraInicio":"12:00","HoraFin":"14:00","IDObra":2949006,"NombreObra":"BUGAMBILIA ESQ ORQUIDEA COLONIA AGRICOLA","IDClienteSAE":2949,"NombreCliente":"ESTUDIOS SISTEMAS Y CONSTRUCCIONES","IDUso":8,"NombreUso":"Losa","IDProducto":2773,"NombreProducto":"CONCRETO MR:45 Ag=40 Rev:10 A1 D","Remision":"G1/70702","CveCiudad":"GDL","NombreVendedor":"MIGUEL BAUTISTA"},{"Id_Viaje":3040205,"IDPedido":583093,"CargaViaje":7,"IDPlanta":13,"NombrePlantaViaje":"G1- VALLE DE LA MISERICORDIA","IDUnidad":86,"NombreUnidad":"CR-049","IDOperador":93,"NombreOperador":"MARCO ANTONIO GUZMAN","IDEstatusViaje":1,"NombreEstatus":"Despachado","FechaInicio":"2/18/2026 12:00:00 AM","HoraInicio":"14:00","HoraFin":"16:00","IDObra":2949006,"NombreObra":"BUGAMBILIA ESQ ORQUIDEA COLONIA AGRICOLA","IDClienteSAE":2949,"NombreCliente":"ESTUDIOS SISTEMAS Y CONSTRUCCIONES","IDUso":8,"NombreUso":"Losa","IDProducto":2773,"NombreProducto":"CONCRETO MR:45 Ag=40 Rev:10 A1 D","Remision":"G1/70704","CveCiudad":"GDL","NombreVendedor":"MIGUEL BAUTISTA"},{"Id_Viaje":3040207,"IDPedido":583093,"CargaViaje":7,"IDPlanta":13,"NombrePlantaViaje":"G1- VALLE DE LA MISERICORDIA","IDUnidad":85,"NombreUnidad":"CR-110","IDOperador":735,"NombreOperador":"J NICOLAS FRANCO","IDEstatusViaje":1,"NombreEstatus":"Despachado","FechaInicio":"2/18/2026 12:00:00 AM","HoraInicio":"16:00","HoraFin":"18:00","IDObra":2949006,"NombreObra":"BUGAMBILIA ESQ ORQUIDEA COLONIA AGRICOLA","IDClienteSAE":2949,"NombreCliente":"ESTUDIOS SISTEMAS Y CONSTRUCCIONES","IDUso":8,"NombreUso":"Losa","IDProducto":2773,"NombreProducto":"CONCRETO MR:45 Ag=40 Rev:10 A1 D","Remision":"G1/70705","CveCiudad":"GDL","NombreVendedor":"MIGUEL BAUTISTA"},{"Id_Viaje":3040209,"IDPedido":583093,"CargaViaje":7,"IDPlanta":13,"NombrePlantaViaje":"G1- VALLE DE LA MISERICORDIA","IDUnidad":88,"NombreUnidad":"CR-113","IDOperador":487,"NombreOperador":"[LIBRE] X","IDEstatusViaje":1,"NombreEstatus":"Despachado","FechaInicio":"2/18/2026 12:00:00 AM","HoraInicio":"18:00","HoraFin":"20:00","IDObra":2949006,"NombreObra":"BUGAMBILIA ESQ ORQUIDEA COLONIA AGRICOLA","IDClienteSAE":2949,"NombreCliente":"ESTUDIOS SISTEMAS Y CONSTRUCCIONES","IDUso":8,"NombreUso":"Losa","IDProducto":2773,"NombreProducto":"CONCRETO MR:45 Ag=40 Rev:10 A1 D","Remision":"G1/70706","CveCiudad":"GDL","NombreVendedor":"MIGUEL BAUTISTA"},{"Id_Viaje":3040213,"IDPedido":583095,"CargaViaje":7,"IDPlanta":31,"NombrePlantaViaje":"G3-Tlajomulco","IDUnidad":190,"NombreUnidad":"CR-081","IDOperador":102,"NombreOperador":"ALFONSO OVALLE","IDEstatusViaje":1,"NombreEstatus":"Despachado","FechaInicio":"2/18/2026 12:00:00 AM","HoraInicio":"09:30","HoraFin":"11:30","IDObra":4250010,"NombreObra":"acatlan 2","IDClienteSAE":4250,"NombreCliente":"CONSTRUCTORA SOLURG","IDUso":60,"NombreUso":"Machuelo","IDProducto":11453,"NombreProducto":"CONCRETO f\u0027c=200 Ag=20 Rev=10 D 28","Remision":"G3/49917","CveCiudad":"GDL","NombreVendedor":"RODOLFO ARREDONDO"},{"Id_Viaje":3040215,"IDPedido":583096,"CargaViaje":6.5,"IDPlanta":31,"NombrePlantaViaje":"G3-Tlajomulco","IDUnidad":151,"NombreUnidad":"CR-086","IDOperador":102,"NombreOperador":"ALFONSO OVALLE","IDEstatusViaje":1,"NombreEstatus":"Despachado","FechaInicio":"2/18/2026 12:00:00 AM","HoraInicio":"12:30","HoraFin":"14:30","IDObra":4250010,"NombreObra":"acatlan 2","IDClienteSAE":4250,"NombreCliente":"CONSTRUCTORA SOLURG","IDUso":60,"NombreUso":"Machuelo","IDProducto":11448,"NombreProducto":"CONCRETO f\u0027c=250 Ag=20 Rev=10 D 28","Remision":"G3/49918","CveCiudad":"GDL","NombreVendedor":"RODOLFO ARREDONDO"},{"Id_Viaje":3040217,"IDPedido":582855,"CargaViaje":4,"IDPlanta":18,"NombrePlantaViaje":"M7-Salinas","IDUnidad":46,"NombreUnidad":"CR-061","IDOperador":1440,"NombreOperador":"HECTOR ALEJANDRO SALAZAR","IDEstatusViaje":2,"NombreEstatus":"Entregado","FechaInicio":"2/18/2026 12:00:00 AM","HoraInicio":"07:30","HoraFin":"09:30","IDObra":11894001,"NombreObra":"NAVE LEA","IDClienteSAE":11894,"NombreCliente":"GRUPO COYSE","IDUso":29,"NombreUso":"Base","IDProducto":551,"NombreProducto":"CONCRETO f\u0027c=250 Ag=20 Rev=14 A1 D","Remision":"M7/41069","CveCiudad":"MTY","NombreVendedor":"CASA PROGRAMACION"},{"Id_Viaje":3040221,"IDPedido":583097,"CargaViaje":7,"IDPlanta":34,"NombrePlantaViaje":"A2-San Francisco","IDUnidad":122,"NombreUnidad":"CR-043-","IDOperador":1067,"NombreOperador":"JUAN HUMBERTO MARQUEZ","IDEstatusViaje":1,"NombreEstatus":"Despachado","FechaInicio":"2/18/2026 12:00:00 AM","HoraInicio":"06:00","HoraFin":"08:00","IDObra":4997001,"NombreObra":"PEPSICO","IDClienteSAE":4997,"NombreCliente":"LAMAK INSTALACIONES","IDUso":25,"NombreUso":"Pavimento","IDProducto":2606,"NombreProducto":"CONCRETO MR=42 Ag=40 Rev 10 R7 D","Remision":"A2/41622","CveCiudad":"AGS","NombreVendedor":"CASA CASA"},{"Id_Viaje":3040223,"IDPedido":583097,"CargaViaje":7,"IDPlanta":34,"NombrePlantaViaje":"A2-San Francisco","IDUnidad":350,"NombreUnidad":"CR-047","IDOperador":1076,"NombreOperador":"EZEQUIEL SANDOVAL","IDEstatusViaje":1,"NombreEstatus":"Despachado","FechaInicio":"2/18/2026 12:00:00 AM","HoraInicio":"06:10","HoraFin":"08:10","IDObra":4997001,"NombreObra":"PEPSICO","IDClienteSAE":4997,"NombreCliente":"LAMAK INSTALACIONES","IDUso":25,"NombreUso":"Pavimento","IDProducto":2606,"NombreProducto":"CONCRETO MR=42 Ag=40 Rev 10 R7 D","Remision":"A2/41623","CveCiudad":"AGS","NombreVendedor":"CASA CASA"},{"Id_Viaje":3040225,"IDPedido":583097,"CargaViaje":7,"IDPlanta":34,"NombrePlantaViaje":"A2-San Francisco","IDUnidad":48,"NombreUnidad":"CR-063 ZRB","IDOperador":1500,"NombreOperador":"RICARDO CHAVEZ","IDEstatusViaje":1,"NombreEstatus":"Despachado","FechaInicio":"2/18/2026 12:00:00 AM","HoraInicio":"06:20","HoraFin":"08:20","IDObra":4997001,"NombreObra":"PEPSICO","IDClienteSAE":4997,"NombreCliente":"LAMAK INSTALACIONES","IDUso":25,"NombreUso":"Pavimento","IDProducto":2606,"NombreProducto":"CONCRETO MR=42 Ag=40 Rev 10 R7 D","Remision":"A2/41624","CveCiudad":"AGS","NombreVendedor":"CASA CASA"},{"Id_Viaje":3040227,"IDPedido":583097,"CargaViaje":7,"IDPlanta":34,"NombrePlantaViaje":"A2-San Francisco","IDUnidad":108,"NombreUnidad":"CR-098 2RD","IDOperador":1503,"NombreOperador":"ALBERTO HERNANDEZ","IDEstatusViaje":1,"NombreEstatus":"Despachado","FechaInicio":"2/18/2026 12:00:00 AM","HoraInicio":"06:30","HoraFin":"08:30","IDObra":4997001,"NombreObra":"PEPSICO","IDClienteSAE":4997,"NombreCliente":"LAMAK INSTALACIONES","IDUso":25,"NombreUso":"Pavimento","IDProducto":2606,"NombreProducto":"CONCRETO MR=42 Ag=40 Rev 10 R7 D","Remision":"A2/41625","CveCiudad":"AGS","NombreVendedor":"CASA CASA"},{"Id_Viaje":3040229,"IDPedido":583097,"CargaViaje":7,"IDPlanta":34,"NombrePlantaViaje":"A2-San Francisco","IDUnidad":113,"NombreUnidad":"CR-140 CRE","IDOperador":1501,"NombreOperador":"ANTONIO NAVARRO","IDEstatusViaje":1,"NombreEstatus":"Despachado","FechaInicio":"2/18/2026 12:00:00 AM","HoraInicio":"06:40","HoraFin":"08:40","IDObra":4997001,"NombreObra":"PEPSICO","IDClienteSAE":4997,"NombreCliente":"LAMAK INSTALACIONES","IDUso":25,"NombreUso":"Pavimento","IDProducto":2606,"NombreProducto":"CONCRETO MR=42 Ag=40 Rev 10 R7 D","Remision":"A2/41626","CveCiudad":"AGS","NombreVendedor":"CASA CASA"},{"Id_Viaje":3040231,"IDPedido":583097,"CargaViaje":7,"IDPlanta":34,"NombrePlantaViaje":"A2-San Francisco","IDUnidad":112,"NombreUnidad":"CR-154 TRE","IDOperador":1504,"NombreOperador":"HUGO MEDINA","IDEstatusViaje":1,"NombreEstatus":"Despachado","FechaInicio":"2/18/2026 12:00:00 AM","HoraInicio":"06:50","HoraFin":"08:50","IDObra":4997001,"NombreObra":"PEPSICO","IDClienteSAE":4997,"NombreCliente":"LAMAK INSTALACIONES","IDUso":25,"NombreUso":"Pavimento","IDProducto":2606,"NombreProducto":"CONCRETO MR=42 Ag=40 Rev 10 R7 D","Remision":"A2/41628","CveCiudad":"AGS","NombreVendedor":"CASA CASA"},{"Id_Viaje":3040233,"IDPedido":583097,"CargaViaje":7,"IDPlanta":34,"NombrePlantaViaje":"A2-San Francisco","IDUnidad":328,"NombreUnidad":"CR-178","IDOperador":916,"NombreOperador":"CESAR DIAZ DE LEON","IDEstatusViaje":1,"NombreEstatus":"Despachado","FechaInicio":"2/18/2026 12:00:00 AM","HoraInicio":"07:00","HoraFin":"09:00","IDObra":4997001,"NombreObra":"PEPSICO","IDClienteSAE":4997,"NombreCliente":"LAMAK INSTALACIONES","IDUso":25,"NombreUso":"Pavimento","IDProducto":2606,"NombreProducto":"CONCRETO MR=42 Ag=40 Rev 10 R7 D","Remision":"A2/41629","CveCiudad":"AGS","NombreVendedor":"CASA CASA"},{"Id_Viaje":3040235,"IDPedido":583097,"CargaViaje":7,"IDPlanta":34,"NombrePlantaViaje":"A2-San Francisco","IDUnidad":327,"NombreUnidad":"CR-201 9RG","IDOperador":1502,"NombreOperador":"JUAN FELIPE MARENTES","IDEstatusViaje":1,"NombreEstatus":"Despachado","FechaInicio":"2/18/2026 12:00:00 AM","HoraInicio":"07:10","HoraFin":"09:10","IDObra":4997001,"NombreObra":"PEPSICO","IDClienteSAE":4997,"NombreCliente":"LAMAK INSTALACIONES","IDUso":25,"NombreUso":"Pavimento","IDProducto":2606,"NombreProducto":"CONCRETO MR=42 Ag=40 Rev 10 R7 D","Remision":"A2/41630","CveCiudad":"AGS","NombreVendedor":"CASA CASA"},{"Id_Viaje":3040237,"IDPedido":583097,"CargaViaje":7,"IDPlanta":34,"NombrePlantaViaje":"A2-San Francisco","IDUnidad":107,"NombreUnidad":"CR-050","IDOperador":677,"NombreOperador":"EDMUNDO DE LOERA","IDEstatusViaje":1,"NombreEstatus":"Despachado","FechaInicio":"2/18/2026 12:00:00 AM","HoraInicio":"11:10","HoraFin":"13:10","IDObra":4997001,"NombreObra":"PEPSICO","IDClienteSAE":4997,"NombreCliente":"LAMAK INSTALACIONES","IDUso":25,"NombreUso":"Pavimento","IDProducto":2606,"NombreProducto":"CONCRETO MR=42 Ag=40 Rev 10 R7 D","Remision":"A2/41631","CveCiudad":"AGS","NombreVendedor":"CASA CASA"},{"Id_Viaje":3040239,"IDPedido":583097,"CargaViaje":7,"IDPlanta":34,"NombrePlantaViaje":"A2-San Francisco","IDUnidad":350,"NombreUnidad":"CR-047","IDOperador":1076,"NombreOperador":"EZEQUIEL SANDOVAL","IDEstatusViaje":1,"NombreEstatus":"Despachado","FechaInicio":"2/18/2026 12:00:00 AM","HoraInicio":"11:20","HoraFin":"13:20","IDObra":4997001,"NombreObra":"PEPSICO","IDClienteSAE":4997,"NombreCliente":"LAMAK INSTALACIONES","IDUso":25,"NombreUso":"Pavimento","IDProducto":2606,"NombreProducto":"CONCRETO MR=42 Ag=40 Rev 10 R7 D","Remision":"A2/41632","CveCiudad":"AGS","NombreVendedor":"CASA CASA"},{"Id_Viaje":3040241,"IDPedido":583108,"CargaViaje":7,"IDPlanta":36,"NombrePlantaViaje":"Q1-Apaseo","IDUnidad":104,"NombreUnidad":"CR-024","IDOperador":1524,"NombreOperador":"ALEJANDRO VALLEJO","IDEstatusViaje":2,"NombreEstatus":"Entregado","FechaInicio":"2/18/2026 12:00:00 AM","HoraInicio":"06:30","HoraFin":"08:30","IDObra":927001,"NombreObra":"el faro de los cisnes","IDClienteSAE":927,"NombreCliente":"CONSTRUCTORA EL FARO DE LOS CISNES","IDUso":1,"NombreUso":"Banqueta","IDProducto":4400,"NombreProducto":"CONCRETO f\u0027c=150 Ag=20 Rev=14 D 28","Remision":"Q1/11540","CveCiudad":"QRO","NombreVendedor":"MIGUEL ANGEL GUTIERREZ"},{"Id_Viaje":3040243,"IDPedido":583087,"CargaViaje":7,"IDPlanta":23,"NombrePlantaViaje":"L1-Leon","IDUnidad":165,"NombreUnidad":"CR-207 FRG","IDOperador":1634,"NombreOperador":"JOSE GUADALUPE POZOS","IDEstatusViaje":1,"NombreEstatus":"Despachado","FechaInicio":"2/18/2026 12:00:00 AM","HoraInicio":"07:00","HoraFin":"09:00","IDObra":2967001,"NombreObra":"CASTORES BLVD MORELOS","IDClienteSAE":2967,"NombreCliente":"ARQUIA","IDUso":7,"NombreUso":"Firme","IDProducto":2934,"NombreProducto":"CONCRETO MR=45 Ag=40 Rev 10 R3 D","Remision":"L1/41044","CveCiudad":"LEON","NombreVendedor":"OFICINA MATRIZ"},{"Id_Viaje":3040245,"IDPedido":583087,"CargaViaje":7,"IDPlanta":23,"NombrePlantaViaje":"L1-Leon","IDUnidad":292,"NombreUnidad":"CR-210 JRG","IDOperador":1609,"NombreOperador":"ANDRES GONZALEZ","IDEstatusViaje":1,"NombreEstatus":"Despachado","FechaInicio":"2/18/2026 12:00:00 AM","HoraInicio":"07:10","HoraFin":"09:10","IDObra":2967001,"NombreObra":"CASTORES BLVD MORELOS","IDClienteSAE":2967,"NombreCliente":"ARQUIA","IDUso":7,"NombreUso":"Firme","IDProducto":2934,"NombreProducto":"CONCRETO MR=45 Ag=40 Rev 10 R3 D","Remision":"L1/41045","CveCiudad":"LEON","NombreVendedor":"OFICINA MATRIZ"},{"Id_Viaje":3040247,"IDPedido":583087,"CargaViaje":7,"IDPlanta":23,"NombrePlantaViaje":"L1-Leon","IDUnidad":353,"NombreUnidad":"CR-221 XRG","IDOperador":1624,"NombreOperador":"JUAN VICTOR PEREZ","IDEstatusViaje":1,"NombreEstatus":"Despachado","FechaInicio":"2/18/2026 12:00:00 AM","HoraInicio":"07:20","HoraFin":"09:20","IDObra":2967001,"NombreObra":"CASTORES BLVD MORELOS","IDClienteSAE":2967,"NombreCliente":"ARQUIA","IDUso":7,"NombreUso":"Firme","IDProducto":2934,"NombreProducto":"CONCRETO MR=45 Ag=40 Rev 10 R3 D","Remision":"L1/41046","CveCiudad":"LEON","NombreVendedor":"OFICINA MATRIZ"},{"Id_Viaje":3040249,"IDPedido":583098,"CargaViaje":7,"IDPlanta":20,"NombrePlantaViaje":"A1-Ojo Caliente","IDUnidad":295,"NombreUnidad":"CR-065","IDOperador":675,"NombreOperador":"JUAN ANTONIO HERRERA","IDEstatusViaje":1,"NombreEstatus":"Despachado","FechaInicio":"2/18/2026 12:00:00 AM","HoraInicio":"06:30","HoraFin":"08:30","IDObra":3435021,"NombreObra":"ESCUELA MILITAR","IDClienteSAE":3435,"NombreCliente":"ATECO","IDUso":8,"NombreUso":"Losa","IDProducto":2555,"NombreProducto":"CONCRETO f\u0027c:250 Ag=20 Rev:14 RR3 B","Remision":"A1/96508","CveCiudad":"AGS","NombreVendedor":"HECTOR VILLANUEVA"},{"Id_Viaje":3040251,"IDPedido":583098,"CargaViaje":7,"IDPlanta":20,"NombrePlantaViaje":"A1-Ojo Caliente","IDUnidad":115,"NombreUnidad":"CR-069","IDOperador":209,"NombreOperador":"MARCO DE LEON","IDEstatusViaje":1,"NombreEstatus":"Despachado","FechaInicio":"2/18/2026 12:00:00 AM","HoraInicio":"06:40","HoraFin":"08:40","IDObra":3435021,"NombreObra":"ESCUELA MILITAR","IDClienteSAE":3435,"NombreCliente":"ATECO","IDUso":8,"NombreUso":"Losa","IDProducto":2555,"NombreProducto":"CONCRETO f\u0027c:250 Ag=20 Rev:14 RR3 B","Remision":"A1/96509","CveCiudad":"AGS","NombreVendedor":"HECTOR VILLANUEVA"},{"Id_Viaje":3040253,"IDPedido":583098,"CargaViaje":7,"IDPlanta":20,"NombrePlantaViaje":"A1-Ojo Caliente","IDUnidad":101,"NombreUnidad":"CR-071","IDOperador":45,"NombreOperador":"BRANDON ESTRADA","IDEstatusViaje":1,"NombreEstatus":"Despachado","FechaInicio":"2/18/2026 12:00:00 AM","HoraInicio":"06:50","HoraFin":"08:50","IDObra":3435021,"NombreObra":"ESCUELA MILITAR","IDClienteSAE":3435,"NombreCliente":"ATECO","IDUso":8,"NombreUso":"Losa","IDProducto":2555,"NombreProducto":"CONCRETO f\u0027c:250 Ag=20 Rev:14 RR3 B","Remision":"A1/96510","CveCiudad":"AGS","NombreVendedor":"HECTOR VILLANUEVA"},{"Id_Viaje":3040255,"IDPedido":583098,"CargaViaje":7,"IDPlanta":20,"NombrePlantaViaje":"A1-Ojo Caliente","IDUnidad":116,"NombreUnidad":"CR-098","IDOperador":44,"NombreOperador":"ALBERTO HERRERA","IDEstatusViaje":1,"NombreEstatus":"Despachado","FechaInicio":"2/18/2026 12:00:00 AM","HoraInicio":"07:00","HoraFin":"09:00","IDObra":3435021,"NombreObra":"ESCUELA MILITAR","IDClienteSAE":3435,"NombreCliente":"ATECO","IDUso":8,"NombreUso":"Losa","IDProducto":2555,"NombreProducto":"CONCRETO f\u0027c:250 Ag=20 Rev:14 RR3 B","Remision":"A1/96511","CveCiudad":"AGS","NombreVendedor":"HECTOR VILLANUEVA"},{"Id_Viaje":3040257,"IDPedido":583098,"CargaViaje":7,"IDPlanta":20,"NombrePlantaViaje":"A1-Ojo Caliente","IDUnidad":109,"NombreUnidad":"CR-106","IDOperador":49,"NombreOperador":"ANTONIO RAMIREZ","IDEstatusViaje":1,"NombreEstatus":"Despachado","FechaInicio":"2/18/2026 12:00:00 AM","HoraInicio":"07:10","HoraFin":"09:10","IDObra":3435021,"NombreObra":"ESCUELA MILITAR","IDClienteSAE":3435,"NombreCliente":"ATECO","IDUso":8,"NombreUso":"Losa","IDProducto":2555,"NombreProducto":"CONCRETO f\u0027c:250 Ag=20 Rev:14 RR3 B","Remision":"A1/96512","CveCiudad":"AGS","NombreVendedor":"HECTOR VILLANUEVA"},{"Id_Viaje":3040259,"IDPedido":583098,"CargaViaje":7,"IDPlanta":20,"NombrePlantaViaje":"A1-Ojo Caliente","IDUnidad":331,"NombreUnidad":"CR-140-","IDOperador":1419,"NombreOperador":"JUAN HUMBERTO MARQUEZ","IDEstatusViaje":1,"NombreEstatus":"Despachado","FechaInicio":"2/18/2026 12:00:00 AM","HoraInicio":"07:20","HoraFin":"09:20","IDObra":3435021,"NombreObra":"ESCUELA MILITAR","IDClienteSAE":3435,"NombreCliente":"ATECO","IDUso":8,"NombreUso":"Losa","IDProducto":2555,"NombreProducto":"CONCRETO f\u0027c:250 Ag=20 Rev:14 RR3 B","Remision":"A1/96514","CveCiudad":"AGS","NombreVendedor":"HECTOR VILLANUEVA"},{"Id_Viaje":3040261,"IDPedido":583098,"CargaViaje":7,"IDPlanta":20,"NombrePlantaViaje":"A1-Ojo Caliente","IDUnidad":106,"NombreUnidad":"CR-157","IDOperador":48,"NombreOperador":"ROBERTO GONGORA","IDEstatusViaje":1,"NombreEstatus":"Despachado","FechaInicio":"2/18/2026 12:00:00 AM","HoraInicio":"07:30","HoraFin":"09:30","IDObra":3435021,"NombreObra":"ESCUELA MILITAR","IDClienteSAE":3435,"NombreCliente":"ATECO","IDUso":8,"NombreUso":"Losa","IDProducto":2555,"NombreProducto":"CONCRETO f\u0027c:250 Ag=20 Rev:14 RR3 B","Remision":"A1/96515","CveCiudad":"AGS","NombreVendedor":"HECTOR VILLANUEVA"},{"Id_Viaje":3040263,"IDPedido":583098,"CargaViaje":7,"IDPlanta":20,"NombrePlantaViaje":"A1-Ojo Caliente","IDUnidad":329,"NombreUnidad":"CR-179","IDOperador":790,"NombreOperador":"JOSE RAUL DE LEON","IDEstatusViaje":1,"NombreEstatus":"Despachado","FechaInicio":"2/18/2026 12:00:00 AM","HoraInicio":"07:40","HoraFin":"09:40","IDObra":3435021,"NombreObra":"ESCUELA MILITAR","IDClienteSAE":3435,"NombreCliente":"ATECO","IDUso":8,"NombreUso":"Losa","IDProducto":2555,"NombreProducto":"CONCRETO f\u0027c:250 Ag=20 Rev:14 RR3 B","Remision":"A1/96516","CveCiudad":"AGS","NombreVendedor":"HECTOR VILLANUEVA"},{"Id_Viaje":3040265,"IDPedido":583109,"CargaViaje":6,"IDPlanta":36,"NombrePlantaViaje":"Q1-Apaseo","IDUnidad":266,"NombreUnidad":"CR-136","IDOperador":1585,"NombreOperador":"CARLOS ANTONIO VILLALVA","IDEstatusViaje":2,"NombreEstatus":"Entregado","FechaInicio":"2/18/2026 12:00:00 AM","HoraInicio":"07:00","HoraFin":"09:00","IDObra":313001,"NombreObra":"HACIENDA SUR","IDClienteSAE":313,"NombreCliente":"VALLE DE LOS MEZQUITES","IDUso":2,"NombreUso":"Cimentacion","IDProducto":4351,"NombreProducto":"CONCRETO f\u0027c=200 Ag=20 Rev=10 D 28","Remision":"Q1/11541","CveCiudad":"QRO","NombreVendedor":"YIMI EDUARDO VAZQUEZ"},{"Id_Viaje":3040267,"IDPedido":583110,"CargaViaje":4,"IDPlanta":23,"NombrePlantaViaje":"L1-Leon","IDUnidad":354,"NombreUnidad":"CR-226 2RH","IDOperador":1329,"NombreOperador":"CHRISTIAN ALEJANDRO ARENAS","IDEstatusViaje":1,"NombreEstatus":"Despachado","FechaInicio":"2/18/2026 12:00:00 AM","HoraInicio":"08:00","HoraFin":"10:00","IDObra":3171001,"NombreObra":"ANSELMO CHAVEZ SILAO","IDClienteSAE":3171,"NombreCliente":"ANSELMO CHAVEZ PEREZ","IDUso":19,"NombreUso":"Loza de Entrepiso","IDProducto":2861,"NombreProducto":"CONCRETO f\u0027c:250 Ag=20 Rev:14 A1 B","Remision":"L1/41048","CveCiudad":"LEON","NombreVendedor":"OFICINA MATRIZ"},{"Id_Viaje":3040269,"IDPedido":583110,"CargaViaje":4.5,"IDPlanta":23,"NombrePlantaViaje":"L1-Leon","IDUnidad":351,"NombreUnidad":"CR-237-DRH","IDOperador":1701,"NombreOperador":"MARTIN FLORES","IDEstatusViaje":1,"NombreEstatus":"Despachado","FechaInicio":"2/18/2026 12:00:00 AM","HoraInicio":"08:10","HoraFin":"10:10","IDObra":3171001,"NombreObra":"ANSELMO CHAVEZ SILAO","IDClienteSAE":3171,"NombreCliente":"ANSELMO CHAVEZ PEREZ","IDUso":19,"NombreUso":"Loza de Entrepiso","IDProducto":2861,"NombreProducto":"CONCRETO f\u0027c:250 Ag=20 Rev:14 A1 B","Remision":"L1/41047","CveCiudad":"LEON","NombreVendedor":"OFICINA MATRIZ"},{"Id_Viaje":3040271,"IDPedido":582860,"CargaViaje":5,"IDPlanta":19,"NombrePlantaViaje":"M1-Apodaca","IDUnidad":261,"NombreUnidad":"CR-213","IDOperador":1631,"NombreOperador":"IVAN SANCHEZ","IDEstatusViaje":2,"NombreEstatus":"Entregado","FechaInicio":"2/18/2026 12:00:00 AM","HoraInicio":"07:50","HoraFin":"09:50","IDObra":12154003,"NombreObra":"heb la fe","IDClienteSAE":12154,"NombreCliente":"EDIFICADORA INDUSTRIAL DEL RIO","IDUso":1,"NombreUso":"Banqueta","IDProducto":513,"NombreProducto":"CONCRETO f\u0027c=200 Ag=20 Rev=14 A1 D","Remision":"M1/91199","CveCiudad":"MTY","NombreVendedor":"CESAR LUNA"},{"Id_Viaje":3040273,"IDPedido":583115,"CargaViaje":5,"IDPlanta":30,"NombrePlantaViaje":"P1-Coronango","IDUnidad":195,"NombreUnidad":"CR-158","IDOperador":1006,"NombreOperador":"VICTOR MANUEL HERNANDEZ","IDEstatusViaje":1,"NombreEstatus":"Despachado","FechaInicio":"2/18/2026 12:00:00 AM","HoraInicio":"08:00","HoraFin":"10:00","IDObra":845011,"NombreObra":"fracc platiniO","IDClienteSAE":845,"NombreCliente":"GRUPO BRECASA","IDUso":21,"NombreUso":"Castillos","IDProducto":11315,"NombreProducto":"CONCRETO f\u0027c=200 Ag=10 Rev=14 D 28","Remision":"P1/38594","CveCiudad":"PUE","NombreVendedor":"VENDEDOR PUEBLA ."},{"Id_Viaje":3040275,"IDPedido":583114,"CargaViaje":3.5,"IDPlanta":34,"NombrePlantaViaje":"A2-San Francisco","IDUnidad":122,"NombreUnidad":"CR-043-","IDOperador":1067,"NombreOperador":"JUAN HUMBERTO MARQUEZ","IDEstatusViaje":1,"NombreEstatus":"Despachado","FechaInicio":"2/18/2026 12:00:00 AM","HoraInicio":"08:00","HoraFin":"10:00","IDObra":4747004,"NombreObra":"SAN FRANCISCO DE LOS ROMOS","IDClienteSAE":4747,"NombreCliente":"DAPAC DISEÑO Y CONSTRUCCION","IDUso":7,"NombreUso":"Firme","IDProducto":2523,"NombreProducto":"CONCRETO f´c: 200 Ag=20 Rev: 10 RR A1","Remision":"A2/41627","CveCiudad":"AGS","NombreVendedor":"HECTOR VILLANUEVA"},{"Id_Viaje":3040277,"IDPedido":582852,"CargaViaje":6,"IDPlanta":19,"NombrePlantaViaje":"M1-Apodaca","IDUnidad":71,"NombreUnidad":"CR-038","IDOperador":1508,"NombreOperador":"VICTOR MANUEL CAMARILLO","IDEstatusViaje":2,"NombreEstatus":"Entregado","FechaInicio":"2/18/2026 12:00:00 AM","HoraInicio":"13:00","HoraFin":"15:00","IDObra":11687007,"NombreObra":"ALTERRA - PLUVIAL","IDClienteSAE":11687,"NombreCliente":"CONSTRUCCIONES INTEGRALES PAYAN MORENO","IDUso":9,"NombreUso":"Muro","IDProducto":513,"NombreProducto":"CONCRETO f\u0027c=200 Ag=20 Rev=14 A1 D","Remision":"M1/91209","CveCiudad":"MTY","NombreVendedor":"ENRIQUE ALVAREZ"},{"Id_Viaje":3040283,"IDPedido":583099,"CargaViaje":7,"IDPlanta":20,"NombrePlantaViaje":"A1-Ojo Caliente","IDUnidad":168,"NombreUnidad":"CR-181","IDOperador":43,"NombreOperador":"CARLOS VALDEZ","IDEstatusViaje":1,"NombreEstatus":"Despachado","FechaInicio":"2/18/2026 12:00:00 AM","HoraInicio":"08:10","HoraFin":"10:10","IDObra":2820038,"NombreObra":"GPE PERALTA","IDClienteSAE":2820,"NombreCliente":"URBANIZACIONES ARGU","IDUso":7,"NombreUso":"Firme","IDProducto":1014,"NombreProducto":"CONCRETO f\u0027c:200 Ag=20. Rev: 10 A1 D","Remision":"A1/96513","CveCiudad":"AGS","NombreVendedor":"CASA CASA"},{"Id_Viaje":3040285,"IDPedido":583099,"CargaViaje":7,"IDPlanta":20,"NombrePlantaViaje":"A1-Ojo Caliente","IDUnidad":358,"NombreUnidad":"CR-220 WRG","IDOperador":1505,"NombreOperador":"RAUL DE LEON","IDEstatusViaje":1,"NombreEstatus":"Despachado","FechaInicio":"2/18/2026 12:00:00 AM","HoraInicio":"08:20","HoraFin":"10:20","IDObra":2820038,"NombreObra":"GPE PERALTA","IDClienteSAE":2820,"NombreCliente":"URBANIZACIONES ARGU","IDUso":7,"NombreUso":"Firme","IDProducto":1014,"NombreProducto":"CONCRETO f\u0027c:200 Ag=20. Rev: 10 A1 D","Remision":"A1/96517","CveCiudad":"AGS","NombreVendedor":"CASA CASA"},{"Id_Viaje":3040287,"IDPedido":583111,"CargaViaje":1,"IDPlanta":23,"NombrePlantaViaje":"L1-Leon","IDUnidad":352,"NombreUnidad":"CR-246-NRH","IDOperador":1325,"NombreOperador":"RAMIRO HERNANDEZ","IDEstatusViaje":1,"NombreEstatus":"Despachado","FechaInicio":"2/18/2026 12:00:00 AM","HoraInicio":"09:00","HoraFin":"11:00","IDObra":2784006,"NombreObra":"URBANIZACION CONTRATISTA CHICOME","IDClienteSAE":2784,"NombreCliente":"RUBA DESARROLLOS","IDUso":1,"NombreUso":"Banqueta","IDProducto":11459,"NombreProducto":"CONCRETO f\u0027c=150 Ag=20 Rev=12 D 28","Remision":"L1/41049","CveCiudad":"LEON","NombreVendedor":"OFICINA MATRIZ"},{"Id_Viaje":3040289,"IDPedido":582993,"CargaViaje":2,"IDPlanta":15,"NombrePlantaViaje":"M5-Santiago","IDUnidad":40,"NombreUnidad":"CR-031","IDOperador":1157,"NombreOperador":"JUAN JOSE ROSARIO LOPEZ","IDEstatusViaje":2,"NombreEstatus":"Entregado","FechaInicio":"2/18/2026 12:00:00 AM","HoraInicio":"23:20","HoraFin":"23:50","IDObra":12191002,"NombreObra":"los encinos","IDClienteSAE":12191,"NombreCliente":"INGENIERIA DE PAVIMENTOS ASFALTICOS Y TOPOGRAFIA","IDUso":1,"NombreUso":"Banqueta","IDProducto":513,"NombreProducto":"CONCRETO f\u0027c=200 Ag=20 Rev=14 A1 D","Remision":"M5/37096","CveCiudad":"MTY","NombreVendedor":"CASA PROGRAMACION"},{"Id_Viaje":3040300,"IDPedido":583122,"CargaViaje":4,"IDPlanta":11,"NombrePlantaViaje":"M4-Centro","IDUnidad":315,"NombreUnidad":"CR-232","IDOperador":1452,"NombreOperador":"VICTOR LOPEZ","IDEstatusViaje":2,"NombreEstatus":"Entregado","FechaInicio":"2/18/2026 12:00:00 AM","HoraInicio":"23:30","HoraFin":"01:30","IDObra":10580001,"NombreObra":"catehua","IDClienteSAE":10580,"NombreCliente":"LEMURA VIVIENDA","IDUso":17,"NombreUso":"Escalera","IDProducto":511,"NombreProducto":"CONCRETO f\u0027c=250 Ag=20 Rev=14 A1 B","Remision":"M4/89173","CveCiudad":"MTY","NombreVendedor":"BLANCA P. GARZA"},{"Id_Viaje":3040303,"IDPedido":583119,"CargaViaje":7,"IDPlanta":13,"NombrePlantaViaje":"G1- VALLE DE LA MISERICORDIA","IDUnidad":316,"NombreUnidad":"CR-013","IDOperador":40,"NombreOperador":"JUAN PABLO ESCOBAR","IDEstatusViaje":1,"NombreEstatus":"Despachado","FechaInicio":"2/18/2026 12:00:00 AM","HoraInicio":"10:30","HoraFin":"12:30","IDObra":4166034,"NombreObra":"Av. Camino Real a Colima \u0026 Av. Ramon Corona 45645 San Agustín Jal.","IDClienteSAE":4166,"NombreCliente":"TRIPOLI EMULSIONES","IDUso":1,"NombreUso":"Banqueta","IDProducto":3544,"NombreProducto":"CONCRETO f´c:250 Ag=10 Rev:10 A1 D R3","Remision":"G1/70703","CveCiudad":"GDL","NombreVendedor":"FEDERICO GARCIA"},{"Id_Viaje":3040315,"IDPedido":583112,"CargaViaje":4,"IDPlanta":23,"NombrePlantaViaje":"L1-Leon","IDUnidad":77,"NombreUnidad":"CR193-1RG","IDOperador":1623,"NombreOperador":"JORGE IGNACIO NEGRETE","IDEstatusViaje":1,"NombreEstatus":"Despachado","FechaInicio":"2/18/2026 12:00:00 AM","HoraInicio":"10:00","HoraFin":"12:00","IDObra":2784008,"NombreObra":"RUBA BOSQUES DE BREDA","IDClienteSAE":2784,"NombreCliente":"RUBA DESARROLLOS","IDUso":11,"NombreUso":"Piso","IDProducto":11655,"NombreProducto":"CONCRETO f\u0027c=200 Ag=10 Rev=14 D 28","Remision":"L1/41050","CveCiudad":"LEON","NombreVendedor":"OFICINA MATRIZ"},{"Id_Viaje":3040327,"IDPedido":583125,"CargaViaje":7,"IDPlanta":36,"NombrePlantaViaje":"Q1-Apaseo","IDUnidad":266,"NombreUnidad":"CR-136","IDOperador":1585,"NombreOperador":"CARLOS ANTONIO VILLALVA","IDEstatusViaje":2,"NombreEstatus":"Entregado","FechaInicio":"2/18/2026 12:00:00 AM","HoraInicio":"10:40","HoraFin":"12:40","IDObra":1362001,"NombreObra":"PROYECTO MARMAN UNIVERSIDAD","IDClienteSAE":1362,"NombreCliente":"INVERSIONES MARMAN","IDUso":9,"NombreUso":"Muro","IDProducto":4410,"NombreProducto":"CONCRETO f\u0027c=250 Ag=20 Rev=14 B 03","Remision":"Q1/11543","CveCiudad":"QRO","NombreVendedor":"MIGUEL ANGEL GUTIERREZ"},{"Id_Viaje":3040329,"IDPedido":583125,"CargaViaje":7,"IDPlanta":36,"NombrePlantaViaje":"Q1-Apaseo","IDUnidad":268,"NombreUnidad":"CR-137","IDOperador":1684,"NombreOperador":"BENJAMIN ROMAN","IDEstatusViaje":2,"NombreEstatus":"Entregado","FechaInicio":"2/18/2026 12:00:00 AM","HoraInicio":"10:50","HoraFin":"12:50","IDObra":1362001,"NombreObra":"PROYECTO MARMAN UNIVERSIDAD","IDClienteSAE":1362,"NombreCliente":"INVERSIONES MARMAN","IDUso":9,"NombreUso":"Muro","IDProducto":4410,"NombreProducto":"CONCRETO f\u0027c=250 Ag=20 Rev=14 B 03","Remision":"Q1/11544","CveCiudad":"QRO","NombreVendedor":"MIGUEL ANGEL GUTIERREZ"},{"Id_Viaje":3040333,"IDPedido":583094,"CargaViaje":5,"IDPlanta":16,"NombrePlantaViaje":"M6-Juarez","IDUnidad":71,"NombreUnidad":"CR-038","IDOperador":1508,"NombreOperador":"VICTOR MANUEL CAMARILLO","IDEstatusViaje":2,"NombreEstatus":"Entregado","FechaInicio":"2/18/2026 12:00:00 AM","HoraInicio":"23:10","HoraFin":"23:40","IDObra":9876034,"NombreObra":"corfu residencial","IDClienteSAE":9876,"NombreCliente":"MX CONSTRUCCIONES","IDUso":8,"NombreUso":"Losa","IDProducto":491,"NombreProducto":"CONCRETO f\u0027c=200 Ag=20 Rev=14 A1 B","Remision":"M6/67128","CveCiudad":"MTY","NombreVendedor":"ENRIQUE ALVAREZ"},{"Id_Viaje":3040335,"IDPedido":582979,"CargaViaje":5.5,"IDPlanta":19,"NombrePlantaViaje":"M1-Apodaca","IDUnidad":309,"NombreUnidad":"CR-117","IDOperador":1470,"NombreOperador":"ERICK BENJAMIN HERRERA","IDEstatusViaje":2,"NombreEstatus":"Entregado","FechaInicio":"2/18/2026 12:00:00 AM","HoraInicio":"23:10","HoraFin":"23:40","IDObra":6940043,"NombreObra":"COSMOPOLIS NAVE NIVA","IDClienteSAE":6940,"NombreCliente":"CONSTRUCTORA Y URBANIZADORA JVM DEL NORTE","IDUso":7,"NombreUso":"Firme","IDProducto":11598,"NombreProducto":"CONCRETO MR=42 Ag=20 Rev=12 D 28","Remision":"M1/91204","CveCiudad":"MTY","NombreVendedor":"ENRIQUE ALVAREZ"},{"Id_Viaje":3040337,"IDPedido":583116,"CargaViaje":4.5,"IDPlanta":34,"NombrePlantaViaje":"A2-San Francisco","IDUnidad":48,"NombreUnidad":"CR-063 ZRB","IDOperador":1500,"NombreOperador":"RICARDO CHAVEZ","IDEstatusViaje":1,"NombreEstatus":"Despachado","FechaInicio":"2/18/2026 12:00:00 AM","HoraInicio":"10:30","HoraFin":"12:30","IDObra":4510002,"NombreObra":"CONSTITUCION","IDClienteSAE":4510,"NombreCliente":"MARIA MAGDALENA CULEBRO PINTO","IDUso":1,"NombreUso":"Banqueta","IDProducto":1012,"NombreProducto":"CONCRETO f\u0027c:150 Ag=20 Rev:10 A1 D","Remision":"A2/41633","CveCiudad":"AGS","NombreVendedor":"HECTOR VILLANUEVA"},{"Id_Viaje":3040342,"IDPedido":583100,"CargaViaje":6.5,"IDPlanta":20,"NombrePlantaViaje":"A1-Ojo Caliente","IDUnidad":359,"NombreUnidad":"CR-25","IDOperador":48,"NombreOperador":"ROBERTO GONGORA","IDEstatusViaje":1,"NombreEstatus":"Despachado","FechaInicio":"2/18/2026 12:00:00 AM","HoraInicio":"11:00","HoraFin":"13:00","IDObra":4429001,"NombreObra":"real del sol","IDClienteSAE":4429,"NombreCliente":"GIG VENTA DE MATERIALES","IDUso":2,"NombreUso":"Cimentacion","IDProducto":1014,"NombreProducto":"CONCRETO f\u0027c:200 Ag=20. Rev: 10 A1 D","Remision":"A1/96518","CveCiudad":"AGS","NombreVendedor":"HECTOR VILLANUEVA"},{"Id_Viaje":3040346,"IDPedido":583134,"CargaViaje":7.5,"IDPlanta":36,"NombrePlantaViaje":"Q1-Apaseo","IDUnidad":383,"NombreUnidad":"CR-188","IDOperador":1655,"NombreOperador":"CARLOS ALARCÓN","IDEstatusViaje":2,"NombreEstatus":"Entregado","FechaInicio":"2/18/2026 12:00:00 AM","HoraInicio":"11:00","HoraFin":"13:00","IDObra":196001,"NombreObra":"LOCARNO RESIDENCIAL","IDClienteSAE":196,"NombreCliente":"LAEESA SOLUTIONS","IDUso":8,"NombreUso":"Losa","IDProducto":10801,"NombreProducto":"Relleno Fluido f\u0027c=25 Ag=A4 Rev=18 B 28","Remision":"Q1/11547","CveCiudad":"QRO","NombreVendedor":"MIGUEL ANGEL GUTIERREZ"},{"Id_Viaje":3040348,"IDPedido":583134,"CargaViaje":0,"IDPlanta":36,"NombrePlantaViaje":"Q1-Apaseo","IDUnidad":260,"NombreUnidad":"CR-206","IDOperador":1484,"NombreOperador":"JOSE HIPOLITO MEJIA","IDEstatusViaje":2,"NombreEstatus":"Entregado","FechaInicio":"2/18/2026 12:00:00 AM","HoraInicio":"11:10","HoraFin":"13:10","IDObra":196001,"NombreObra":"LOCARNO RESIDENCIAL","IDClienteSAE":196,"NombreCliente":"LAEESA SOLUTIONS","IDUso":8,"NombreUso":"Losa","IDProducto":10801,"NombreProducto":"Relleno Fluido f\u0027c=25 Ag=A4 Rev=18 B 28","Remision":"Q1/11546","CveCiudad":"QRO","NombreVendedor":"MIGUEL ANGEL GUTIERREZ"},{"Id_Viaje":3040350,"IDPedido":583066,"CargaViaje":5,"IDPlanta":16,"NombrePlantaViaje":"M6-Juarez","IDUnidad":231,"NombreUnidad":"CR-151","IDOperador":1581,"NombreOperador":"FRANCISCO JAVIER GONZALEZ","IDEstatusViaje":2,"NombreEstatus":"Entregado","FechaInicio":"2/18/2026 12:00:00 AM","HoraInicio":"13:30","HoraFin":"15:30","IDObra":12173005,"NombreObra":"brio residencial bru","IDClienteSAE":12173,"NombreCliente":"ENALTE DESARROLLOS INMOBILIARIOS","IDUso":8,"NombreUso":"Losa","IDProducto":491,"NombreProducto":"CONCRETO f\u0027c=200 Ag=20 Rev=14 A1 B","Remision":"M6/67132","CveCiudad":"MTY","NombreVendedor":"OMAR HECTOR ARTEAGA"},{"Id_Viaje":3040352,"IDPedido":583066,"CargaViaje":5,"IDPlanta":16,"NombrePlantaViaje":"M6-Juarez","IDUnidad":209,"NombreUnidad":"CR-169","IDOperador":1226,"NombreOperador":"FRANCISCO JAVIER ARAUJO RAMOS","IDEstatusViaje":2,"NombreEstatus":"Entregado","FechaInicio":"2/18/2026 12:00:00 AM","HoraInicio":"13:40","HoraFin":"15:40","IDObra":12173005,"NombreObra":"brio residencial bru","IDClienteSAE":12173,"NombreCliente":"ENALTE DESARROLLOS INMOBILIARIOS","IDUso":8,"NombreUso":"Losa","IDProducto":491,"NombreProducto":"CONCRETO f\u0027c=200 Ag=20 Rev=14 A1 B","Remision":"M6/67133","CveCiudad":"MTY","NombreVendedor":"OMAR HECTOR ARTEAGA"},{"Id_Viaje":3040355,"IDPedido":583098,"CargaViaje":8,"IDPlanta":20,"NombrePlantaViaje":"A1-Ojo Caliente","IDUnidad":122,"NombreUnidad":"CR-043-","IDOperador":1067,"NombreOperador":"JUAN HUMBERTO MARQUEZ","IDEstatusViaje":1,"NombreEstatus":"Despachado","FechaInicio":"2/18/2026 12:00:00 AM","HoraInicio":"00:00","HoraFin":"02:00","IDObra":3435021,"NombreObra":"ESCUELA MILITAR","IDClienteSAE":3435,"NombreCliente":"ATECO","IDUso":8,"NombreUso":"Losa","IDProducto":2555,"NombreProducto":"CONCRETO f\u0027c:250 Ag=20 Rev:14 RR3 B","Remision":"A1/96519","CveCiudad":"AGS","NombreVendedor":"HECTOR VILLANUEVA"},{"Id_Viaje":3040357,"IDPedido":583117,"CargaViaje":7,"IDPlanta":34,"NombrePlantaViaje":"A2-San Francisco","IDUnidad":108,"NombreUnidad":"CR-098 2RD","IDOperador":1503,"NombreOperador":"ALBERTO HERNANDEZ","IDEstatusViaje":1,"NombreEstatus":"Despachado","FechaInicio":"2/18/2026 12:00:00 AM","HoraInicio":"11:00","HoraFin":"13:00","IDObra":4510002,"NombreObra":"CONSTITUCION","IDClienteSAE":4510,"NombreCliente":"MARIA MAGDALENA CULEBRO PINTO","IDUso":25,"NombreUso":"Pavimento","IDProducto":10760,"NombreProducto":"CONCRETO MR=42 Ag=40 Rev=10 D 28","Remision":"A2/41634","CveCiudad":"AGS","NombreVendedor":"HECTOR VILLANUEVA"},{"Id_Viaje":3040359,"IDPedido":583117,"CargaViaje":7,"IDPlanta":34,"NombrePlantaViaje":"A2-San Francisco","IDUnidad":113,"NombreUnidad":"CR-140 CRE","IDOperador":1501,"NombreOperador":"ANTONIO NAVARRO","IDEstatusViaje":1,"NombreEstatus":"Despachado","FechaInicio":"2/18/2026 12:00:00 AM","HoraInicio":"11:10","HoraFin":"13:10","IDObra":4510002,"NombreObra":"CONSTITUCION","IDClienteSAE":4510,"NombreCliente":"MARIA MAGDALENA CULEBRO PINTO","IDUso":25,"NombreUso":"Pavimento","IDProducto":10760,"NombreProducto":"CONCRETO MR=42 Ag=40 Rev=10 D 28","Remision":"A2/41635","CveCiudad":"AGS","NombreVendedor":"HECTOR VILLANUEVA"},{"Id_Viaje":3040363,"IDPedido":583102,"CargaViaje":4.5,"IDPlanta":20,"NombrePlantaViaje":"A1-Ojo Caliente","IDUnidad":107,"NombreUnidad":"CR-050","IDOperador":677,"NombreOperador":"EDMUNDO DE LOERA","IDEstatusViaje":1,"NombreEstatus":"Despachado","FechaInicio":"2/18/2026 12:00:00 AM","HoraInicio":"10:30","HoraFin":"12:30","IDObra":4071001,"NombreObra":"colinas de san patricio","IDClienteSAE":4071,"NombreCliente":"SERVICIOS DE VIVIENDA","IDUso":2,"NombreUso":"Cimentacion","IDProducto":1014,"NombreProducto":"CONCRETO f\u0027c:200 Ag=20. Rev: 10 A1 D","Remision":"A1/96520","CveCiudad":"AGS","NombreVendedor":"CASA CASA"},{"Id_Viaje":3040365,"IDPedido":583103,"CargaViaje":5,"IDPlanta":20,"NombrePlantaViaje":"A1-Ojo Caliente","IDUnidad":295,"NombreUnidad":"CR-065","IDOperador":675,"NombreOperador":"JUAN ANTONIO HERRERA","IDEstatusViaje":1,"NombreEstatus":"Despachado","FechaInicio":"2/18/2026 12:00:00 AM","HoraInicio":"11:30","HoraFin":"13:30","IDObra":4429001,"NombreObra":"real del sol","IDClienteSAE":4429,"NombreCliente":"GIG VENTA DE MATERIALES","IDUso":2,"NombreUso":"Cimentacion","IDProducto":1014,"NombreProducto":"CONCRETO f\u0027c:200 Ag=20. Rev: 10 A1 D","Remision":"A1/96521","CveCiudad":"AGS","NombreVendedor":"HECTOR VILLANUEVA"},{"Id_Viaje":3040371,"IDPedido":583104,"CargaViaje":4.5,"IDPlanta":20,"NombrePlantaViaje":"A1-Ojo Caliente","IDUnidad":115,"NombreUnidad":"CR-069","IDOperador":209,"NombreOperador":"MARCO DE LEON","IDEstatusViaje":1,"NombreEstatus":"Despachado","FechaInicio":"2/18/2026 12:00:00 AM","HoraInicio":"11:10","HoraFin":"13:10","IDObra":4071001,"NombreObra":"colinas de san patricio","IDClienteSAE":4071,"NombreCliente":"SERVICIOS DE VIVIENDA","IDUso":2,"NombreUso":"Cimentacion","IDProducto":1014,"NombreProducto":"CONCRETO f\u0027c:200 Ag=20. Rev: 10 A1 D","Remision":"A1/96522","CveCiudad":"AGS","NombreVendedor":"CASA CASA"},{"Id_Viaje":3040373,"IDPedido":583113,"CargaViaje":2,"IDPlanta":23,"NombrePlantaViaje":"L1-Leon","IDUnidad":165,"NombreUnidad":"CR-207 FRG","IDOperador":1634,"NombreOperador":"JOSE GUADALUPE POZOS","IDEstatusViaje":1,"NombreEstatus":"Despachado","FechaInicio":"2/18/2026 12:00:00 AM","HoraInicio":"12:00","HoraFin":"14:00","IDObra":2784003,"NombreObra":"ruba san carlos j\u0026r22viv","IDClienteSAE":2784,"NombreCliente":"RUBA DESARROLLOS","IDUso":57,"NombreUso":"Huellas","IDProducto":11655,"NombreProducto":"CONCRETO f\u0027c=200 Ag=10 Rev=14 D 28","Remision":"L1/41051","CveCiudad":"LEON","NombreVendedor":"OFICINA MATRIZ"},{"Id_Viaje":3040389,"IDPedido":583099,"CargaViaje":5.5,"IDPlanta":20,"NombrePlantaViaje":"A1-Ojo Caliente","IDUnidad":350,"NombreUnidad":"CR-047","IDOperador":1076,"NombreOperador":"EZEQUIEL SANDOVAL","IDEstatusViaje":1,"NombreEstatus":"Despachado","FechaInicio":"2/18/2026 12:00:00 AM","HoraInicio":"00:10","HoraFin":"02:10","IDObra":2820038,"NombreObra":"GPE PERALTA","IDClienteSAE":2820,"NombreCliente":"URBANIZACIONES ARGU","IDUso":7,"NombreUso":"Firme","IDProducto":1014,"NombreProducto":"CONCRETO f\u0027c:200 Ag=20. Rev: 10 A1 D","Remision":"A1/96523","CveCiudad":"AGS","NombreVendedor":"CASA CASA"},{"Id_Viaje":3040391,"IDPedido":583080,"CargaViaje":2,"IDPlanta":7,"NombrePlantaViaje":"M2-Escobedo","IDUnidad":347,"NombreUnidad":"CR-099","IDOperador":1190,"NombreOperador":"SAUL GUAJARDO","IDEstatusViaje":2,"NombreEstatus":"Entregado","FechaInicio":"2/18/2026 12:00:00 AM","HoraInicio":"23:20","HoraFin":"23:50","IDObra":8153040,"NombreObra":"VISTAS DEL PARQUE","IDClienteSAE":8153,"NombreCliente":"CONSTRUCTORA OBREGON FERNANDEZ","IDUso":2,"NombreUso":"Cimentacion","IDProducto":575,"NombreProducto":"CONCRETO f\u0027c=200 Ag=20 Rev=12 A1 D","Remision":"M2/79955","CveCiudad":"MTY","NombreVendedor":"CESAR LUNA"},{"Id_Viaje":3040393,"IDPedido":583144,"CargaViaje":7.5,"IDPlanta":36,"NombrePlantaViaje":"Q1-Apaseo","IDUnidad":275,"NombreUnidad":"CR-209","IDOperador":1488,"NombreOperador":"RAMON HERNANDEZ","IDEstatusViaje":2,"NombreEstatus":"Entregado","FechaInicio":"2/18/2026 12:00:00 AM","HoraInicio":"12:00","HoraFin":"14:00","IDObra":196001,"NombreObra":"LOCARNO RESIDENCIAL","IDClienteSAE":196,"NombreCliente":"LAEESA SOLUTIONS","IDUso":8,"NombreUso":"Losa","IDProducto":4401,"NombreProducto":"CONCRETO f\u0027c=200 Ag=20 Rev=14 B 28","Remision":"Q1/11549","CveCiudad":"QRO","NombreVendedor":"MIGUEL ANGEL GUTIERREZ"},{"Id_Viaje":3040395,"IDPedido":583144,"CargaViaje":0,"IDPlanta":36,"NombrePlantaViaje":"Q1-Apaseo","IDUnidad":276,"NombreUnidad":"CR-212","IDOperador":1614,"NombreOperador":"MANUEL VARGAS","IDEstatusViaje":2,"NombreEstatus":"Entregado","FechaInicio":"2/18/2026 12:00:00 AM","HoraInicio":"12:10","HoraFin":"14:10","IDObra":196001,"NombreObra":"LOCARNO RESIDENCIAL","IDClienteSAE":196,"NombreCliente":"LAEESA SOLUTIONS","IDUso":8,"NombreUso":"Losa","IDProducto":4401,"NombreProducto":"CONCRETO f\u0027c=200 Ag=20 Rev=14 B 28","Remision":"Q1/11548","CveCiudad":"QRO","NombreVendedor":"MIGUEL ANGEL GUTIERREZ"},{"Id_Viaje":3040397,"IDPedido":583146,"CargaViaje":5,"IDPlanta":36,"NombrePlantaViaje":"Q1-Apaseo","IDUnidad":278,"NombreUnidad":"CR-218","IDOperador":1068,"NombreOperador":"HONORIO ISIDRO LOPEZ","IDEstatusViaje":2,"NombreEstatus":"Entregado","FechaInicio":"2/18/2026 12:00:00 AM","HoraInicio":"12:30","HoraFin":"14:30","IDObra":817001,"NombreObra":"LA PIEDAD","IDClienteSAE":817,"NombreCliente":"MANTENIMIENTO CONSTRUCCION Y SERVICIOS TORREMAR","IDUso":11,"NombreUso":"Piso","IDProducto":10949,"NombreProducto":"Relleno Fluido f\u0027c=10 Ag=A4 Rev=18 D 28","Remision":"Q1/11550","CveCiudad":"QRO","NombreVendedor":"MIGUEL ANGEL GUTIERREZ"},{"Id_Viaje":3040399,"IDPedido":583146,"CargaViaje":5,"IDPlanta":36,"NombrePlantaViaje":"Q1-Apaseo","IDUnidad":279,"NombreUnidad":"CR-228","IDOperador":1612,"NombreOperador":"LUIS ALBERTO REYES","IDEstatusViaje":2,"NombreEstatus":"Entregado","FechaInicio":"2/18/2026 12:00:00 AM","HoraInicio":"12:40","HoraFin":"14:40","IDObra":817001,"NombreObra":"LA PIEDAD","IDClienteSAE":817,"NombreCliente":"MANTENIMIENTO CONSTRUCCION Y SERVICIOS TORREMAR","IDUso":11,"NombreUso":"Piso","IDProducto":10949,"NombreProducto":"Relleno Fluido f\u0027c=10 Ag=A4 Rev=18 D 28","Remision":"Q1/11555","CveCiudad":"QRO","NombreVendedor":"MIGUEL ANGEL GUTIERREZ"},{"Id_Viaje":3040401,"IDPedido":583101,"CargaViaje":5,"IDPlanta":20,"NombrePlantaViaje":"A1-Ojo Caliente","IDUnidad":101,"NombreUnidad":"CR-071","IDOperador":45,"NombreOperador":"BRANDON ESTRADA","IDEstatusViaje":1,"NombreEstatus":"Despachado","FechaInicio":"2/18/2026 12:00:00 AM","HoraInicio":"12:00","HoraFin":"14:00","IDObra":3435010,"NombreObra":"GUADALUPE PERALTA","IDClienteSAE":3435,"NombreCliente":"ATECO","IDUso":25,"NombreUso":"Pavimento","IDProducto":3563,"NombreProducto":"CONCRETO MR= 45 Ag=40 Rev:10 R3 D.","Remision":"A1/96524","CveCiudad":"AGS","NombreVendedor":"HECTOR VILLANUEVA"},{"Id_Viaje":3040403,"IDPedido":583147,"CargaViaje":5,"IDPlanta":30,"NombrePlantaViaje":"P1-Coronango","IDUnidad":196,"NombreUnidad":"CR-159","IDOperador":1013,"NombreOperador":"ALEJANDRO ARCE","IDEstatusViaje":1,"NombreEstatus":"Despachado","FechaInicio":"2/18/2026 12:00:00 AM","HoraInicio":"13:00","HoraFin":"15:00","IDObra":1887001,"NombreObra":"CENTRAL DE ABASTOS","IDClienteSAE":1887,"NombreCliente":"ADET CONSTRUCCION INMOBILIARIA","IDUso":8,"NombreUso":"Losa","IDProducto":10975,"NombreProducto":"CONCRETO f\u0027c: 250 Ag=20 Rev.14 A1 B","Remision":"P1/38599","CveCiudad":"PUE","NombreVendedor":"VENDEDOR PUEBLA ."},{"Id_Viaje":3040405,"IDPedido":583147,"CargaViaje":5,"IDPlanta":30,"NombrePlantaViaje":"P1-Coronango","IDUnidad":197,"NombreUnidad":"CR-160","IDOperador":1016,"NombreOperador":"FRANCISCO MANUEL PARDO","IDEstatusViaje":1,"NombreEstatus":"Despachado","FechaInicio":"2/18/2026 12:00:00 AM","HoraInicio":"13:10","HoraFin":"15:10","IDObra":1887001,"NombreObra":"CENTRAL DE ABASTOS","IDClienteSAE":1887,"NombreCliente":"ADET CONSTRUCCION INMOBILIARIA","IDUso":8,"NombreUso":"Losa","IDProducto":10975,"NombreProducto":"CONCRETO f\u0027c: 250 Ag=20 Rev.14 A1 B","Remision":"P1/38600","CveCiudad":"PUE","NombreVendedor":"VENDEDOR PUEBLA ."},{"Id_Viaje":3040407,"IDPedido":583147,"CargaViaje":5,"IDPlanta":30,"NombrePlantaViaje":"P1-Coronango","IDUnidad":198,"NombreUnidad":"CR-161","IDOperador":1008,"NombreOperador":"CARLOS ARMAS","IDEstatusViaje":1,"NombreEstatus":"Despachado","FechaInicio":"2/18/2026 12:00:00 AM","HoraInicio":"13:20","HoraFin":"15:20","IDObra":1887001,"NombreObra":"CENTRAL DE ABASTOS","IDClienteSAE":1887,"NombreCliente":"ADET CONSTRUCCION INMOBILIARIA","IDUso":8,"NombreUso":"Losa","IDProducto":10975,"NombreProducto":"CONCRETO f\u0027c: 250 Ag=20 Rev.14 A1 B","Remision":"P1/38601","CveCiudad":"PUE","NombreVendedor":"VENDEDOR PUEBLA ."},{"Id_Viaje":3040409,"IDPedido":583148,"CargaViaje":3,"IDPlanta":36,"NombrePlantaViaje":"Q1-Apaseo","IDUnidad":382,"NombreUnidad":"CR-9RH","IDOperador":1586,"NombreOperador":"RAMIRO HERNANDEZ","IDEstatusViaje":2,"NombreEstatus":"Entregado","FechaInicio":"2/18/2026 12:00:00 AM","HoraInicio":"12:30","HoraFin":"14:30","IDObra":1012001,"NombreObra":"arimatea - meseta habitatt","IDClienteSAE":1012,"NombreCliente":"INMOBILIARIA GESTORIA Y ASESORIA","IDUso":22,"NombreUso":"Relleno","IDProducto":4495,"NombreProducto":"Relleno Fluido f\u0027c=60 Ag=A4 Rev=18 B 28","Remision":"Q1/11551","CveCiudad":"QRO","NombreVendedor":"YIMI EDUARDO VAZQUEZ"},{"Id_Viaje":3040419,"IDPedido":583097,"CargaViaje":5.5,"IDPlanta":34,"NombrePlantaViaje":"A2-San Francisco","IDUnidad":350,"NombreUnidad":"CR-047","IDOperador":1076,"NombreOperador":"EZEQUIEL SANDOVAL","IDEstatusViaje":1,"NombreEstatus":"Despachado","FechaInicio":"2/18/2026 12:00:00 AM","HoraInicio":"13:30","HoraFin":"15:30","IDObra":4997001,"NombreObra":"PEPSICO","IDClienteSAE":4997,"NombreCliente":"LAMAK INSTALACIONES","IDUso":25,"NombreUso":"Pavimento","IDProducto":2606,"NombreProducto":"CONCRETO MR=42 Ag=40 Rev 10 R7 D","Remision":"A2/41636","CveCiudad":"AGS","NombreVendedor":"CASA CASA"},{"Id_Viaje":3040441,"IDPedido":583149,"CargaViaje":3,"IDPlanta":20,"NombrePlantaViaje":"A1-Ojo Caliente","IDUnidad":116,"NombreUnidad":"CR-098","IDOperador":44,"NombreOperador":"ALBERTO HERRERA","IDEstatusViaje":1,"NombreEstatus":"Despachado","FechaInicio":"2/18/2026 12:00:00 AM","HoraInicio":"12:30","HoraFin":"14:30","IDObra":3435021,"NombreObra":"ESCUELA MILITAR","IDClienteSAE":3435,"NombreCliente":"ATECO","IDUso":8,"NombreUso":"Losa","IDProducto":2556,"NombreProducto":"CONCRETO f\u0027c: 250 Ag=20 Rev.14 R3 D","Remision":"A1/96525","CveCiudad":"AGS","NombreVendedor":"HECTOR VILLANUEVA"},{"Id_Viaje":3040457,"IDPedido":583150,"CargaViaje":7,"IDPlanta":13,"NombrePlantaViaje":"G1- VALLE DE LA MISERICORDIA","IDUnidad":186,"NombreUnidad":"CR-143","IDOperador":711,"NombreOperador":"MARCO ANTONIO GUZMAN","IDEstatusViaje":1,"NombreEstatus":"Despachado","FechaInicio":"2/18/2026 12:00:00 AM","HoraInicio":"17:00","HoraFin":"19:00","IDObra":4659004,"NombreObra":"ADOLF B HORN OBRA PP5 EL CAPULIN FRENTE A HUERTA PUERTA DE LA CRUZ TLAJOMULCO ZUÑIGA","IDClienteSAE":4659,"NombreCliente":"INGENIERIA DE SISTEMAS SANITARIOS Y AMBIENTALES","IDUso":9,"NombreUso":"Muro","IDProducto":3407,"NombreProducto":"CONCRETO f\u0027c 350 Ag=20 Rev=18 A1 B","Remision":"G1/70712","CveCiudad":"GDL","NombreVendedor":"FEDERICO GARCIA"},{"Id_Viaje":3040459,"IDPedido":583150,"CargaViaje":7,"IDPlanta":13,"NombrePlantaViaje":"G1- VALLE DE LA MISERICORDIA","IDUnidad":187,"NombreUnidad":"CR-144","IDOperador":715,"NombreOperador":"JUAN LUIS LARES","IDEstatusViaje":1,"NombreEstatus":"Despachado","FechaInicio":"2/18/2026 12:00:00 AM","HoraInicio":"19:00","HoraFin":"21:00","IDObra":4659004,"NombreObra":"ADOLF B HORN OBRA PP5 EL CAPULIN FRENTE A HUERTA PUERTA DE LA CRUZ TLAJOMULCO ZUÑIGA","IDClienteSAE":4659,"NombreCliente":"INGENIERIA DE SISTEMAS SANITARIOS Y AMBIENTALES","IDUso":9,"NombreUso":"Muro","IDProducto":3407,"NombreProducto":"CONCRETO f\u0027c 350 Ag=20 Rev=18 A1 B","Remision":"G1/70713","CveCiudad":"GDL","NombreVendedor":"FEDERICO GARCIA"},{"Id_Viaje":3040469,"IDPedido":583151,"CargaViaje":7,"IDPlanta":11,"NombrePlantaViaje":"M4-Centro","IDUnidad":173,"NombreUnidad":"CR-165","IDOperador":1758,"NombreOperador":"CESAR MICHEL CARREON","IDEstatusViaje":2,"NombreEstatus":"Entregado","FechaInicio":"2/18/2026 12:00:00 AM","HoraInicio":"10:40","HoraFin":"12:40","IDObra":4947069,"NombreObra":"CASAIRE","IDClienteSAE":4947,"NombreCliente":"CONCRETOS DELESE","IDUso":1,"NombreUso":"Banqueta","IDProducto":1512,"NombreProducto":"CONCRETO f\u0027c=100 Ag=20 Rev=14 A1 D","Remision":"M4/89178","CveCiudad":"MTY","NombreVendedor":"OMAR HECTOR ARTEAGA"},{"Id_Viaje":3040471,"IDPedido":583152,"CargaViaje":5.5,"IDPlanta":34,"NombrePlantaViaje":"A2-San Francisco","IDUnidad":112,"NombreUnidad":"CR-154 TRE","IDOperador":1504,"NombreOperador":"HUGO MEDINA","IDEstatusViaje":1,"NombreEstatus":"Despachado","FechaInicio":"2/18/2026 12:00:00 AM","HoraInicio":"13:30","HoraFin":"15:30","IDObra":2983007,"NombreObra":"LA CARTUJA","IDClienteSAE":2983,"NombreCliente":"GRUPO CONSTRUCTOR LUMAVI","IDUso":8,"NombreUso":"Losa","IDProducto":2528,"NombreProducto":"CONCRETO f\u0027c:200 Ag=20 Rev:14 RR B","Remision":"A2/41637","CveCiudad":"AGS","NombreVendedor":"CASA CASA"},{"Id_Viaje":3040475,"IDPedido":583155,"CargaViaje":5,"IDPlanta":11,"NombrePlantaViaje":"M4-Centro","IDUnidad":78,"NombreUnidad":"CR-062","IDOperador":1478,"NombreOperador":"VICTOR HUGO MARTINEZ","IDEstatusViaje":2,"NombreEstatus":"Entregado","FechaInicio":"2/18/2026 12:00:00 AM","HoraInicio":"15:00","HoraFin":"17:00","IDObra":11235010,"NombreObra":"PLAZA LAS TORRES","IDClienteSAE":11235,"NombreCliente":"PROPIEDADES SIERRA","IDUso":22,"NombreUso":"Relleno","IDProducto":10737,"NombreProducto":"RELLENO FLUIDO f\u0027c=15-25 Kgf/cm2 D","Remision":"M4/89185","CveCiudad":"MTY","NombreVendedor":"GUILLERMO RAMA HERRERA"},{"Id_Viaje":3040477,"IDPedido":583125,"CargaViaje":5,"IDPlanta":36,"NombrePlantaViaje":"Q1-Apaseo","IDUnidad":104,"NombreUnidad":"CR-024","IDOperador":1524,"NombreOperador":"ALEJANDRO VALLEJO","IDEstatusViaje":2,"NombreEstatus":"Entregado","FechaInicio":"2/18/2026 12:00:00 AM","HoraInicio":"14:00","HoraFin":"16:00","IDObra":1362001,"NombreObra":"PROYECTO MARMAN UNIVERSIDAD","IDClienteSAE":1362,"NombreCliente":"INVERSIONES MARMAN","IDUso":9,"NombreUso":"Muro","IDProducto":4410,"NombreProducto":"CONCRETO f\u0027c=250 Ag=20 Rev=14 B 03","Remision":"Q1/11552","CveCiudad":"QRO","NombreVendedor":"MIGUEL ANGEL GUTIERREZ"},{"Id_Viaje":3040479,"IDPedido":583153,"CargaViaje":5,"IDPlanta":34,"NombrePlantaViaje":"A2-San Francisco","IDUnidad":328,"NombreUnidad":"CR-178","IDOperador":916,"NombreOperador":"CESAR DIAZ DE LEON","IDEstatusViaje":1,"NombreEstatus":"Despachado","FechaInicio":"2/18/2026 12:00:00 AM","HoraInicio":"13:30","HoraFin":"15:30","IDObra":2983007,"NombreObra":"LA CARTUJA","IDClienteSAE":2983,"NombreCliente":"GRUPO CONSTRUCTOR LUMAVI","IDUso":8,"NombreUso":"Losa","IDProducto":2528,"NombreProducto":"CONCRETO f\u0027c:200 Ag=20 Rev:14 RR B","Remision":"A2/41638","CveCiudad":"AGS","NombreVendedor":"CASA CASA"},{"Id_Viaje":3040481,"IDPedido":583156,"CargaViaje":7,"IDPlanta":7,"NombrePlantaViaje":"M2-Escobedo","IDUnidad":374,"NombreUnidad":"CR-189","IDOperador":1444,"NombreOperador":"HUMBERTO GONZALEZ","IDEstatusViaje":1,"NombreEstatus":"Despachado","FechaInicio":"2/18/2026 12:00:00 AM","HoraInicio":"15:00","HoraFin":"17:00","IDObra":1534016,"NombreObra":"PLANTA MOYEDA","IDClienteSAE":1534,"NombreCliente":"CONSTRUCTORA MOYEDA","IDUso":7,"NombreUso":"Firme","IDProducto":551,"NombreProducto":"CONCRETO f\u0027c=250 Ag=20 Rev=14 A1 D","Remision":"M2/79958","CveCiudad":"MTY","NombreVendedor":"CASA PROGRAMACION"},{"Id_Viaje":3040483,"IDPedido":583117,"CargaViaje":7,"IDPlanta":34,"NombrePlantaViaje":"A2-San Francisco","IDUnidad":108,"NombreUnidad":"CR-098 2RD","IDOperador":1503,"NombreOperador":"ALBERTO HERNANDEZ","IDEstatusViaje":1,"NombreEstatus":"Despachado","FechaInicio":"2/18/2026 12:00:00 AM","HoraInicio":"14:50","HoraFin":"16:50","IDObra":4510002,"NombreObra":"CONSTITUCION","IDClienteSAE":4510,"NombreCliente":"MARIA MAGDALENA CULEBRO PINTO","IDUso":25,"NombreUso":"Pavimento","IDProducto":10760,"NombreProducto":"CONCRETO MR=42 Ag=40 Rev=10 D 28","Remision":"A2/41639","CveCiudad":"AGS","NombreVendedor":"HECTOR VILLANUEVA"},{"Id_Viaje":3040491,"IDPedido":583158,"CargaViaje":6.5,"IDPlanta":36,"NombrePlantaViaje":"Q1-Apaseo","IDUnidad":266,"NombreUnidad":"CR-136","IDOperador":1585,"NombreOperador":"CARLOS ANTONIO VILLALVA","IDEstatusViaje":2,"NombreEstatus":"Entregado","FechaInicio":"2/18/2026 12:00:00 AM","HoraInicio":"15:20","HoraFin":"17:20","IDObra":1012001,"NombreObra":"arimatea - meseta habitatt","IDClienteSAE":1012,"NombreCliente":"INMOBILIARIA GESTORIA Y ASESORIA","IDUso":8,"NombreUso":"Losa","IDProducto":4401,"NombreProducto":"CONCRETO f\u0027c=200 Ag=20 Rev=14 B 28","Remision":"Q1/11553","CveCiudad":"QRO","NombreVendedor":"YIMI EDUARDO VAZQUEZ"},{"Id_Viaje":3040493,"IDPedido":583158,"CargaViaje":6.5,"IDPlanta":36,"NombrePlantaViaje":"Q1-Apaseo","IDUnidad":382,"NombreUnidad":"CR-9RH","IDOperador":1586,"NombreOperador":"RAMIRO HERNANDEZ","IDEstatusViaje":2,"NombreEstatus":"Entregado","FechaInicio":"2/18/2026 12:00:00 AM","HoraInicio":"15:30","HoraFin":"17:30","IDObra":1012001,"NombreObra":"arimatea - meseta habitatt","IDClienteSAE":1012,"NombreCliente":"INMOBILIARIA GESTORIA Y ASESORIA","IDUso":8,"NombreUso":"Losa","IDProducto":4401,"NombreProducto":"CONCRETO f\u0027c=200 Ag=20 Rev=14 B 28","Remision":"Q1/11554","CveCiudad":"QRO","NombreVendedor":"YIMI EDUARDO VAZQUEZ"},{"Id_Viaje":3040497,"IDPedido":583133,"CargaViaje":2.5,"IDPlanta":23,"NombrePlantaViaje":"L1-Leon","IDUnidad":292,"NombreUnidad":"CR-210 JRG","IDOperador":1609,"NombreOperador":"ANDRES GONZALEZ","IDEstatusViaje":1,"NombreEstatus":"Despachado","FechaInicio":"2/18/2026 12:00:00 AM","HoraInicio":"15:00","HoraFin":"17:00","IDObra":1004013,"NombreObra":"sacromonte 7","IDClienteSAE":1004,"NombreCliente":"INMOBILIARIA GESTORIA Y ASESORIA","IDUso":21,"NombreUso":"Castillos","IDProducto":11361,"NombreProducto":"CONCRETO f\u0027c=150 Ag=10 Rev=14 D 28","Remision":"L1/41052","CveCiudad":"LEON","NombreVendedor":"OFICINA MATRIZ"},{"Id_Viaje":3040499,"IDPedido":583129,"CargaViaje":1,"IDPlanta":23,"NombrePlantaViaje":"L1-Leon","IDUnidad":353,"NombreUnidad":"CR-221 XRG","IDOperador":1624,"NombreOperador":"JUAN VICTOR PEREZ","IDEstatusViaje":1,"NombreEstatus":"Despachado","FechaInicio":"2/18/2026 12:00:00 AM","HoraInicio":"15:00","HoraFin":"17:00","IDObra":2784008,"NombreObra":"RUBA BOSQUES DE BREDA","IDClienteSAE":2784,"NombreCliente":"RUBA DESARROLLOS","IDUso":65,"NombreUso":"Murete","IDProducto":11655,"NombreProducto":"CONCRETO f\u0027c=200 Ag=10 Rev=14 D 28","Remision":"L1/41053","CveCiudad":"LEON","NombreVendedor":"OFICINA MATRIZ"},{"Id_Viaje":3040501,"IDPedido":583079,"CargaViaje":7,"IDPlanta":16,"NombrePlantaViaje":"M6-Juarez","IDUnidad":133,"NombreUnidad":"CR-124","IDOperador":1546,"NombreOperador":"VICTOR ADRIAN HERNANDEZ","IDEstatusViaje":2,"NombreEstatus":"Entregado","FechaInicio":"2/18/2026 12:00:00 AM","HoraInicio":"16:00","HoraFin":"18:00","IDObra":8153024,"NombreObra":"VISTAS DEL SEMINARIO","IDClienteSAE":8153,"NombreCliente":"CONSTRUCTORA OBREGON FERNANDEZ","IDUso":2,"NombreUso":"Cimentacion","IDProducto":575,"NombreProducto":"CONCRETO f\u0027c=200 Ag=20 Rev=12 A1 D","Remision":"M6/67135","CveCiudad":"MTY","NombreVendedor":"CESAR LUNA"},{"Id_Viaje":3040503,"IDPedido":583079,"CargaViaje":6,"IDPlanta":16,"NombrePlantaViaje":"M6-Juarez","IDUnidad":338,"NombreUnidad":"CR-204","IDOperador":1117,"NombreOperador":"JUAN FERNANDO TOBIAS","IDEstatusViaje":2,"NombreEstatus":"Entregado","FechaInicio":"2/18/2026 12:00:00 AM","HoraInicio":"16:10","HoraFin":"18:10","IDObra":8153024,"NombreObra":"VISTAS DEL SEMINARIO","IDClienteSAE":8153,"NombreCliente":"CONSTRUCTORA OBREGON FERNANDEZ","IDUso":2,"NombreUso":"Cimentacion","IDProducto":575,"NombreProducto":"CONCRETO f\u0027c=200 Ag=20 Rev=12 A1 D","Remision":"M6/67136","CveCiudad":"MTY","NombreVendedor":"CESAR LUNA"},{"Id_Viaje":3040505,"IDPedido":582864,"CargaViaje":7,"IDPlanta":19,"NombrePlantaViaje":"M1-Apodaca","IDUnidad":231,"NombreUnidad":"CR-151","IDOperador":1581,"NombreOperador":"FRANCISCO JAVIER GONZALEZ","IDEstatusViaje":2,"NombreEstatus":"Entregado","FechaInicio":"2/18/2026 12:00:00 AM","HoraInicio":"23:20","HoraFin":"23:50","IDObra":12154003,"NombreObra":"heb la fe","IDClienteSAE":12154,"NombreCliente":"EDIFICADORA INDUSTRIAL DEL RIO","IDUso":1,"NombreUso":"Banqueta","IDProducto":513,"NombreProducto":"CONCRETO f\u0027c=200 Ag=20 Rev=14 A1 D","Remision":"M1/91213","CveCiudad":"MTY","NombreVendedor":"CESAR LUNA"},{"Id_Viaje":3040507,"IDPedido":583107,"CargaViaje":3.5,"IDPlanta":20,"NombrePlantaViaje":"A1-Ojo Caliente","IDUnidad":109,"NombreUnidad":"CR-106","IDOperador":49,"NombreOperador":"ANTONIO RAMIREZ","IDEstatusViaje":1,"NombreEstatus":"Despachado","FechaInicio":"2/18/2026 12:00:00 AM","HoraInicio":"15:00","HoraFin":"17:00","IDObra":3435010,"NombreObra":"GUADALUPE PERALTA","IDClienteSAE":3435,"NombreCliente":"ATECO","IDUso":25,"NombreUso":"Pavimento","IDProducto":3563,"NombreProducto":"CONCRETO MR= 45 Ag=40 Rev:10 R3 D.","Remision":"A1/96526","CveCiudad":"AGS","NombreVendedor":"HECTOR VILLANUEVA"},{"Id_Viaje":3040509,"IDPedido":583160,"CargaViaje":3,"IDPlanta":30,"NombrePlantaViaje":"P1-Coronango","IDUnidad":199,"NombreUnidad":"CR-162","IDOperador":1005,"NombreOperador":"DAVID FLORES","IDEstatusViaje":1,"NombreEstatus":"Despachado","FechaInicio":"2/18/2026 12:00:00 AM","HoraInicio":"14:30","HoraFin":"16:30","IDObra":845011,"NombreObra":"fracc platiniO","IDClienteSAE":845,"NombreCliente":"GRUPO BRECASA","IDUso":21,"NombreUso":"Castillos","IDProducto":11315,"NombreProducto":"CONCRETO f\u0027c=200 Ag=10 Rev=14 D 28","Remision":"P1/38602","CveCiudad":"PUE","NombreVendedor":"VENDEDOR PUEBLA ."},{"Id_Viaje":3040517,"IDPedido":583117,"CargaViaje":1,"IDPlanta":34,"NombrePlantaViaje":"A2-San Francisco","IDUnidad":350,"NombreUnidad":"CR-047","IDOperador":1076,"NombreOperador":"EZEQUIEL SANDOVAL","IDEstatusViaje":1,"NombreEstatus":"Despachado","FechaInicio":"2/18/2026 12:00:00 AM","HoraInicio":"16:00","HoraFin":"18:00","IDObra":4510002,"NombreObra":"CONSTITUCION","IDClienteSAE":4510,"NombreCliente":"MARIA MAGDALENA CULEBRO PINTO","IDUso":25,"NombreUso":"Pavimento","IDProducto":10760,"NombreProducto":"CONCRETO MR=42 Ag=40 Rev=10 D 28","Remision":"A2/41640","CveCiudad":"AGS","NombreVendedor":"HECTOR VILLANUEVA"},{"Id_Viaje":3040519,"IDPedido":583096,"CargaViaje":2,"IDPlanta":31,"NombrePlantaViaje":"G3-Tlajomulco","IDUnidad":317,"NombreUnidad":"CR-023","IDOperador":481,"NombreOperador":"[LIBRE] LIBRE","IDEstatusViaje":1,"NombreEstatus":"Despachado","FechaInicio":"2/18/2026 12:00:00 AM","HoraInicio":"17:10","HoraFin":"19:10","IDObra":4250010,"NombreObra":"acatlan 2","IDClienteSAE":4250,"NombreCliente":"CONSTRUCTORA SOLURG","IDUso":60,"NombreUso":"Machuelo","IDProducto":11448,"NombreProducto":"CONCRETO f\u0027c=250 Ag=20 Rev=10 D 28","Remision":"G3/49919","CveCiudad":"GDL","NombreVendedor":"RODOLFO ARREDONDO"},{"Id_Viaje":3040521,"IDPedido":583120,"CargaViaje":6.5,"IDPlanta":34,"NombrePlantaViaje":"A2-San Francisco","IDUnidad":327,"NombreUnidad":"CR-201 9RG","IDOperador":1502,"NombreOperador":"JUAN FELIPE MARENTES","IDEstatusViaje":1,"NombreEstatus":"Despachado","FechaInicio":"2/18/2026 12:00:00 AM","HoraInicio":"14:30","HoraFin":"16:30","IDObra":3381016,"NombreObra":"VIÑEDOS RIVIER","IDClienteSAE":3381,"NombreCliente":"CAMILO ROMO LOPEZ","IDUso":8,"NombreUso":"Losa","IDProducto":1022,"NombreProducto":"CONCRETO f\u0027c:200 Ag=20 Rev:14 A1 B","Remision":"A2/41641","CveCiudad":"AGS","NombreVendedor":"CASA CASA"},{"Id_Viaje":3040533,"IDPedido":583105,"CargaViaje":5.5,"IDPlanta":20,"NombrePlantaViaje":"A1-Ojo Caliente","IDUnidad":331,"NombreUnidad":"CR-140-","IDOperador":1419,"NombreOperador":"JUAN HUMBERTO MARQUEZ","IDEstatusViaje":1,"NombreEstatus":"Despachado","FechaInicio":"2/18/2026 12:00:00 AM","HoraInicio":"15:30","HoraFin":"17:30","IDObra":4071001,"NombreObra":"colinas de san patricio","IDClienteSAE":4071,"NombreCliente":"SERVICIOS DE VIVIENDA","IDUso":19,"NombreUso":"Loza de Entrepiso","IDProducto":1022,"NombreProducto":"CONCRETO f\u0027c:200 Ag=20 Rev:14 A1 B","Remision":"A1/96527","CveCiudad":"AGS","NombreVendedor":"CASA CASA"},{"Id_Viaje":3040535,"IDPedido":583106,"CargaViaje":5.5,"IDPlanta":20,"NombrePlantaViaje":"A1-Ojo Caliente","IDUnidad":106,"NombreUnidad":"CR-157","IDOperador":48,"NombreOperador":"ROBERTO GONGORA","IDEstatusViaje":1,"NombreEstatus":"Despachado","FechaInicio":"2/18/2026 12:00:00 AM","HoraInicio":"16:30","HoraFin":"18:30","IDObra":4071001,"NombreObra":"colinas de san patricio","IDClienteSAE":4071,"NombreCliente":"SERVICIOS DE VIVIENDA","IDUso":19,"NombreUso":"Loza de Entrepiso","IDProducto":1022,"NombreProducto":"CONCRETO f\u0027c:200 Ag=20 Rev:14 A1 B","Remision":"A1/96528","CveCiudad":"AGS","NombreVendedor":"CASA CASA"},{"Id_Viaje":3040606,"IDPedido":582872,"CargaViaje":7,"IDPlanta":11,"NombrePlantaViaje":"M4-Centro","IDUnidad":315,"NombreUnidad":"CR-232","IDOperador":1452,"NombreOperador":"VICTOR LOPEZ","IDEstatusViaje":2,"NombreEstatus":"Entregado","FechaInicio":"2/18/2026 12:00:00 AM","HoraInicio":"23:30","HoraFin":"01:30","IDObra":10580001,"NombreObra":"catehua","IDClienteSAE":10580,"NombreCliente":"LEMURA VIVIENDA","IDUso":8,"NombreUso":"Losa","IDProducto":1557,"NombreProducto":"CONCRETO f\u0027c=250 Ag=20 Rev=18 A1 B","Remision":"M4/89197","CveCiudad":"MTY","NombreVendedor":"BLANCA P. GARZA"},{"Id_Viaje":3040608,"IDPedido":582872,"CargaViaje":7,"IDPlanta":11,"NombrePlantaViaje":"M4-Centro","IDUnidad":345,"NombreUnidad":"CR-231","IDOperador":1551,"NombreOperador":"ROGELIO MARTINEZ","IDEstatusViaje":2,"NombreEstatus":"Entregado","FechaInicio":"2/18/2026 12:00:00 AM","HoraInicio":"23:40","HoraFin":"01:40","IDObra":10580001,"NombreObra":"catehua","IDClienteSAE":10580,"NombreCliente":"LEMURA VIVIENDA","IDUso":8,"NombreUso":"Losa","IDProducto":1557,"NombreProducto":"CONCRETO f\u0027c=250 Ag=20 Rev=18 A1 B","Remision":"M4/89198","CveCiudad":"MTY","NombreVendedor":"BLANCA P. GARZA"},{"Id_Viaje":3040610,"IDPedido":582872,"CargaViaje":7,"IDPlanta":11,"NombrePlantaViaje":"M4-Centro","IDUnidad":314,"NombreUnidad":"CR-229","IDOperador":1529,"NombreOperador":"ENRIQUE YESCAS","IDEstatusViaje":2,"NombreEstatus":"Entregado","FechaInicio":"2/18/2026 12:00:00 AM","HoraInicio":"23:50","HoraFin":"01:50","IDObra":10580001,"NombreObra":"catehua","IDClienteSAE":10580,"NombreCliente":"LEMURA VIVIENDA","IDUso":8,"NombreUso":"Losa","IDProducto":1557,"NombreProducto":"CONCRETO f\u0027c=250 Ag=20 Rev=18 A1 B","Remision":"M4/89199","CveCiudad":"MTY","NombreVendedor":"BLANCA P. GARZA"},{"Id_Viaje":3040612,"IDPedido":582864,"CargaViaje":7,"IDPlanta":11,"NombrePlantaViaje":"M4-Centro","IDUnidad":315,"NombreUnidad":"CR-232","IDOperador":1452,"NombreOperador":"VICTOR LOPEZ","IDEstatusViaje":2,"NombreEstatus":"Entregado","FechaInicio":"2/18/2026 12:00:00 AM","HoraInicio":"18:00","HoraFin":"18:30","IDObra":12154003,"NombreObra":"heb la fe","IDClienteSAE":12154,"NombreCliente":"EDIFICADORA INDUSTRIAL DEL RIO","IDUso":1,"NombreUso":"Banqueta","IDProducto":513,"NombreProducto":"CONCRETO f\u0027c=200 Ag=20 Rev=14 A1 D","Remision":"M4/89195","CveCiudad":"MTY","NombreVendedor":"CESAR LUNA"},{"Id_Viaje":3040614,"IDPedido":582864,"CargaViaje":7,"IDPlanta":11,"NombrePlantaViaje":"M4-Centro","IDUnidad":314,"NombreUnidad":"CR-229","IDOperador":1529,"NombreOperador":"ENRIQUE YESCAS","IDEstatusViaje":2,"NombreEstatus":"Entregado","FechaInicio":"2/18/2026 12:00:00 AM","HoraInicio":"18:30","HoraFin":"19:00","IDObra":12154003,"NombreObra":"heb la fe","IDClienteSAE":12154,"NombreCliente":"EDIFICADORA INDUSTRIAL DEL RIO","IDUso":1,"NombreUso":"Banqueta","IDProducto":513,"NombreProducto":"CONCRETO f\u0027c=200 Ag=20 Rev=14 A1 D","Remision":"M4/89196","CveCiudad":"MTY","NombreVendedor":"CESAR LUNA"},{"Id_Viaje":3040620,"IDPedido":583073,"CargaViaje":7,"IDPlanta":16,"NombrePlantaViaje":"M6-Juarez","IDUnidad":315,"NombreUnidad":"CR-232","IDOperador":1452,"NombreOperador":"VICTOR LOPEZ","IDEstatusViaje":2,"NombreEstatus":"Entregado","FechaInicio":"2/18/2026 12:00:00 AM","HoraInicio":"23:30","HoraFin":"01:30","IDObra":12150002,"NombreObra":"VISTAS DEL SEMINARIO QUINTO SECTOR","IDClienteSAE":12150,"NombreCliente":"MAQUINARIA Y CONSTRUCTORA SEPULVEDA DE MONTERREY","IDUso":8,"NombreUso":"Losa","IDProducto":491,"NombreProducto":"CONCRETO f\u0027c=200 Ag=20 Rev=14 A1 B","Remision":"M6/67139","CveCiudad":"MTY","NombreVendedor":"CESAR LUNA"},{"Id_Viaje":3040622,"IDPedido":583073,"CargaViaje":5,"IDPlanta":16,"NombrePlantaViaje":"M6-Juarez","IDUnidad":314,"NombreUnidad":"CR-229","IDOperador":1529,"NombreOperador":"ENRIQUE YESCAS","IDEstatusViaje":2,"NombreEstatus":"Entregado","FechaInicio":"2/18/2026 12:00:00 AM","HoraInicio":"23:40","HoraFin":"01:40","IDObra":12150002,"NombreObra":"VISTAS DEL SEMINARIO QUINTO SECTOR","IDClienteSAE":12150,"NombreCliente":"MAQUINARIA Y CONSTRUCTORA SEPULVEDA DE MONTERREY","IDUso":8,"NombreUso":"Losa","IDProducto":491,"NombreProducto":"CONCRETO f\u0027c=200 Ag=20 Rev=14 A1 B","Remision":"M6/67140","CveCiudad":"MTY","NombreVendedor":"CESAR LUNA"},{"Id_Viaje":3040626,"IDPedido":582864,"CargaViaje":7,"IDPlanta":19,"NombrePlantaViaje":"M1-Apodaca","IDUnidad":315,"NombreUnidad":"CR-232","IDOperador":1452,"NombreOperador":"VICTOR LOPEZ","IDEstatusViaje":2,"NombreEstatus":"Entregado","FechaInicio":"2/18/2026 12:00:00 AM","HoraInicio":"23:30","HoraFin":"01:30","IDObra":12154003,"NombreObra":"heb la fe","IDClienteSAE":12154,"NombreCliente":"EDIFICADORA INDUSTRIAL DEL RIO","IDUso":1,"NombreUso":"Banqueta","IDProducto":513,"NombreProducto":"CONCRETO f\u0027c=200 Ag=20 Rev=14 A1 D","Remision":"M1/91214","CveCiudad":"MTY","NombreVendedor":"CESAR LUNA"}]