[{"Id_Viaje":3037096,"IDPedido":582396,"CargaViaje":5,"IDPlanta":16,"NombrePlantaViaje":"M6-Juarez","IDUnidad":371,"NombreUnidad":"CR-008","IDOperador":1199,"NombreOperador":"GABRIEL RIVERA","IDEstatusViaje":2,"NombreEstatus":"Entregado","FechaInicio":"2/9/2026 12:00:00 AM","HoraInicio":"11:00","HoraFin":"13:00","IDObra":8153024,"NombreObra":"VISTAS DEL SEMINARIO","IDClienteSAE":8153,"NombreCliente":"CONSTRUCTORA OBREGON FERNANDEZ","IDUso":1,"NombreUso":"Banqueta","IDProducto":589,"NombreProducto":"CONCRETO f\u0027c=150 Ag=20 Rev=12 A1 D","Remision":"M6/67061","CveCiudad":"MTY","NombreVendedor":"CESAR LUNA"},{"Id_Viaje":3037261,"IDPedido":582178,"CargaViaje":1,"IDPlanta":11,"NombrePlantaViaje":"M4-Centro","IDUnidad":78,"NombreUnidad":"CR-062","IDOperador":1478,"NombreOperador":"VICTOR HUGO MARTINEZ","IDEstatusViaje":2,"NombreEstatus":"Entregado","FechaInicio":"2/9/2026 12:00:00 AM","HoraInicio":"07:00","HoraFin":"09:00","IDObra":10580001,"NombreObra":"catehua","IDClienteSAE":10580,"NombreCliente":"LEMURA VIVIENDA","IDUso":26,"NombreUso":"Mortero","IDProducto":9993,"NombreProducto":"MORTERO f\u0027c=200 Kgf/cm2 Ag=4 R=18 A1 B","Remision":"M4/89069","CveCiudad":"MTY","NombreVendedor":"BLANCA P. GARZA"},{"Id_Viaje":3037268,"IDPedido":582179,"CargaViaje":7,"IDPlanta":11,"NombrePlantaViaje":"M4-Centro","IDUnidad":214,"NombreUnidad":"CR-170","IDOperador":1722,"NombreOperador":"EDGAR JAVIER MARROQUIN","IDEstatusViaje":2,"NombreEstatus":"Entregado","FechaInicio":"2/9/2026 12:00:00 AM","HoraInicio":"06:30","HoraFin":"08:30","IDObra":10580001,"NombreObra":"catehua","IDClienteSAE":10580,"NombreCliente":"LEMURA VIVIENDA","IDUso":8,"NombreUso":"Losa","IDProducto":1557,"NombreProducto":"CONCRETO f\u0027c=250 Ag=20 Rev=18 A1 B","Remision":"M4/89070","CveCiudad":"MTY","NombreVendedor":"BLANCA P. GARZA"},{"Id_Viaje":3037270,"IDPedido":582179,"CargaViaje":7,"IDPlanta":11,"NombrePlantaViaje":"M4-Centro","IDUnidad":213,"NombreUnidad":"CR-171","IDOperador":1610,"NombreOperador":"MOISES ISRAEL HERNANDEZ","IDEstatusViaje":2,"NombreEstatus":"Entregado","FechaInicio":"2/9/2026 12:00:00 AM","HoraInicio":"06:40","HoraFin":"08:40","IDObra":10580001,"NombreObra":"catehua","IDClienteSAE":10580,"NombreCliente":"LEMURA VIVIENDA","IDUso":8,"NombreUso":"Losa","IDProducto":1557,"NombreProducto":"CONCRETO f\u0027c=250 Ag=20 Rev=18 A1 B","Remision":"M4/89073","CveCiudad":"MTY","NombreVendedor":"BLANCA P. GARZA"},{"Id_Viaje":3037272,"IDPedido":582179,"CargaViaje":7,"IDPlanta":11,"NombrePlantaViaje":"M4-Centro","IDUnidad":212,"NombreUnidad":"CR-172","IDOperador":1741,"NombreOperador":"YAUDEL VILLAMONTE","IDEstatusViaje":2,"NombreEstatus":"Entregado","FechaInicio":"2/9/2026 12:00:00 AM","HoraInicio":"06:50","HoraFin":"08:50","IDObra":10580001,"NombreObra":"catehua","IDClienteSAE":10580,"NombreCliente":"LEMURA VIVIENDA","IDUso":8,"NombreUso":"Losa","IDProducto":1557,"NombreProducto":"CONCRETO f\u0027c=250 Ag=20 Rev=18 A1 B","Remision":"M4/89080","CveCiudad":"MTY","NombreVendedor":"BLANCA P. GARZA"},{"Id_Viaje":3037274,"IDPedido":582179,"CargaViaje":7,"IDPlanta":11,"NombrePlantaViaje":"M4-Centro","IDUnidad":43,"NombreUnidad":"CR-173","IDOperador":1563,"NombreOperador":"JOSE ALFREDO DE LEON","IDEstatusViaje":2,"NombreEstatus":"Entregado","FechaInicio":"2/9/2026 12:00:00 AM","HoraInicio":"07:00","HoraFin":"09:00","IDObra":10580001,"NombreObra":"catehua","IDClienteSAE":10580,"NombreCliente":"LEMURA VIVIENDA","IDUso":8,"NombreUso":"Losa","IDProducto":1557,"NombreProducto":"CONCRETO f\u0027c=250 Ag=20 Rev=18 A1 B","Remision":"M4/89083","CveCiudad":"MTY","NombreVendedor":"BLANCA P. GARZA"},{"Id_Viaje":3037276,"IDPedido":582179,"CargaViaje":7,"IDPlanta":11,"NombrePlantaViaje":"M4-Centro","IDUnidad":206,"NombreUnidad":"CR-174","IDOperador":1692,"NombreOperador":"IVAN ENRIQUE PULGARIN","IDEstatusViaje":2,"NombreEstatus":"Entregado","FechaInicio":"2/9/2026 12:00:00 AM","HoraInicio":"07:10","HoraFin":"09:10","IDObra":10580001,"NombreObra":"catehua","IDClienteSAE":10580,"NombreCliente":"LEMURA VIVIENDA","IDUso":8,"NombreUso":"Losa","IDProducto":1557,"NombreProducto":"CONCRETO f\u0027c=250 Ag=20 Rev=18 A1 B","Remision":"M4/89076","CveCiudad":"MTY","NombreVendedor":"BLANCA P. GARZA"},{"Id_Viaje":3037278,"IDPedido":582179,"CargaViaje":7,"IDPlanta":11,"NombrePlantaViaje":"M4-Centro","IDUnidad":366,"NombreUnidad":"CR-235","IDOperador":1198,"NombreOperador":"ALEJANDRO TREVIÑO","IDEstatusViaje":2,"NombreEstatus":"Entregado","FechaInicio":"2/9/2026 12:00:00 AM","HoraInicio":"07:20","HoraFin":"09:20","IDObra":10580001,"NombreObra":"catehua","IDClienteSAE":10580,"NombreCliente":"LEMURA VIVIENDA","IDUso":8,"NombreUso":"Losa","IDProducto":1557,"NombreProducto":"CONCRETO f\u0027c=250 Ag=20 Rev=18 A1 B","Remision":"M4/89072","CveCiudad":"MTY","NombreVendedor":"BLANCA P. GARZA"},{"Id_Viaje":3037280,"IDPedido":582179,"CargaViaje":7,"IDPlanta":11,"NombrePlantaViaje":"M4-Centro","IDUnidad":8,"NombreUnidad":"CR-244","IDOperador":1151,"NombreOperador":"GERARDO GARCIA","IDEstatusViaje":2,"NombreEstatus":"Entregado","FechaInicio":"2/9/2026 12:00:00 AM","HoraInicio":"07:30","HoraFin":"09:30","IDObra":10580001,"NombreObra":"catehua","IDClienteSAE":10580,"NombreCliente":"LEMURA VIVIENDA","IDUso":8,"NombreUso":"Losa","IDProducto":1557,"NombreProducto":"CONCRETO f\u0027c=250 Ag=20 Rev=18 A1 B","Remision":"M4/89071","CveCiudad":"MTY","NombreVendedor":"BLANCA P. GARZA"},{"Id_Viaje":3037282,"IDPedido":582179,"CargaViaje":7,"IDPlanta":11,"NombrePlantaViaje":"M4-Centro","IDUnidad":376,"NombreUnidad":"CR-247","IDOperador":1466,"NombreOperador":"JOSE GUADALUPE ESMERALDA","IDEstatusViaje":2,"NombreEstatus":"Entregado","FechaInicio":"2/9/2026 12:00:00 AM","HoraInicio":"07:40","HoraFin":"09:40","IDObra":10580001,"NombreObra":"catehua","IDClienteSAE":10580,"NombreCliente":"LEMURA VIVIENDA","IDUso":8,"NombreUso":"Losa","IDProducto":1557,"NombreProducto":"CONCRETO f\u0027c=250 Ag=20 Rev=18 A1 B","Remision":"M4/89079","CveCiudad":"MTY","NombreVendedor":"BLANCA P. GARZA"},{"Id_Viaje":3037284,"IDPedido":582179,"CargaViaje":7,"IDPlanta":11,"NombrePlantaViaje":"M4-Centro","IDUnidad":78,"NombreUnidad":"CR-062","IDOperador":1478,"NombreOperador":"VICTOR HUGO MARTINEZ","IDEstatusViaje":2,"NombreEstatus":"Entregado","FechaInicio":"2/9/2026 12:00:00 AM","HoraInicio":"07:50","HoraFin":"09:50","IDObra":10580001,"NombreObra":"catehua","IDClienteSAE":10580,"NombreCliente":"LEMURA VIVIENDA","IDUso":8,"NombreUso":"Losa","IDProducto":1557,"NombreProducto":"CONCRETO f\u0027c=250 Ag=20 Rev=18 A1 B","Remision":"M4/89081","CveCiudad":"MTY","NombreVendedor":"BLANCA P. GARZA"},{"Id_Viaje":3037286,"IDPedido":582179,"CargaViaje":7,"IDPlanta":11,"NombrePlantaViaje":"M4-Centro","IDUnidad":210,"NombreUnidad":"CR-166","IDOperador":1198,"NombreOperador":"ALEJANDRO TREVIÑO","IDEstatusViaje":2,"NombreEstatus":"Entregado","FechaInicio":"2/9/2026 12:00:00 AM","HoraInicio":"08:00","HoraFin":"10:00","IDObra":10580001,"NombreObra":"catehua","IDClienteSAE":10580,"NombreCliente":"LEMURA VIVIENDA","IDUso":8,"NombreUso":"Losa","IDProducto":1557,"NombreProducto":"CONCRETO f\u0027c=250 Ag=20 Rev=18 A1 B","Remision":"M4/89078","CveCiudad":"MTY","NombreVendedor":"BLANCA P. GARZA"},{"Id_Viaje":3037288,"IDPedido":582179,"CargaViaje":7,"IDPlanta":11,"NombrePlantaViaje":"M4-Centro","IDUnidad":315,"NombreUnidad":"CR-232","IDOperador":1452,"NombreOperador":"VICTOR LOPEZ","IDEstatusViaje":2,"NombreEstatus":"Entregado","FechaInicio":"2/9/2026 12:00:00 AM","HoraInicio":"12:00","HoraFin":"12:30","IDObra":10580001,"NombreObra":"catehua","IDClienteSAE":10580,"NombreCliente":"LEMURA VIVIENDA","IDUso":8,"NombreUso":"Losa","IDProducto":1557,"NombreProducto":"CONCRETO f\u0027c=250 Ag=20 Rev=18 A1 B","Remision":"M4/89075","CveCiudad":"MTY","NombreVendedor":"BLANCA P. GARZA"},{"Id_Viaje":3037290,"IDPedido":582179,"CargaViaje":7,"IDPlanta":11,"NombrePlantaViaje":"M4-Centro","IDUnidad":314,"NombreUnidad":"CR-229","IDOperador":1529,"NombreOperador":"ENRIQUE YESCAS","IDEstatusViaje":2,"NombreEstatus":"Entregado","FechaInicio":"2/9/2026 12:00:00 AM","HoraInicio":"12:30","HoraFin":"13:00","IDObra":10580001,"NombreObra":"catehua","IDClienteSAE":10580,"NombreCliente":"LEMURA VIVIENDA","IDUso":8,"NombreUso":"Losa","IDProducto":1557,"NombreProducto":"CONCRETO f\u0027c=250 Ag=20 Rev=18 A1 B","Remision":"M4/89074","CveCiudad":"MTY","NombreVendedor":"BLANCA P. GARZA"},{"Id_Viaje":3037292,"IDPedido":582179,"CargaViaje":7,"IDPlanta":11,"NombrePlantaViaje":"M4-Centro","IDUnidad":345,"NombreUnidad":"CR-231","IDOperador":1551,"NombreOperador":"ROGELIO MARTINEZ","IDEstatusViaje":2,"NombreEstatus":"Entregado","FechaInicio":"2/9/2026 12:00:00 AM","HoraInicio":"13:00","HoraFin":"13:30","IDObra":10580001,"NombreObra":"catehua","IDClienteSAE":10580,"NombreCliente":"LEMURA VIVIENDA","IDUso":8,"NombreUso":"Losa","IDProducto":1557,"NombreProducto":"CONCRETO f\u0027c=250 Ag=20 Rev=18 A1 B","Remision":"M4/89077","CveCiudad":"MTY","NombreVendedor":"BLANCA P. GARZA"},{"Id_Viaje":3037294,"IDPedido":582179,"CargaViaje":7,"IDPlanta":11,"NombrePlantaViaje":"M4-Centro","IDUnidad":345,"NombreUnidad":"CR-231","IDOperador":1551,"NombreOperador":"ROGELIO MARTINEZ","IDEstatusViaje":2,"NombreEstatus":"Entregado","FechaInicio":"2/9/2026 12:00:00 AM","HoraInicio":"13:30","HoraFin":"14:00","IDObra":10580001,"NombreObra":"catehua","IDClienteSAE":10580,"NombreCliente":"LEMURA VIVIENDA","IDUso":8,"NombreUso":"Losa","IDProducto":1557,"NombreProducto":"CONCRETO f\u0027c=250 Ag=20 Rev=18 A1 B","Remision":"M4/89082","CveCiudad":"MTY","NombreVendedor":"BLANCA P. GARZA"},{"Id_Viaje":3037296,"IDPedido":582179,"CargaViaje":7,"IDPlanta":11,"NombrePlantaViaje":"M4-Centro","IDUnidad":314,"NombreUnidad":"CR-229","IDOperador":1529,"NombreOperador":"ENRIQUE YESCAS","IDEstatusViaje":2,"NombreEstatus":"Entregado","FechaInicio":"2/9/2026 12:00:00 AM","HoraInicio":"14:00","HoraFin":"14:30","IDObra":10580001,"NombreObra":"catehua","IDClienteSAE":10580,"NombreCliente":"LEMURA VIVIENDA","IDUso":8,"NombreUso":"Losa","IDProducto":1557,"NombreProducto":"CONCRETO f\u0027c=250 Ag=20 Rev=18 A1 B","Remision":"M4/89084","CveCiudad":"MTY","NombreVendedor":"BLANCA P. GARZA"},{"Id_Viaje":3037298,"IDPedido":582179,"CargaViaje":7,"IDPlanta":11,"NombrePlantaViaje":"M4-Centro","IDUnidad":345,"NombreUnidad":"CR-231","IDOperador":1551,"NombreOperador":"ROGELIO MARTINEZ","IDEstatusViaje":2,"NombreEstatus":"Entregado","FechaInicio":"2/9/2026 12:00:00 AM","HoraInicio":"14:30","HoraFin":"15:00","IDObra":10580001,"NombreObra":"catehua","IDClienteSAE":10580,"NombreCliente":"LEMURA VIVIENDA","IDUso":8,"NombreUso":"Losa","IDProducto":1557,"NombreProducto":"CONCRETO f\u0027c=250 Ag=20 Rev=18 A1 B","Remision":"M4/89085","CveCiudad":"MTY","NombreVendedor":"BLANCA P. GARZA"},{"Id_Viaje":3037300,"IDPedido":582179,"CargaViaje":7,"IDPlanta":11,"NombrePlantaViaje":"M4-Centro","IDUnidad":314,"NombreUnidad":"CR-229","IDOperador":1529,"NombreOperador":"ENRIQUE YESCAS","IDEstatusViaje":2,"NombreEstatus":"Entregado","FechaInicio":"2/9/2026 12:00:00 AM","HoraInicio":"15:00","HoraFin":"15:30","IDObra":10580001,"NombreObra":"catehua","IDClienteSAE":10580,"NombreCliente":"LEMURA VIVIENDA","IDUso":8,"NombreUso":"Losa","IDProducto":1557,"NombreProducto":"CONCRETO f\u0027c=250 Ag=20 Rev=18 A1 B","Remision":"M4/89086","CveCiudad":"MTY","NombreVendedor":"BLANCA P. GARZA"},{"Id_Viaje":3037302,"IDPedido":582179,"CargaViaje":7,"IDPlanta":11,"NombrePlantaViaje":"M4-Centro","IDUnidad":315,"NombreUnidad":"CR-232","IDOperador":1452,"NombreOperador":"VICTOR LOPEZ","IDEstatusViaje":2,"NombreEstatus":"Entregado","FechaInicio":"2/9/2026 12:00:00 AM","HoraInicio":"15:30","HoraFin":"16:00","IDObra":10580001,"NombreObra":"catehua","IDClienteSAE":10580,"NombreCliente":"LEMURA VIVIENDA","IDUso":8,"NombreUso":"Losa","IDProducto":1557,"NombreProducto":"CONCRETO f\u0027c=250 Ag=20 Rev=18 A1 B","Remision":"M4/89087","CveCiudad":"MTY","NombreVendedor":"BLANCA P. GARZA"},{"Id_Viaje":3037311,"IDPedido":582456,"CargaViaje":7,"IDPlanta":16,"NombrePlantaViaje":"M6-Juarez","IDUnidad":133,"NombreUnidad":"CR-124","IDOperador":1546,"NombreOperador":"VICTOR ADRIAN HERNANDEZ","IDEstatusViaje":2,"NombreEstatus":"Entregado","FechaInicio":"2/9/2026 12:00:00 AM","HoraInicio":"14:00","HoraFin":"16:00","IDObra":12150002,"NombreObra":"VISTAS DEL SEMINARIO QUINTO SECTOR","IDClienteSAE":12150,"NombreCliente":"MAQUINARIA Y CONSTRUCTORA SEPULVEDA DE MONTERREY","IDUso":8,"NombreUso":"Losa","IDProducto":491,"NombreProducto":"CONCRETO f\u0027c=200 Ag=20 Rev=14 A1 B","Remision":"M6/67058","CveCiudad":"MTY","NombreVendedor":"CESAR LUNA"},{"Id_Viaje":3037313,"IDPedido":582456,"CargaViaje":7,"IDPlanta":16,"NombrePlantaViaje":"M6-Juarez","IDUnidad":231,"NombreUnidad":"CR-151","IDOperador":1581,"NombreOperador":"FRANCISCO JAVIER GONZALEZ","IDEstatusViaje":2,"NombreEstatus":"Entregado","FechaInicio":"2/9/2026 12:00:00 AM","HoraInicio":"14:10","HoraFin":"16:10","IDObra":12150002,"NombreObra":"VISTAS DEL SEMINARIO QUINTO SECTOR","IDClienteSAE":12150,"NombreCliente":"MAQUINARIA Y CONSTRUCTORA SEPULVEDA DE MONTERREY","IDUso":8,"NombreUso":"Losa","IDProducto":491,"NombreProducto":"CONCRETO f\u0027c=200 Ag=20 Rev=14 A1 B","Remision":"M6/67059","CveCiudad":"MTY","NombreVendedor":"CESAR LUNA"},{"Id_Viaje":3037315,"IDPedido":582456,"CargaViaje":7,"IDPlanta":16,"NombrePlantaViaje":"M6-Juarez","IDUnidad":209,"NombreUnidad":"CR-169","IDOperador":1226,"NombreOperador":"FRANCISCO JAVIER ARAUJO RAMOS","IDEstatusViaje":2,"NombreEstatus":"Entregado","FechaInicio":"2/9/2026 12:00:00 AM","HoraInicio":"14:20","HoraFin":"16:20","IDObra":12150002,"NombreObra":"VISTAS DEL SEMINARIO QUINTO SECTOR","IDClienteSAE":12150,"NombreCliente":"MAQUINARIA Y CONSTRUCTORA SEPULVEDA DE MONTERREY","IDUso":8,"NombreUso":"Losa","IDProducto":491,"NombreProducto":"CONCRETO f\u0027c=200 Ag=20 Rev=14 A1 B","Remision":"M6/67060","CveCiudad":"MTY","NombreVendedor":"CESAR LUNA"},{"Id_Viaje":3037318,"IDPedido":582256,"CargaViaje":5,"IDPlanta":16,"NombrePlantaViaje":"M6-Juarez","IDUnidad":338,"NombreUnidad":"CR-204","IDOperador":1117,"NombreOperador":"JUAN FERNANDO TOBIAS","IDEstatusViaje":2,"NombreEstatus":"Entregado","FechaInicio":"2/9/2026 12:00:00 AM","HoraInicio":"09:00","HoraFin":"11:00","IDObra":10117012,"NombreObra":"corfu residencial","IDClienteSAE":10117,"NombreCliente":"RESIDE INMUEBLES","IDUso":1,"NombreUso":"Banqueta","IDProducto":481,"NombreProducto":"CONCRETO f\u0027c=150 Ag=20 Rev=10 A1 D","Remision":"M6/67055","CveCiudad":"MTY","NombreVendedor":"ENRIQUE ALVAREZ"},{"Id_Viaje":3037320,"IDPedido":582251,"CargaViaje":7,"IDPlanta":16,"NombrePlantaViaje":"M6-Juarez","IDUnidad":342,"NombreUnidad":"CR-223","IDOperador":1143,"NombreOperador":"FERNANDO TEY","IDEstatusViaje":2,"NombreEstatus":"Entregado","FechaInicio":"2/9/2026 12:00:00 AM","HoraInicio":"13:00","HoraFin":"15:00","IDObra":10117012,"NombreObra":"corfu residencial","IDClienteSAE":10117,"NombreCliente":"RESIDE INMUEBLES","IDUso":7,"NombreUso":"Firme","IDProducto":483,"NombreProducto":"CONCRETO f\u0027c=200 Ag=20. Rev=10 A1 D","Remision":"M6/67056","CveCiudad":"MTY","NombreVendedor":"ENRIQUE ALVAREZ"},{"Id_Viaje":3037322,"IDPedido":582075,"CargaViaje":7,"IDPlanta":18,"NombrePlantaViaje":"M7-Salinas","IDUnidad":242,"NombreUnidad":"CR - 150","IDOperador":1750,"NombreOperador":"BARTOLO HERNANDEZ","IDEstatusViaje":2,"NombreEstatus":"Entregado","FechaInicio":"2/9/2026 12:00:00 AM","HoraInicio":"07:00","HoraFin":"09:00","IDObra":12213002,"NombreObra":"planta sepisa","IDClienteSAE":12213,"NombreCliente":"INMOBILIARIA SR 75","IDUso":24,"NombreUso":"Pilotes","IDProducto":1567,"NombreProducto":"CONCRETO f\u0027c=300 Ag=20 Rev=10 A1 D","Remision":"M7/41042","CveCiudad":"MTY","NombreVendedor":"GUILLERMO RAMA HERRERA"},{"Id_Viaje":3037324,"IDPedido":582075,"CargaViaje":7,"IDPlanta":18,"NombrePlantaViaje":"M7-Salinas","IDUnidad":46,"NombreUnidad":"CR-061","IDOperador":1440,"NombreOperador":"HECTOR ALEJANDRO SALAZAR","IDEstatusViaje":2,"NombreEstatus":"Entregado","FechaInicio":"2/9/2026 12:00:00 AM","HoraInicio":"07:10","HoraFin":"09:10","IDObra":12213002,"NombreObra":"planta sepisa","IDClienteSAE":12213,"NombreCliente":"INMOBILIARIA SR 75","IDUso":24,"NombreUso":"Pilotes","IDProducto":1567,"NombreProducto":"CONCRETO f\u0027c=300 Ag=20 Rev=10 A1 D","Remision":"M7/41043","CveCiudad":"MTY","NombreVendedor":"GUILLERMO RAMA HERRERA"},{"Id_Viaje":3037326,"IDPedido":582075,"CargaViaje":7,"IDPlanta":18,"NombrePlantaViaje":"M7-Salinas","IDUnidad":306,"NombreUnidad":"CR-197","IDOperador":963,"NombreOperador":"ROGELIO PEÑA","IDEstatusViaje":2,"NombreEstatus":"Entregado","FechaInicio":"2/9/2026 12:00:00 AM","HoraInicio":"07:20","HoraFin":"09:20","IDObra":12213002,"NombreObra":"planta sepisa","IDClienteSAE":12213,"NombreCliente":"INMOBILIARIA SR 75","IDUso":24,"NombreUso":"Pilotes","IDProducto":1567,"NombreProducto":"CONCRETO f\u0027c=300 Ag=20 Rev=10 A1 D","Remision":"M7/41044","CveCiudad":"MTY","NombreVendedor":"GUILLERMO RAMA HERRERA"},{"Id_Viaje":3037328,"IDPedido":582075,"CargaViaje":7,"IDPlanta":18,"NombrePlantaViaje":"M7-Salinas","IDUnidad":315,"NombreUnidad":"CR-232","IDOperador":1452,"NombreOperador":"VICTOR LOPEZ","IDEstatusViaje":2,"NombreEstatus":"Entregado","FechaInicio":"2/9/2026 12:00:00 AM","HoraInicio":"07:30","HoraFin":"09:30","IDObra":12213002,"NombreObra":"planta sepisa","IDClienteSAE":12213,"NombreCliente":"INMOBILIARIA SR 75","IDUso":24,"NombreUso":"Pilotes","IDProducto":1567,"NombreProducto":"CONCRETO f\u0027c=300 Ag=20 Rev=10 A1 D","Remision":"M7/41045","CveCiudad":"MTY","NombreVendedor":"GUILLERMO RAMA HERRERA"},{"Id_Viaje":3037330,"IDPedido":582075,"CargaViaje":7,"IDPlanta":18,"NombrePlantaViaje":"M7-Salinas","IDUnidad":314,"NombreUnidad":"CR-229","IDOperador":1529,"NombreOperador":"ENRIQUE YESCAS","IDEstatusViaje":2,"NombreEstatus":"Entregado","FechaInicio":"2/9/2026 12:00:00 AM","HoraInicio":"09:30","HoraFin":"10:00","IDObra":12213002,"NombreObra":"planta sepisa","IDClienteSAE":12213,"NombreCliente":"INMOBILIARIA SR 75","IDUso":24,"NombreUso":"Pilotes","IDProducto":1567,"NombreProducto":"CONCRETO f\u0027c=300 Ag=20 Rev=10 A1 D","Remision":"M7/41046","CveCiudad":"MTY","NombreVendedor":"GUILLERMO RAMA HERRERA"},{"Id_Viaje":3037332,"IDPedido":582075,"CargaViaje":7,"IDPlanta":18,"NombrePlantaViaje":"M7-Salinas","IDUnidad":314,"NombreUnidad":"CR-229","IDOperador":1529,"NombreOperador":"ENRIQUE YESCAS","IDEstatusViaje":2,"NombreEstatus":"Entregado","FechaInicio":"2/9/2026 12:00:00 AM","HoraInicio":"10:00","HoraFin":"10:30","IDObra":12213002,"NombreObra":"planta sepisa","IDClienteSAE":12213,"NombreCliente":"INMOBILIARIA SR 75","IDUso":24,"NombreUso":"Pilotes","IDProducto":1567,"NombreProducto":"CONCRETO f\u0027c=300 Ag=20 Rev=10 A1 D","Remision":"M7/41047","CveCiudad":"MTY","NombreVendedor":"GUILLERMO RAMA HERRERA"},{"Id_Viaje":3037334,"IDPedido":582075,"CargaViaje":7,"IDPlanta":18,"NombrePlantaViaje":"M7-Salinas","IDUnidad":340,"NombreUnidad":"CR-219","IDOperador":1122,"NombreOperador":"NOE CASTILLO","IDEstatusViaje":2,"NombreEstatus":"Entregado","FechaInicio":"2/9/2026 12:00:00 AM","HoraInicio":"10:30","HoraFin":"11:00","IDObra":12213002,"NombreObra":"planta sepisa","IDClienteSAE":12213,"NombreCliente":"INMOBILIARIA SR 75","IDUso":24,"NombreUso":"Pilotes","IDProducto":1567,"NombreProducto":"CONCRETO f\u0027c=300 Ag=20 Rev=10 A1 D","Remision":"M7/41048","CveCiudad":"MTY","NombreVendedor":"GUILLERMO RAMA HERRERA"},{"Id_Viaje":3037336,"IDPedido":582075,"CargaViaje":7,"IDPlanta":18,"NombrePlantaViaje":"M7-Salinas","IDUnidad":314,"NombreUnidad":"CR-229","IDOperador":1529,"NombreOperador":"ENRIQUE YESCAS","IDEstatusViaje":2,"NombreEstatus":"Entregado","FechaInicio":"2/9/2026 12:00:00 AM","HoraInicio":"11:00","HoraFin":"11:30","IDObra":12213002,"NombreObra":"planta sepisa","IDClienteSAE":12213,"NombreCliente":"INMOBILIARIA SR 75","IDUso":24,"NombreUso":"Pilotes","IDProducto":1567,"NombreProducto":"CONCRETO f\u0027c=300 Ag=20 Rev=10 A1 D","Remision":"M7/41049","CveCiudad":"MTY","NombreVendedor":"GUILLERMO RAMA HERRERA"},{"Id_Viaje":3037340,"IDPedido":582377,"CargaViaje":6,"IDPlanta":7,"NombrePlantaViaje":"M2-Escobedo","IDUnidad":339,"NombreUnidad":"CR- 243","IDOperador":1552,"NombreOperador":"JOSE ISAIAS ROCHA","IDEstatusViaje":2,"NombreEstatus":"Entregado","FechaInicio":"2/9/2026 12:00:00 AM","HoraInicio":"13:30","HoraFin":"15:30","IDObra":1534016,"NombreObra":"PLANTA MOYEDA","IDClienteSAE":1534,"NombreCliente":"CONSTRUCTORA MOYEDA","IDUso":14,"NombreUso":"Viga","IDProducto":11985,"NombreProducto":"CONCRETO f\u0027c=450 Ag20 Rv22B8036 Grn CTem Ceniza25","Remision":"M2/79877","CveCiudad":"MTY","NombreVendedor":"CASA PROGRAMACION"},{"Id_Viaje":3037342,"IDPedido":582377,"CargaViaje":6,"IDPlanta":7,"NombrePlantaViaje":"M2-Escobedo","IDUnidad":309,"NombreUnidad":"CR-117","IDOperador":1470,"NombreOperador":"ERICK BENJAMIN HERRERA","IDEstatusViaje":2,"NombreEstatus":"Entregado","FechaInicio":"2/9/2026 12:00:00 AM","HoraInicio":"13:40","HoraFin":"15:40","IDObra":1534016,"NombreObra":"PLANTA MOYEDA","IDClienteSAE":1534,"NombreCliente":"CONSTRUCTORA MOYEDA","IDUso":14,"NombreUso":"Viga","IDProducto":11985,"NombreProducto":"CONCRETO f\u0027c=450 Ag20 Rv22B8036 Grn CTem Ceniza25","Remision":"M2/79878","CveCiudad":"MTY","NombreVendedor":"CASA PROGRAMACION"},{"Id_Viaje":3037344,"IDPedido":582377,"CargaViaje":6,"IDPlanta":7,"NombrePlantaViaje":"M2-Escobedo","IDUnidad":38,"NombreUnidad":"CR-120","IDOperador":1517,"NombreOperador":"JESUS ALBERTO SAUCEDA","IDEstatusViaje":2,"NombreEstatus":"Entregado","FechaInicio":"2/9/2026 12:00:00 AM","HoraInicio":"13:50","HoraFin":"15:50","IDObra":1534016,"NombreObra":"PLANTA MOYEDA","IDClienteSAE":1534,"NombreCliente":"CONSTRUCTORA MOYEDA","IDUso":14,"NombreUso":"Viga","IDProducto":11985,"NombreProducto":"CONCRETO f\u0027c=450 Ag20 Rv22B8036 Grn CTem Ceniza25","Remision":"M2/79879","CveCiudad":"MTY","NombreVendedor":"CASA PROGRAMACION"},{"Id_Viaje":3037346,"IDPedido":582377,"CargaViaje":6,"IDPlanta":7,"NombrePlantaViaje":"M2-Escobedo","IDUnidad":375,"NombreUnidad":"CR-121","IDOperador":78,"NombreOperador":"CARLOS ALBERTO VILLARREAL","IDEstatusViaje":2,"NombreEstatus":"Entregado","FechaInicio":"2/9/2026 12:00:00 AM","HoraInicio":"14:00","HoraFin":"16:00","IDObra":1534016,"NombreObra":"PLANTA MOYEDA","IDClienteSAE":1534,"NombreCliente":"CONSTRUCTORA MOYEDA","IDUso":14,"NombreUso":"Viga","IDProducto":11985,"NombreProducto":"CONCRETO f\u0027c=450 Ag20 Rv22B8036 Grn CTem Ceniza25","Remision":"M2/79880","CveCiudad":"MTY","NombreVendedor":"CASA PROGRAMACION"},{"Id_Viaje":3037357,"IDPedido":582289,"CargaViaje":6,"IDPlanta":15,"NombrePlantaViaje":"M5-Santiago","IDUnidad":28,"NombreUnidad":"CR-241","IDOperador":1509,"NombreOperador":"JUAN LUIS ROCHA","IDEstatusViaje":2,"NombreEstatus":"Entregado","FechaInicio":"2/9/2026 12:00:00 AM","HoraInicio":"10:00","HoraFin":"12:00","IDObra":541061,"NombreObra":"ANTIGUA SUR","IDClienteSAE":541,"NombreCliente":"DESARROLLOS LOCSA","IDUso":5,"NombreUso":"Cordon","IDProducto":483,"NombreProducto":"CONCRETO f\u0027c=200 Ag=20. Rev=10 A1 D","Remision":"M5/37065","CveCiudad":"MTY","NombreVendedor":"GUILLERMO RAMA HERRERA"},{"Id_Viaje":3037361,"IDPedido":582290,"CargaViaje":6,"IDPlanta":15,"NombrePlantaViaje":"M5-Santiago","IDUnidad":28,"NombreUnidad":"CR-241","IDOperador":1509,"NombreOperador":"JUAN LUIS ROCHA","IDEstatusViaje":2,"NombreEstatus":"Entregado","FechaInicio":"2/9/2026 12:00:00 AM","HoraInicio":"14:00","HoraFin":"16:00","IDObra":541061,"NombreObra":"ANTIGUA SUR","IDClienteSAE":541,"NombreCliente":"DESARROLLOS LOCSA","IDUso":5,"NombreUso":"Cordon","IDProducto":483,"NombreProducto":"CONCRETO f\u0027c=200 Ag=20. Rev=10 A1 D","Remision":"M5/37067","CveCiudad":"MTY","NombreVendedor":"GUILLERMO RAMA HERRERA"},{"Id_Viaje":3037363,"IDPedido":582415,"CargaViaje":7,"IDPlanta":7,"NombrePlantaViaje":"M2-Escobedo","IDUnidad":374,"NombreUnidad":"CR-189","IDOperador":1444,"NombreOperador":"HUMBERTO GONZALEZ","IDEstatusViaje":2,"NombreEstatus":"Entregado","FechaInicio":"2/9/2026 12:00:00 AM","HoraInicio":"13:00","HoraFin":"15:00","IDObra":8894025,"NombreObra":"cumbres platino","IDClienteSAE":8894,"NombreCliente":"ACRE PROMOTORA","IDUso":7,"NombreUso":"Firme","IDProducto":576,"NombreProducto":"CONCRETO f\u0027c=100 Ag=20 Rev=12 A1 D","Remision":"M2/79876","CveCiudad":"MTY","NombreVendedor":"SILVIA LOZANO"},{"Id_Viaje":3037367,"IDPedido":582414,"CargaViaje":7,"IDPlanta":7,"NombrePlantaViaje":"M2-Escobedo","IDUnidad":370,"NombreUnidad":"CR-203","IDOperador":644,"NombreOperador":"ALEJANDRO QUEZADA","IDEstatusViaje":2,"NombreEstatus":"Entregado","FechaInicio":"2/9/2026 12:00:00 AM","HoraInicio":"14:30","HoraFin":"16:30","IDObra":8894025,"NombreObra":"cumbres platino","IDClienteSAE":8894,"NombreCliente":"ACRE PROMOTORA","IDUso":7,"NombreUso":"Firme","IDProducto":576,"NombreProducto":"CONCRETO f\u0027c=100 Ag=20 Rev=12 A1 D","Remision":"M2/79882","CveCiudad":"MTY","NombreVendedor":"SILVIA LOZANO"},{"Id_Viaje":3037369,"IDPedido":582445,"CargaViaje":7,"IDPlanta":19,"NombrePlantaViaje":"M1-Apodaca","IDUnidad":332,"NombreUnidad":"CR-026","IDOperador":1458,"NombreOperador":"MIGUEL ANGEL LUGO","IDEstatusViaje":2,"NombreEstatus":"Entregado","FechaInicio":"2/9/2026 12:00:00 AM","HoraInicio":"08:00","HoraFin":"10:00","IDObra":12154003,"NombreObra":"heb la fe","IDClienteSAE":12154,"NombreCliente":"EDIFICADORA INDUSTRIAL DEL RIO","IDUso":1,"NombreUso":"Banqueta","IDProducto":513,"NombreProducto":"CONCRETO f\u0027c=200 Ag=20 Rev=14 A1 D","Remision":"M1/91112","CveCiudad":"MTY","NombreVendedor":"CESAR LUNA"},{"Id_Viaje":3037371,"IDPedido":582363,"CargaViaje":7,"IDPlanta":19,"NombrePlantaViaje":"M1-Apodaca","IDUnidad":40,"NombreUnidad":"CR-031","IDOperador":1157,"NombreOperador":"JUAN JOSE ROSARIO LOPEZ","IDEstatusViaje":2,"NombreEstatus":"Entregado","FechaInicio":"2/9/2026 12:00:00 AM","HoraInicio":"09:00","HoraFin":"11:00","IDObra":11623002,"NombreObra":"sungwoo hitech apartament","IDClienteSAE":11623,"NombreCliente":"TAEINS MEXICO","IDUso":1,"NombreUso":"Banqueta","IDProducto":485,"NombreProducto":"CONCRETO f\u0027c=250 Ag=20 Rev=10 A1 D","Remision":"M1/91113","CveCiudad":"MTY","NombreVendedor":"CASA PROGRAMACION"},{"Id_Viaje":3037402,"IDPedido":582473,"CargaViaje":7,"IDPlanta":13,"NombrePlantaViaje":"G1- VALLE DE LA MISERICORDIA","IDUnidad":317,"NombreUnidad":"CR-023","IDOperador":481,"NombreOperador":"[LIBRE] LIBRE","IDEstatusViaje":1,"NombreEstatus":"Despachado","FechaInicio":"2/9/2026 12:00:00 AM","HoraInicio":"10:00","HoraFin":"12:00","IDObra":4268034,"NombreObra":"CALLE CLAVEL ENTRE HORTENSIA Y GLADIOLA COLONIA LA TIJERA","IDClienteSAE":4268,"NombreCliente":"JAVIER AVALOS MARQUEZ","IDUso":60,"NombreUso":"Machuelo","IDProducto":11448,"NombreProducto":"CONCRETO f\u0027c=250 Ag=20 Rev=10 D 28","Remision":"G1/70661","CveCiudad":"GDL","NombreVendedor":"RODOLFO ARREDONDO"},{"Id_Viaje":3037416,"IDPedido":582472,"CargaViaje":7,"IDPlanta":31,"NombrePlantaViaje":"G3-Tlajomulco","IDUnidad":151,"NombreUnidad":"CR-086","IDOperador":102,"NombreOperador":"ALFONSO OVALLE","IDEstatusViaje":1,"NombreEstatus":"Despachado","FechaInicio":"2/9/2026 12:00:00 AM","HoraInicio":"08:30","HoraFin":"10:30","IDObra":6309004,"NombreObra":"ZACOALCO 2","IDClienteSAE":6309,"NombreCliente":"ARCH-VISION","IDUso":1,"NombreUso":"Banqueta","IDProducto":2773,"NombreProducto":"CONCRETO MR:45 Ag=40 Rev:10 A1 D","Remision":"G3/49851","CveCiudad":"GDL","NombreVendedor":"RODOLFO ARREDONDO"},{"Id_Viaje":3037418,"IDPedido":582472,"CargaViaje":7,"IDPlanta":31,"NombrePlantaViaje":"G3-Tlajomulco","IDUnidad":149,"NombreUnidad":"CR-102","IDOperador":102,"NombreOperador":"ALFONSO OVALLE","IDEstatusViaje":1,"NombreEstatus":"Despachado","FechaInicio":"2/9/2026 12:00:00 AM","HoraInicio":"10:10","HoraFin":"12:10","IDObra":6309004,"NombreObra":"ZACOALCO 2","IDClienteSAE":6309,"NombreCliente":"ARCH-VISION","IDUso":1,"NombreUso":"Banqueta","IDProducto":2773,"NombreProducto":"CONCRETO MR:45 Ag=40 Rev:10 A1 D","Remision":"G3/49852","CveCiudad":"GDL","NombreVendedor":"RODOLFO ARREDONDO"},{"Id_Viaje":3037428,"IDPedido":582476,"CargaViaje":6.5,"IDPlanta":13,"NombrePlantaViaje":"G1- VALLE DE LA MISERICORDIA","IDUnidad":138,"NombreUnidad":"CR-028","IDOperador":484,"NombreOperador":"[LIBRE] X","IDEstatusViaje":1,"NombreEstatus":"Despachado","FechaInicio":"2/9/2026 12:00:00 AM","HoraInicio":"08:00","HoraFin":"10:00","IDObra":6263001,"NombreObra":"PADRERAS 21 fraccionamiento las lomas club golf","IDClienteSAE":6263,"NombreCliente":"SANMASEB","IDUso":9,"NombreUso":"Muro","IDProducto":2714,"NombreProducto":"CONCRETO f\u0027c:250 Ag=10 Rev10 A1D LANZADO","Remision":"G1/70662","CveCiudad":"GDL","NombreVendedor":"FEDERICO GARCIA"},{"Id_Viaje":3037430,"IDPedido":582477,"CargaViaje":7,"IDPlanta":13,"NombrePlantaViaje":"G1- VALLE DE LA MISERICORDIA","IDUnidad":88,"NombreUnidad":"CR-113","IDOperador":487,"NombreOperador":"[LIBRE] X","IDEstatusViaje":1,"NombreEstatus":"Despachado","FechaInicio":"2/9/2026 12:00:00 AM","HoraInicio":"08:30","HoraFin":"10:30","IDObra":5362016,"NombreObra":"fracc las lomas club golf PRADERAS 21","IDClienteSAE":5362,"NombreCliente":"CIMENTACIONES PROFUNDAS ROGAR","IDUso":9,"NombreUso":"Muro","IDProducto":2714,"NombreProducto":"CONCRETO f\u0027c:250 Ag=10 Rev10 A1D LANZADO","Remision":"G1/70663","CveCiudad":"GDL","NombreVendedor":"FEDERICO GARCIA"},{"Id_Viaje":3037434,"IDPedido":582478,"CargaViaje":5,"IDPlanta":20,"NombrePlantaViaje":"A1-Ojo Caliente","IDUnidad":358,"NombreUnidad":"CR-220 WRG","IDOperador":1505,"NombreOperador":"RAUL DE LEON","IDEstatusViaje":1,"NombreEstatus":"Despachado","FechaInicio":"2/9/2026 12:00:00 AM","HoraInicio":"00:00","HoraFin":"02:00","IDObra":2380002,"NombreObra":"OJUELOS JALISCO","IDClienteSAE":2380,"NombreCliente":"MUNICIPIO DE OJUELOS JALISCO","IDUso":8,"NombreUso":"Losa","IDProducto":1042,"NombreProducto":"CONCRETO f\u0027c:250 Ag=20 Rev:14 A1 B","Remision":"A1/96405","CveCiudad":"AGS","NombreVendedor":"HECTOR VILLANUEVA"},{"Id_Viaje":3037436,"IDPedido":582479,"CargaViaje":6,"IDPlanta":36,"NombrePlantaViaje":"Q1-Apaseo","IDUnidad":104,"NombreUnidad":"CR-024","IDOperador":1524,"NombreOperador":"ALEJANDRO VALLEJO","IDEstatusViaje":2,"NombreEstatus":"Entregado","FechaInicio":"2/9/2026 12:00:00 AM","HoraInicio":"07:00","HoraFin":"09:00","IDObra":313001,"NombreObra":"HACIENDA SUR","IDClienteSAE":313,"NombreCliente":"VALLE DE LOS MEZQUITES","IDUso":2,"NombreUso":"Cimentacion","IDProducto":4351,"NombreProducto":"CONCRETO f\u0027c=200 Ag=20 Rev=10 D 28","Remision":"Q1/11446","CveCiudad":"QRO","NombreVendedor":"YIMI EDUARDO VAZQUEZ"},{"Id_Viaje":3037438,"IDPedido":582481,"CargaViaje":7,"IDPlanta":30,"NombrePlantaViaje":"P1-Coronango","IDUnidad":195,"NombreUnidad":"CR-158","IDOperador":1006,"NombreOperador":"VICTOR MANUEL HERNANDEZ","IDEstatusViaje":1,"NombreEstatus":"Despachado","FechaInicio":"2/9/2026 12:00:00 AM","HoraInicio":"07:00","HoraFin":"09:00","IDObra":1491003,"NombreObra":"UPAEP 1","IDClienteSAE":1491,"NombreCliente":"GRUPO CONSTRUCTOR MATEOS CABRERA","IDUso":8,"NombreUso":"Losa","IDProducto":11948,"NombreProducto":"CONCRETO f\u0027c=300 Ag=10 Rev=14 B 28","Remision":"P1/38499","CveCiudad":"PUE","NombreVendedor":"GUADALUPE HERNANDEZ"},{"Id_Viaje":3037440,"IDPedido":582490,"CargaViaje":6,"IDPlanta":30,"NombrePlantaViaje":"P1-Coronango","IDUnidad":196,"NombreUnidad":"CR-159","IDOperador":1013,"NombreOperador":"ALEJANDRO ARCE","IDEstatusViaje":1,"NombreEstatus":"Despachado","FechaInicio":"2/9/2026 12:00:00 AM","HoraInicio":"09:30","HoraFin":"11:30","IDObra":845011,"NombreObra":"fracc platiniO","IDClienteSAE":845,"NombreCliente":"GRUPO BRECASA","IDUso":21,"NombreUso":"Castillos","IDProducto":11315,"NombreProducto":"CONCRETO f\u0027c=200 Ag=10 Rev=14 D 28","Remision":"P1/38500","CveCiudad":"PUE","NombreVendedor":"VENDEDOR PUEBLA ."},{"Id_Viaje":3037442,"IDPedido":582483,"CargaViaje":7,"IDPlanta":34,"NombrePlantaViaje":"A2-San Francisco","IDUnidad":122,"NombreUnidad":"CR-043-","IDOperador":1067,"NombreOperador":"JUAN HUMBERTO MARQUEZ","IDEstatusViaje":1,"NombreEstatus":"Despachado","FechaInicio":"2/9/2026 12:00:00 AM","HoraInicio":"08:00","HoraFin":"10:00","IDObra":3891003,"NombreObra":"SAN PANCHO","IDClienteSAE":3891,"NombreCliente":"MAOFRE GRUPO CONSTRUCTOR","IDUso":25,"NombreUso":"Pavimento","IDProducto":2602,"NombreProducto":"CONCRETO MR= 38 Ag=40 Rev 10 R7 D","Remision":"A2/41546","CveCiudad":"AGS","NombreVendedor":"CASA CASA"},{"Id_Viaje":3037444,"IDPedido":582483,"CargaViaje":7,"IDPlanta":34,"NombrePlantaViaje":"A2-San Francisco","IDUnidad":350,"NombreUnidad":"CR-047","IDOperador":1076,"NombreOperador":"EZEQUIEL SANDOVAL","IDEstatusViaje":1,"NombreEstatus":"Despachado","FechaInicio":"2/9/2026 12:00:00 AM","HoraInicio":"08:10","HoraFin":"10:10","IDObra":3891003,"NombreObra":"SAN PANCHO","IDClienteSAE":3891,"NombreCliente":"MAOFRE GRUPO CONSTRUCTOR","IDUso":25,"NombreUso":"Pavimento","IDProducto":2602,"NombreProducto":"CONCRETO MR= 38 Ag=40 Rev 10 R7 D","Remision":"A2/41547","CveCiudad":"AGS","NombreVendedor":"CASA CASA"},{"Id_Viaje":3037446,"IDPedido":582483,"CargaViaje":7,"IDPlanta":34,"NombrePlantaViaje":"A2-San Francisco","IDUnidad":48,"NombreUnidad":"CR-063 ZRB","IDOperador":1500,"NombreOperador":"RICARDO CHAVEZ","IDEstatusViaje":1,"NombreEstatus":"Despachado","FechaInicio":"2/9/2026 12:00:00 AM","HoraInicio":"08:20","HoraFin":"10:20","IDObra":3891003,"NombreObra":"SAN PANCHO","IDClienteSAE":3891,"NombreCliente":"MAOFRE GRUPO CONSTRUCTOR","IDUso":25,"NombreUso":"Pavimento","IDProducto":2602,"NombreProducto":"CONCRETO MR= 38 Ag=40 Rev 10 R7 D","Remision":"A2/41548","CveCiudad":"AGS","NombreVendedor":"CASA CASA"},{"Id_Viaje":3037448,"IDPedido":582482,"CargaViaje":7,"IDPlanta":23,"NombrePlantaViaje":"L1-Leon","IDUnidad":351,"NombreUnidad":"CR-237-DRH","IDOperador":1623,"NombreOperador":"JORGE IGNACIO NEGRETE","IDEstatusViaje":1,"NombreEstatus":"Despachado","FechaInicio":"2/9/2026 12:00:00 AM","HoraInicio":"08:00","HoraFin":"10:00","IDObra":1004013,"NombreObra":"sacromonte 7","IDClienteSAE":1004,"NombreCliente":"INMOBILIARIA GESTORIA Y ASESORIA","IDUso":19,"NombreUso":"Loza de Entrepiso","IDProducto":11854,"NombreProducto":"RELLENO FLUIDO f\u0027c=50 Ag=A4 R=18 B 28","Remision":"L1/40970","CveCiudad":"LEON","NombreVendedor":"OFICINA MATRIZ"},{"Id_Viaje":3037450,"IDPedido":582482,"CargaViaje":7,"IDPlanta":23,"NombrePlantaViaje":"L1-Leon","IDUnidad":352,"NombreUnidad":"CR-246-NRH","IDOperador":522,"NombreOperador":"[LIBRE] .","IDEstatusViaje":1,"NombreEstatus":"Despachado","FechaInicio":"2/9/2026 12:00:00 AM","HoraInicio":"08:10","HoraFin":"10:10","IDObra":1004013,"NombreObra":"sacromonte 7","IDClienteSAE":1004,"NombreCliente":"INMOBILIARIA GESTORIA Y ASESORIA","IDUso":19,"NombreUso":"Loza de Entrepiso","IDProducto":11854,"NombreProducto":"RELLENO FLUIDO f\u0027c=50 Ag=A4 R=18 B 28","Remision":"L1/40971","CveCiudad":"LEON","NombreVendedor":"OFICINA MATRIZ"},{"Id_Viaje":3037452,"IDPedido":582482,"CargaViaje":3,"IDPlanta":23,"NombrePlantaViaje":"L1-Leon","IDUnidad":165,"NombreUnidad":"CR-207 FRG","IDOperador":1634,"NombreOperador":"JOSE GUADALUPE POZOS","IDEstatusViaje":1,"NombreEstatus":"Despachado","FechaInicio":"2/9/2026 12:00:00 AM","HoraInicio":"08:20","HoraFin":"10:20","IDObra":1004013,"NombreObra":"sacromonte 7","IDClienteSAE":1004,"NombreCliente":"INMOBILIARIA GESTORIA Y ASESORIA","IDUso":19,"NombreUso":"Loza de Entrepiso","IDProducto":11854,"NombreProducto":"RELLENO FLUIDO f\u0027c=50 Ag=A4 R=18 B 28","Remision":"L1/40972","CveCiudad":"LEON","NombreVendedor":"OFICINA MATRIZ"},{"Id_Viaje":3037454,"IDPedido":582487,"CargaViaje":7,"IDPlanta":20,"NombrePlantaViaje":"A1-Ojo Caliente","IDUnidad":350,"NombreUnidad":"CR-047","IDOperador":1076,"NombreOperador":"EZEQUIEL SANDOVAL","IDEstatusViaje":1,"NombreEstatus":"Despachado","FechaInicio":"2/9/2026 12:00:00 AM","HoraInicio":"00:10","HoraFin":"02:10","IDObra":2820038,"NombreObra":"GPE PERALTA","IDClienteSAE":2820,"NombreCliente":"URBANIZACIONES ARGU","IDUso":7,"NombreUso":"Firme","IDProducto":2546,"NombreProducto":"CONCRETO f\u0027c:250 Ag=20 Rev:10 A1 D","Remision":"A1/96406","CveCiudad":"AGS","NombreVendedor":"CASA CASA"},{"Id_Viaje":3037474,"IDPedido":582497,"CargaViaje":7,"IDPlanta":30,"NombrePlantaViaje":"P1-Coronango","IDUnidad":197,"NombreUnidad":"CR-160","IDOperador":1016,"NombreOperador":"FRANCISCO MANUEL PARDO","IDEstatusViaje":1,"NombreEstatus":"Despachado","FechaInicio":"2/9/2026 12:00:00 AM","HoraInicio":"09:00","HoraFin":"11:00","IDObra":1491004,"NombreObra":"upaep 2","IDClienteSAE":1491,"NombreCliente":"GRUPO CONSTRUCTOR MATEOS CABRERA","IDUso":8,"NombreUso":"Losa","IDProducto":10575,"NombreProducto":"CONCRETO f\u0027c=250 Ag=10 Rev=14 B 28","Remision":"P1/38501","CveCiudad":"PUE","NombreVendedor":"GUADALUPE HERNANDEZ"},{"Id_Viaje":3037476,"IDPedido":582497,"CargaViaje":7,"IDPlanta":30,"NombrePlantaViaje":"P1-Coronango","IDUnidad":198,"NombreUnidad":"CR-161","IDOperador":1008,"NombreOperador":"CARLOS ARMAS","IDEstatusViaje":1,"NombreEstatus":"Despachado","FechaInicio":"2/9/2026 12:00:00 AM","HoraInicio":"09:10","HoraFin":"11:10","IDObra":1491004,"NombreObra":"upaep 2","IDClienteSAE":1491,"NombreCliente":"GRUPO CONSTRUCTOR MATEOS CABRERA","IDUso":8,"NombreUso":"Losa","IDProducto":10575,"NombreProducto":"CONCRETO f\u0027c=250 Ag=10 Rev=14 B 28","Remision":"P1/38503","CveCiudad":"PUE","NombreVendedor":"GUADALUPE HERNANDEZ"},{"Id_Viaje":3037478,"IDPedido":582497,"CargaViaje":7,"IDPlanta":30,"NombrePlantaViaje":"P1-Coronango","IDUnidad":199,"NombreUnidad":"CR-162","IDOperador":1005,"NombreOperador":"DAVID FLORES","IDEstatusViaje":1,"NombreEstatus":"Despachado","FechaInicio":"2/9/2026 12:00:00 AM","HoraInicio":"09:20","HoraFin":"11:20","IDObra":1491004,"NombreObra":"upaep 2","IDClienteSAE":1491,"NombreCliente":"GRUPO CONSTRUCTOR MATEOS CABRERA","IDUso":8,"NombreUso":"Losa","IDProducto":10575,"NombreProducto":"CONCRETO f\u0027c=250 Ag=10 Rev=14 B 28","Remision":"P1/38505","CveCiudad":"PUE","NombreVendedor":"GUADALUPE HERNANDEZ"},{"Id_Viaje":3037480,"IDPedido":582497,"CargaViaje":7,"IDPlanta":30,"NombrePlantaViaje":"P1-Coronango","IDUnidad":200,"NombreUnidad":"CR-163","IDOperador":1186,"NombreOperador":"AARON GUTIERREZ","IDEstatusViaje":1,"NombreEstatus":"Despachado","FechaInicio":"2/9/2026 12:00:00 AM","HoraInicio":"09:30","HoraFin":"11:30","IDObra":1491004,"NombreObra":"upaep 2","IDClienteSAE":1491,"NombreCliente":"GRUPO CONSTRUCTOR MATEOS CABRERA","IDUso":8,"NombreUso":"Losa","IDProducto":10575,"NombreProducto":"CONCRETO f\u0027c=250 Ag=10 Rev=14 B 28","Remision":"P1/38504","CveCiudad":"PUE","NombreVendedor":"GUADALUPE HERNANDEZ"},{"Id_Viaje":3037482,"IDPedido":582497,"CargaViaje":7,"IDPlanta":30,"NombrePlantaViaje":"P1-Coronango","IDUnidad":201,"NombreUnidad":"CR-164","IDOperador":1014,"NombreOperador":"NAHUM ROMERO","IDEstatusViaje":1,"NombreEstatus":"Despachado","FechaInicio":"2/9/2026 12:00:00 AM","HoraInicio":"09:40","HoraFin":"11:40","IDObra":1491004,"NombreObra":"upaep 2","IDClienteSAE":1491,"NombreCliente":"GRUPO CONSTRUCTOR MATEOS CABRERA","IDUso":8,"NombreUso":"Losa","IDProducto":10575,"NombreProducto":"CONCRETO f\u0027c=250 Ag=10 Rev=14 B 28","Remision":"P1/38502","CveCiudad":"PUE","NombreVendedor":"GUADALUPE HERNANDEZ"},{"Id_Viaje":3037492,"IDPedido":582489,"CargaViaje":4,"IDPlanta":20,"NombrePlantaViaje":"A1-Ojo Caliente","IDUnidad":48,"NombreUnidad":"CR-063 ZRB","IDOperador":1500,"NombreOperador":"RICARDO CHAVEZ","IDEstatusViaje":1,"NombreEstatus":"Despachado","FechaInicio":"2/9/2026 12:00:00 AM","HoraInicio":"00:20","HoraFin":"02:20","IDObra":1327023,"NombreObra":"MARVA","IDClienteSAE":1327,"NombreCliente":"GUILLERMO LOPEZ THOMAE","IDUso":7,"NombreUso":"Firme","IDProducto":2549,"NombreProducto":"CONCRETO f\u0027c:250 Ag=20 Rev:10 RR3 D","Remision":"A1/96407","CveCiudad":"AGS","NombreVendedor":"CASA CASA"},{"Id_Viaje":3037500,"IDPedido":582445,"CargaViaje":7,"IDPlanta":19,"NombrePlantaViaje":"M1-Apodaca","IDUnidad":315,"NombreUnidad":"CR-232","IDOperador":1452,"NombreOperador":"VICTOR LOPEZ","IDEstatusViaje":2,"NombreEstatus":"Entregado","FechaInicio":"2/9/2026 12:00:00 AM","HoraInicio":"23:30","HoraFin":"01:30","IDObra":12154003,"NombreObra":"heb la fe","IDClienteSAE":12154,"NombreCliente":"EDIFICADORA INDUSTRIAL DEL RIO","IDUso":1,"NombreUso":"Banqueta","IDProducto":513,"NombreProducto":"CONCRETO f\u0027c=200 Ag=20 Rev=14 A1 D","Remision":"M1/91114","CveCiudad":"MTY","NombreVendedor":"CESAR LUNA"},{"Id_Viaje":3037502,"IDPedido":582483,"CargaViaje":6,"IDPlanta":34,"NombrePlantaViaje":"A2-San Francisco","IDUnidad":350,"NombreUnidad":"CR-047","IDOperador":1076,"NombreOperador":"EZEQUIEL SANDOVAL","IDEstatusViaje":1,"NombreEstatus":"Despachado","FechaInicio":"2/9/2026 12:00:00 AM","HoraInicio":"10:40","HoraFin":"12:40","IDObra":3891003,"NombreObra":"SAN PANCHO","IDClienteSAE":3891,"NombreCliente":"MAOFRE GRUPO CONSTRUCTOR","IDUso":25,"NombreUso":"Pavimento","IDProducto":2602,"NombreProducto":"CONCRETO MR= 38 Ag=40 Rev 10 R7 D","Remision":"A2/41549","CveCiudad":"AGS","NombreVendedor":"CASA CASA"},{"Id_Viaje":3037506,"IDPedido":582488,"CargaViaje":2.5,"IDPlanta":20,"NombrePlantaViaje":"A1-Ojo Caliente","IDUnidad":108,"NombreUnidad":"CR-098 2RD","IDOperador":1503,"NombreOperador":"ALBERTO HERNANDEZ","IDEstatusViaje":1,"NombreEstatus":"Despachado","FechaInicio":"2/9/2026 12:00:00 AM","HoraInicio":"00:40","HoraFin":"02:40","IDObra":2219001,"NombreObra":"mision de santa fe","IDClienteSAE":2219,"NombreCliente":"INMOBILIARIA PROXIMA","IDUso":7,"NombreUso":"Firme","IDProducto":1014,"NombreProducto":"CONCRETO f\u0027c:200 Ag=20. Rev: 10 A1 D","Remision":"A1/96408","CveCiudad":"AGS","NombreVendedor":"CASA CASA"},{"Id_Viaje":3037508,"IDPedido":582501,"CargaViaje":7,"IDPlanta":20,"NombrePlantaViaje":"A1-Ojo Caliente","IDUnidad":295,"NombreUnidad":"CR-065","IDOperador":675,"NombreOperador":"JUAN ANTONIO HERRERA","IDEstatusViaje":1,"NombreEstatus":"Despachado","FechaInicio":"2/9/2026 12:00:00 AM","HoraInicio":"01:00","HoraFin":"03:00","IDObra":4582008,"NombreObra":"ALTEZA","IDClienteSAE":4582,"NombreCliente":"CASAS JAVER","IDUso":1,"NombreUso":"Banqueta","IDProducto":1014,"NombreProducto":"CONCRETO f\u0027c:200 Ag=20. Rev: 10 A1 D","Remision":"A1/96409","CveCiudad":"AGS","NombreVendedor":"HECTOR VILLANUEVA"},{"Id_Viaje":3037510,"IDPedido":582338,"CargaViaje":5,"IDPlanta":8,"NombrePlantaViaje":"M3-Santa","IDUnidad":35,"NombreUnidad":"CR-051","IDOperador":1477,"NombreOperador":"JONATHAN PABLO ROJAS","IDEstatusViaje":2,"NombreEstatus":"Entregado","FechaInicio":"2/9/2026 12:00:00 AM","HoraInicio":"10:00","HoraFin":"12:00","IDObra":4947069,"NombreObra":"CASAIRE","IDClienteSAE":4947,"NombreCliente":"CONCRETOS DELESE","IDUso":63,"NombreUso":"Pluvial","IDProducto":1559,"NombreProducto":"CONCRETO f\u0027c=250 Ag=20 Rev=08 A1 D","Remision":"M3/42694","CveCiudad":"MTY","NombreVendedor":"OMAR HECTOR ARTEAGA"},{"Id_Viaje":3037512,"IDPedido":582339,"CargaViaje":7,"IDPlanta":8,"NombrePlantaViaje":"M3-Santa","IDUnidad":337,"NombreUnidad":"CR-200","IDOperador":1462,"NombreOperador":"JOSE LUIS RODRIGUEZ","IDEstatusViaje":2,"NombreEstatus":"Entregado","FechaInicio":"2/9/2026 12:00:00 AM","HoraInicio":"11:00","HoraFin":"13:00","IDObra":4947069,"NombreObra":"CASAIRE","IDClienteSAE":4947,"NombreCliente":"CONCRETOS DELESE","IDUso":1,"NombreUso":"Banqueta","IDProducto":1512,"NombreProducto":"CONCRETO f\u0027c=100 Ag=20 Rev=14 A1 D","Remision":"M3/42695","CveCiudad":"MTY","NombreVendedor":"OMAR HECTOR ARTEAGA"},{"Id_Viaje":3037524,"IDPedido":582363,"CargaViaje":7,"IDPlanta":19,"NombrePlantaViaje":"M1-Apodaca","IDUnidad":371,"NombreUnidad":"CR-008","IDOperador":1199,"NombreOperador":"GABRIEL RIVERA","IDEstatusViaje":2,"NombreEstatus":"Entregado","FechaInicio":"2/9/2026 12:00:00 AM","HoraInicio":"23:20","HoraFin":"23:50","IDObra":11623002,"NombreObra":"sungwoo hitech apartament","IDClienteSAE":11623,"NombreCliente":"TAEINS MEXICO","IDUso":1,"NombreUso":"Banqueta","IDProducto":485,"NombreProducto":"CONCRETO f\u0027c=250 Ag=20 Rev=10 A1 D","Remision":"M1/91115","CveCiudad":"MTY","NombreVendedor":"CASA PROGRAMACION"},{"Id_Viaje":3037526,"IDPedido":582515,"CargaViaje":7,"IDPlanta":30,"NombrePlantaViaje":"P1-Coronango","IDUnidad":249,"NombreUnidad":"CR-175","IDOperador":1009,"NombreOperador":"ALBERTO CORTEZ","IDEstatusViaje":1,"NombreEstatus":"Despachado","FechaInicio":"2/9/2026 12:00:00 AM","HoraInicio":"10:30","HoraFin":"12:30","IDObra":1491005,"NombreObra":"SANTA CATARINA COATEPEC","IDClienteSAE":1491,"NombreCliente":"GRUPO CONSTRUCTOR MATEOS CABRERA","IDUso":45,"NombreUso":"Ciclopio","IDProducto":3689,"NombreProducto":"CONCRETO f`c:150 Ag=20 Rev:14 A1 D","Remision":"P1/38506","CveCiudad":"PUE","NombreVendedor":"GUADALUPE HERNANDEZ"},{"Id_Viaje":3037528,"IDPedido":582519,"CargaViaje":1,"IDPlanta":23,"NombrePlantaViaje":"L1-Leon","IDUnidad":292,"NombreUnidad":"CR-210 JRG","IDOperador":1609,"NombreOperador":"ANDRES GONZALEZ","IDEstatusViaje":1,"NombreEstatus":"Despachado","FechaInicio":"2/9/2026 12:00:00 AM","HoraInicio":"11:30","HoraFin":"13:30","IDObra":2784008,"NombreObra":"RUBA BOSQUES DE BREDA","IDClienteSAE":2784,"NombreCliente":"RUBA DESARROLLOS","IDUso":21,"NombreUso":"Castillos","IDProducto":11655,"NombreProducto":"CONCRETO f\u0027c=200 Ag=10 Rev=14 D 28","Remision":"L1/40973","CveCiudad":"LEON","NombreVendedor":"OFICINA MATRIZ"},{"Id_Viaje":3037530,"IDPedido":582404,"CargaViaje":6.5,"IDPlanta":15,"NombrePlantaViaje":"M5-Santiago","IDUnidad":216,"NombreUnidad":"CR-227","IDOperador":1468,"NombreOperador":"JOSE LUIS ESPARZA","IDEstatusViaje":2,"NombreEstatus":"Entregado","FechaInicio":"2/9/2026 12:00:00 AM","HoraInicio":"13:30","HoraFin":"15:30","IDObra":8894027,"NombreObra":"residencial viento nuevo","IDClienteSAE":8894,"NombreCliente":"ACRE PROMOTORA","IDUso":7,"NombreUso":"Firme","IDProducto":576,"NombreProducto":"CONCRETO f\u0027c=100 Ag=20 Rev=12 A1 D","Remision":"M5/37066","CveCiudad":"MTY","NombreVendedor":"ENRIQUE ALVAREZ"},{"Id_Viaje":3037554,"IDPedido":582492,"CargaViaje":7,"IDPlanta":20,"NombrePlantaViaje":"A1-Ojo Caliente","IDUnidad":115,"NombreUnidad":"CR-069","IDOperador":209,"NombreOperador":"MARCO DE LEON","IDEstatusViaje":1,"NombreEstatus":"Despachado","FechaInicio":"2/9/2026 12:00:00 AM","HoraInicio":"01:10","HoraFin":"03:10","IDObra":3435021,"NombreObra":"ESCUELA MILITAR","IDClienteSAE":3435,"NombreCliente":"ATECO","IDUso":3,"NombreUso":"Columnas","IDProducto":2557,"NombreProducto":"CONCRETO f\u0027c:250 Ag=20 Rev:14 R7 B","Remision":"A1/96410","CveCiudad":"AGS","NombreVendedor":"HECTOR VILLANUEVA"},{"Id_Viaje":3037589,"IDPedido":582497,"CargaViaje":7,"IDPlanta":30,"NombrePlantaViaje":"P1-Coronango","IDUnidad":252,"NombreUnidad":"CR-184","IDOperador":1747,"NombreOperador":"JUAN CARLOS ENRIQUEZ","IDEstatusViaje":1,"NombreEstatus":"Despachado","FechaInicio":"2/9/2026 12:00:00 AM","HoraInicio":"09:00","HoraFin":"11:00","IDObra":1491004,"NombreObra":"upaep 2","IDClienteSAE":1491,"NombreCliente":"GRUPO CONSTRUCTOR MATEOS CABRERA","IDUso":8,"NombreUso":"Losa","IDProducto":10575,"NombreProducto":"CONCRETO f\u0027c=250 Ag=10 Rev=14 B 28","Remision":"P1/38507","CveCiudad":"PUE","NombreVendedor":"GUADALUPE HERNANDEZ"},{"Id_Viaje":3037591,"IDPedido":582451,"CargaViaje":5,"IDPlanta":19,"NombrePlantaViaje":"M1-Apodaca","IDUnidad":71,"NombreUnidad":"CR-038","IDOperador":1508,"NombreOperador":"VICTOR MANUEL CAMARILLO","IDEstatusViaje":2,"NombreEstatus":"Entregado","FechaInicio":"2/9/2026 12:00:00 AM","HoraInicio":"12:00","HoraFin":"14:00","IDObra":8808027,"NombreObra":"patio lermas","IDClienteSAE":8808,"NombreCliente":"PAVIMENTOS CONSERVACION Y MICROSUPERFICIE","IDUso":2,"NombreUso":"Cimentacion","IDProducto":513,"NombreProducto":"CONCRETO f\u0027c=200 Ag=20 Rev=14 A1 D","Remision":"M1/91116","CveCiudad":"MTY","NombreVendedor":"CESAR LUNA"},{"Id_Viaje":3037593,"IDPedido":582514,"CargaViaje":7,"IDPlanta":20,"NombrePlantaViaje":"A1-Ojo Caliente","IDUnidad":107,"NombreUnidad":"CR-050","IDOperador":677,"NombreOperador":"EDMUNDO DE LOERA","IDEstatusViaje":1,"NombreEstatus":"Despachado","FechaInicio":"2/9/2026 12:00:00 AM","HoraInicio":"01:20","HoraFin":"03:20","IDObra":4582004,"NombreObra":"VISTA SERENA","IDClienteSAE":4582,"NombreCliente":"CASAS JAVER","IDUso":25,"NombreUso":"Pavimento","IDProducto":2603,"NombreProducto":"CONCRETO MR= 40 Ag=40 Rev:10 A1 D.","Remision":"A1/96411","CveCiudad":"AGS","NombreVendedor":"HECTOR VILLANUEVA"},{"Id_Viaje":3037600,"IDPedido":582524,"CargaViaje":5.5,"IDPlanta":36,"NombrePlantaViaje":"Q1-Apaseo","IDUnidad":266,"NombreUnidad":"CR-136","IDOperador":1585,"NombreOperador":"CARLOS ANTONIO VILLALVA","IDEstatusViaje":2,"NombreEstatus":"Entregado","FechaInicio":"2/9/2026 12:00:00 AM","HoraInicio":"12:00","HoraFin":"14:00","IDObra":313001,"NombreObra":"HACIENDA SUR","IDClienteSAE":313,"NombreCliente":"VALLE DE LOS MEZQUITES","IDUso":2,"NombreUso":"Cimentacion","IDProducto":4419,"NombreProducto":"CONCRETO f\u0027c=250 Ag=20 Rev=14 D 28","Remision":"Q1/11447","CveCiudad":"QRO","NombreVendedor":"YIMI EDUARDO VAZQUEZ"},{"Id_Viaje":3037604,"IDPedido":582509,"CargaViaje":1,"IDPlanta":23,"NombrePlantaViaje":"L1-Leon","IDUnidad":290,"NombreUnidad":"CR-215 RRF","IDOperador":1578,"NombreOperador":"JOSE FLORENTINO TORRES","IDEstatusViaje":1,"NombreEstatus":"Despachado","FechaInicio":"2/9/2026 12:00:00 AM","HoraInicio":"13:00","HoraFin":"15:00","IDObra":1004013,"NombreObra":"sacromonte 7","IDClienteSAE":1004,"NombreCliente":"INMOBILIARIA GESTORIA Y ASESORIA","IDUso":15,"NombreUso":"Zapatas","IDProducto":1219,"NombreProducto":"CONCRETO f\u0027c:200 Ag=20. Rev: 10 A1 D","Remision":"L1/40975","CveCiudad":"LEON","NombreVendedor":"OFICINA MATRIZ"},{"Id_Viaje":3037606,"IDPedido":582521,"CargaViaje":2.5,"IDPlanta":23,"NombrePlantaViaje":"L1-Leon","IDUnidad":353,"NombreUnidad":"CR-221 XRG","IDOperador":1624,"NombreOperador":"JUAN VICTOR PEREZ","IDEstatusViaje":1,"NombreEstatus":"Despachado","FechaInicio":"2/9/2026 12:00:00 AM","HoraInicio":"13:00","HoraFin":"15:00","IDObra":3164001,"NombreObra":"constructora igv antonio madrazo","IDClienteSAE":3164,"NombreCliente":"CONSTRUCTORA IGV","IDUso":21,"NombreUso":"Castillos","IDProducto":2862,"NombreProducto":"CONCRETO f\u0027c: 250 Ag=20 Rev.14 A1 D","Remision":"L1/40974","CveCiudad":"LEON","NombreVendedor":"OFICINA MATRIZ"},{"Id_Viaje":3037608,"IDPedido":582497,"CargaViaje":7,"IDPlanta":30,"NombrePlantaViaje":"P1-Coronango","IDUnidad":250,"NombreUnidad":"CR-180","IDOperador":1011,"NombreOperador":"ALBERTO JESUS ALVAREZ","IDEstatusViaje":1,"NombreEstatus":"Despachado","FechaInicio":"2/9/2026 12:00:00 AM","HoraInicio":"09:00","HoraFin":"11:00","IDObra":1491004,"NombreObra":"upaep 2","IDClienteSAE":1491,"NombreCliente":"GRUPO CONSTRUCTOR MATEOS CABRERA","IDUso":8,"NombreUso":"Losa","IDProducto":10575,"NombreProducto":"CONCRETO f\u0027c=250 Ag=10 Rev=14 B 28","Remision":"P1/38508","CveCiudad":"PUE","NombreVendedor":"GUADALUPE HERNANDEZ"},{"Id_Viaje":3037610,"IDPedido":582443,"CargaViaje":6,"IDPlanta":16,"NombrePlantaViaje":"M6-Juarez","IDUnidad":347,"NombreUnidad":"CR-099","IDOperador":1190,"NombreOperador":"SAUL GUAJARDO","IDEstatusViaje":2,"NombreEstatus":"Entregado","FechaInicio":"2/9/2026 12:00:00 AM","HoraInicio":"13:30","HoraFin":"15:30","IDObra":10475011,"NombreObra":"san juan","IDClienteSAE":10475,"NombreCliente":"PROMOTORA DE INMUEBLES LINDA VISTA","IDUso":9,"NombreUso":"Muro","IDProducto":511,"NombreProducto":"CONCRETO f\u0027c=250 Ag=20 Rev=14 A1 B","Remision":"M6/67057","CveCiudad":"MTY","NombreVendedor":"CASA PROGRAMACION"},{"Id_Viaje":3037613,"IDPedido":582526,"CargaViaje":7,"IDPlanta":30,"NombrePlantaViaje":"P1-Coronango","IDUnidad":251,"NombreUnidad":"CR-183","IDOperador":1209,"NombreOperador":"IVAN RAMOS","IDEstatusViaje":1,"NombreEstatus":"Despachado","FechaInicio":"2/9/2026 12:00:00 AM","HoraInicio":"13:00","HoraFin":"15:00","IDObra":845011,"NombreObra":"fracc platiniO","IDClienteSAE":845,"NombreCliente":"GRUPO BRECASA","IDUso":21,"NombreUso":"Castillos","IDProducto":11315,"NombreProducto":"CONCRETO f\u0027c=200 Ag=10 Rev=14 D 28","Remision":"P1/38509","CveCiudad":"PUE","NombreVendedor":"VENDEDOR PUEBLA ."},{"Id_Viaje":3037615,"IDPedido":582527,"CargaViaje":2.5,"IDPlanta":34,"NombrePlantaViaje":"A2-San Francisco","IDUnidad":113,"NombreUnidad":"CR-140 CRE","IDOperador":1501,"NombreOperador":"ANTONIO NAVARRO","IDEstatusViaje":1,"NombreEstatus":"Despachado","FechaInicio":"2/9/2026 12:00:00 AM","HoraInicio":"13:30","HoraFin":"15:30","IDObra":4582004,"NombreObra":"VISTA SERENA","IDClienteSAE":4582,"NombreCliente":"CASAS JAVER","IDUso":25,"NombreUso":"Pavimento","IDProducto":2603,"NombreProducto":"CONCRETO MR= 40 Ag=40 Rev:10 A1 D.","Remision":"A2/41550","CveCiudad":"AGS","NombreVendedor":"HECTOR VILLANUEVA"},{"Id_Viaje":3037617,"IDPedido":582493,"CargaViaje":8,"IDPlanta":20,"NombrePlantaViaje":"A1-Ojo Caliente","IDUnidad":112,"NombreUnidad":"CR-154 TRE","IDOperador":1504,"NombreOperador":"HUGO MEDINA","IDEstatusViaje":1,"NombreEstatus":"Despachado","FechaInicio":"2/9/2026 12:00:00 AM","HoraInicio":"01:30","HoraFin":"03:30","IDObra":4582006,"NombreObra":"ZEKKEI II","IDClienteSAE":4582,"NombreCliente":"CASAS JAVER","IDUso":2,"NombreUso":"Cimentacion","IDProducto":1014,"NombreProducto":"CONCRETO f\u0027c:200 Ag=20. Rev: 10 A1 D","Remision":"A1/96412","CveCiudad":"AGS","NombreVendedor":"HECTOR VILLANUEVA"},{"Id_Viaje":3037621,"IDPedido":582485,"CargaViaje":4,"IDPlanta":34,"NombrePlantaViaje":"A2-San Francisco","IDUnidad":328,"NombreUnidad":"CR-178","IDOperador":916,"NombreOperador":"CESAR DIAZ DE LEON","IDEstatusViaje":1,"NombreEstatus":"Despachado","FechaInicio":"2/9/2026 12:00:00 AM","HoraInicio":"14:30","HoraFin":"16:30","IDObra":2983004,"NombreObra":"LA CARTUJA","IDClienteSAE":2983,"NombreCliente":"GRUPO CONSTRUCTOR LUMAVI","IDUso":8,"NombreUso":"Losa","IDProducto":2528,"NombreProducto":"CONCRETO f\u0027c:200 Ag=20 Rev:14 RR B","Remision":"A2/41551","CveCiudad":"AGS","NombreVendedor":"CASA CASA"},{"Id_Viaje":3037623,"IDPedido":582511,"CargaViaje":2.5,"IDPlanta":23,"NombrePlantaViaje":"L1-Leon","IDUnidad":354,"NombreUnidad":"CR-226 2RH","IDOperador":1329,"NombreOperador":"CHRISTIAN ALEJANDRO ARENAS","IDEstatusViaje":1,"NombreEstatus":"Despachado","FechaInicio":"2/9/2026 12:00:00 AM","HoraInicio":"15:00","HoraFin":"17:00","IDObra":1004013,"NombreObra":"sacromonte 7","IDClienteSAE":1004,"NombreCliente":"INMOBILIARIA GESTORIA Y ASESORIA","IDUso":21,"NombreUso":"Castillos","IDProducto":11361,"NombreProducto":"CONCRETO f\u0027c=150 Ag=10 Rev=14 D 28","Remision":"L1/40976","CveCiudad":"LEON","NombreVendedor":"OFICINA MATRIZ"},{"Id_Viaje":3037625,"IDPedido":582494,"CargaViaje":6.5,"IDPlanta":20,"NombrePlantaViaje":"A1-Ojo Caliente","IDUnidad":116,"NombreUnidad":"CR-098","IDOperador":44,"NombreOperador":"ALBERTO HERRERA","IDEstatusViaje":1,"NombreEstatus":"Despachado","FechaInicio":"2/9/2026 12:00:00 AM","HoraInicio":"01:50","HoraFin":"03:50","IDObra":4582001,"NombreObra":"caranday","IDClienteSAE":4582,"NombreCliente":"CASAS JAVER","IDUso":8,"NombreUso":"Losa","IDProducto":1022,"NombreProducto":"CONCRETO f\u0027c:200 Ag=20 Rev:14 A1 B","Remision":"A1/96413","CveCiudad":"AGS","NombreVendedor":"HECTOR VILLANUEVA"},{"Id_Viaje":3037627,"IDPedido":582415,"CargaViaje":3,"IDPlanta":7,"NombrePlantaViaje":"M2-Escobedo","IDUnidad":40,"NombreUnidad":"CR-031","IDOperador":1157,"NombreOperador":"JUAN JOSE ROSARIO LOPEZ","IDEstatusViaje":2,"NombreEstatus":"Entregado","FechaInicio":"2/9/2026 12:00:00 AM","HoraInicio":"23:20","HoraFin":"23:50","IDObra":8894025,"NombreObra":"cumbres platino","IDClienteSAE":8894,"NombreCliente":"ACRE PROMOTORA","IDUso":7,"NombreUso":"Firme","IDProducto":576,"NombreProducto":"CONCRETO f\u0027c=100 Ag=20 Rev=12 A1 D","Remision":"M2/79881","CveCiudad":"MTY","NombreVendedor":"SILVIA LOZANO"},{"Id_Viaje":3037629,"IDPedido":582508,"CargaViaje":1.5,"IDPlanta":23,"NombrePlantaViaje":"L1-Leon","IDUnidad":77,"NombreUnidad":"CR193-1RG","IDOperador":1623,"NombreOperador":"JORGE IGNACIO NEGRETE","IDEstatusViaje":1,"NombreEstatus":"Despachado","FechaInicio":"2/9/2026 12:00:00 AM","HoraInicio":"15:00","HoraFin":"17:00","IDObra":2784002,"NombreObra":"RUBA SAN CARLOS.","IDClienteSAE":2784,"NombreCliente":"RUBA DESARROLLOS","IDUso":21,"NombreUso":"Castillos","IDProducto":11655,"NombreProducto":"CONCRETO f\u0027c=200 Ag=10 Rev=14 D 28","Remision":"L1/40977","CveCiudad":"LEON","NombreVendedor":"OFICINA MATRIZ"},{"Id_Viaje":3037631,"IDPedido":582528,"CargaViaje":2.5,"IDPlanta":36,"NombrePlantaViaje":"Q1-Apaseo","IDUnidad":268,"NombreUnidad":"CR-137","IDOperador":1684,"NombreOperador":"BENJAMIN ROMAN","IDEstatusViaje":2,"NombreEstatus":"Entregado","FechaInicio":"2/9/2026 12:00:00 AM","HoraInicio":"15:00","HoraFin":"17:00","IDObra":1012001,"NombreObra":"arimatea - meseta habitatt","IDClienteSAE":1012,"NombreCliente":"INMOBILIARIA GESTORIA Y ASESORIA","IDUso":21,"NombreUso":"Castillos","IDProducto":10455,"NombreProducto":"CONCRETO f\u0027c=150 Ag=10 Rev=10 D 28","Remision":"Q1/11448","CveCiudad":"QRO","NombreVendedor":"YIMI EDUARDO VAZQUEZ"},{"Id_Viaje":3037636,"IDPedido":582530,"CargaViaje":3,"IDPlanta":36,"NombrePlantaViaje":"Q1-Apaseo","IDUnidad":383,"NombreUnidad":"CR-188","IDOperador":1655,"NombreOperador":"CARLOS ALARCÓN","IDEstatusViaje":2,"NombreEstatus":"Entregado","FechaInicio":"2/9/2026 12:00:00 AM","HoraInicio":"15:00","HoraFin":"17:00","IDObra":1012001,"NombreObra":"arimatea - meseta habitatt","IDClienteSAE":1012,"NombreCliente":"INMOBILIARIA GESTORIA Y ASESORIA","IDUso":15,"NombreUso":"Zapatas","IDProducto":4355,"NombreProducto":"CONCRETO f\u0027c=250 Ag=20 Rev=10 D 28","Remision":"Q1/11449","CveCiudad":"QRO","NombreVendedor":"YIMI EDUARDO VAZQUEZ"},{"Id_Viaje":3037644,"IDPedido":582179,"CargaViaje":7,"IDPlanta":11,"NombrePlantaViaje":"M4-Centro","IDUnidad":315,"NombreUnidad":"CR-232","IDOperador":1452,"NombreOperador":"VICTOR LOPEZ","IDEstatusViaje":2,"NombreEstatus":"Entregado","FechaInicio":"2/9/2026 12:00:00 AM","HoraInicio":"23:30","HoraFin":"01:30","IDObra":10580001,"NombreObra":"catehua","IDClienteSAE":10580,"NombreCliente":"LEMURA VIVIENDA","IDUso":8,"NombreUso":"Losa","IDProducto":1557,"NombreProducto":"CONCRETO f\u0027c=250 Ag=20 Rev=18 A1 B","Remision":"M4/89088","CveCiudad":"MTY","NombreVendedor":"BLANCA P. GARZA"},{"Id_Viaje":3037648,"IDPedido":582179,"CargaViaje":3,"IDPlanta":11,"NombrePlantaViaje":"M4-Centro","IDUnidad":71,"NombreUnidad":"CR-038","IDOperador":1508,"NombreOperador":"VICTOR MANUEL CAMARILLO","IDEstatusViaje":2,"NombreEstatus":"Entregado","FechaInicio":"2/9/2026 12:00:00 AM","HoraInicio":"23:20","HoraFin":"23:50","IDObra":10580001,"NombreObra":"catehua","IDClienteSAE":10580,"NombreCliente":"LEMURA VIVIENDA","IDUso":8,"NombreUso":"Losa","IDProducto":1557,"NombreProducto":"CONCRETO f\u0027c=250 Ag=20 Rev=18 A1 B","Remision":"M4/89089","CveCiudad":"MTY","NombreVendedor":"BLANCA P. GARZA"}]