[{"Id_Viaje":3039521,"IDPedido":582942,"CargaViaje":7,"IDPlanta":7,"NombrePlantaViaje":"M2-Escobedo","IDUnidad":339,"NombreUnidad":"CR- 243","IDOperador":1552,"NombreOperador":"JOSE ISAIAS ROCHA","IDEstatusViaje":2,"NombreEstatus":"Entregado","FechaInicio":"2/17/2026 12:00:00 AM","HoraInicio":"09:00","HoraFin":"11:00","IDObra":7080148,"NombreObra":"colombia","IDClienteSAE":7080,"NombreCliente":"CONSTRUCCIONES REFORZADAS","IDUso":5,"NombreUso":"Cordon","IDProducto":1559,"NombreProducto":"CONCRETO f\u0027c=250 Ag=20 Rev=08 A1 D","Remision":"M2/79943","CveCiudad":"MTY","NombreVendedor":"OMAR HECTOR ARTEAGA"},{"Id_Viaje":3039523,"IDPedido":582991,"CargaViaje":5,"IDPlanta":18,"NombrePlantaViaje":"M7-Salinas","IDUnidad":242,"NombreUnidad":"CR - 150","IDOperador":1750,"NombreOperador":"BARTOLO HERNANDEZ","IDEstatusViaje":2,"NombreEstatus":"Entregado","FechaInicio":"2/17/2026 12:00:00 AM","HoraInicio":"12:00","HoraFin":"14:00","IDObra":8153050,"NombreObra":"CASTILLA DIAMANTE","IDClienteSAE":8153,"NombreCliente":"CONSTRUCTORA OBREGON FERNANDEZ","IDUso":2,"NombreUso":"Cimentacion","IDProducto":575,"NombreProducto":"CONCRETO f\u0027c=200 Ag=20 Rev=12 A1 D","Remision":"M7/41064","CveCiudad":"MTY","NombreVendedor":"CESAR LUNA"},{"Id_Viaje":3039525,"IDPedido":582993,"CargaViaje":6,"IDPlanta":15,"NombrePlantaViaje":"M5-Santiago","IDUnidad":28,"NombreUnidad":"CR-241","IDOperador":1509,"NombreOperador":"JUAN LUIS ROCHA","IDEstatusViaje":2,"NombreEstatus":"Entregado","FechaInicio":"2/17/2026 12:00:00 AM","HoraInicio":"12:00","HoraFin":"14:00","IDObra":12191002,"NombreObra":"los encinos","IDClienteSAE":12191,"NombreCliente":"INGENIERIA DE PAVIMENTOS ASFALTICOS Y TOPOGRAFIA","IDUso":1,"NombreUso":"Banqueta","IDProducto":513,"NombreProducto":"CONCRETO f\u0027c=200 Ag=20 Rev=14 A1 D","Remision":"M5/37095","CveCiudad":"MTY","NombreVendedor":"CASA PROGRAMACION"},{"Id_Viaje":3039548,"IDPedido":583004,"CargaViaje":7,"IDPlanta":19,"NombrePlantaViaje":"M1-Apodaca","IDUnidad":332,"NombreUnidad":"CR-026","IDOperador":1458,"NombreOperador":"MIGUEL ANGEL LUGO","IDEstatusViaje":2,"NombreEstatus":"Entregado","FechaInicio":"2/17/2026 12:00:00 AM","HoraInicio":"07:00","HoraFin":"09:00","IDObra":12142002,"NombreObra":"casa blanca","IDClienteSAE":12142,"NombreCliente":"F \u0026 C CONSULTORIA Y CONSTRUCCION","IDUso":1,"NombreUso":"Banqueta","IDProducto":1526,"NombreProducto":"CONCRETO f\u0027c=150 Ag=20 Rev=14 A1","Remision":"M1/91181","CveCiudad":"MTY","NombreVendedor":"CESAR LUNA"},{"Id_Viaje":3039560,"IDPedido":582920,"CargaViaje":7,"IDPlanta":7,"NombrePlantaViaje":"M2-Escobedo","IDUnidad":309,"NombreUnidad":"CR-117","IDOperador":1470,"NombreOperador":"ERICK BENJAMIN HERRERA","IDEstatusViaje":2,"NombreEstatus":"Entregado","FechaInicio":"2/17/2026 12:00:00 AM","HoraInicio":"14:00","HoraFin":"16:00","IDObra":8894025,"NombreObra":"cumbres platino","IDClienteSAE":8894,"NombreCliente":"ACRE PROMOTORA","IDUso":13,"NombreUso":"Trabes","IDProducto":575,"NombreProducto":"CONCRETO f\u0027c=200 Ag=20 Rev=12 A1 D","Remision":"M2/79945","CveCiudad":"MTY","NombreVendedor":"SILVIA LOZANO"},{"Id_Viaje":3039562,"IDPedido":583006,"CargaViaje":6,"IDPlanta":7,"NombrePlantaViaje":"M2-Escobedo","IDUnidad":38,"NombreUnidad":"CR-120","IDOperador":1517,"NombreOperador":"JESUS ALBERTO SAUCEDA","IDEstatusViaje":1,"NombreEstatus":"Despachado","FechaInicio":"2/17/2026 12:00:00 AM","HoraInicio":"13:30","HoraFin":"15:30","IDObra":1534016,"NombreObra":"PLANTA MOYEDA","IDClienteSAE":1534,"NombreCliente":"CONSTRUCTORA MOYEDA","IDUso":14,"NombreUso":"Viga","IDProducto":11985,"NombreProducto":"CONCRETO f\u0027c=450 Ag20 Rv22B8036 Grn CTem Ceniza25","Remision":"M2/79946","CveCiudad":"MTY","NombreVendedor":"CASA PROGRAMACION"},{"Id_Viaje":3039564,"IDPedido":583006,"CargaViaje":6,"IDPlanta":7,"NombrePlantaViaje":"M2-Escobedo","IDUnidad":375,"NombreUnidad":"CR-121","IDOperador":78,"NombreOperador":"CARLOS ALBERTO VILLARREAL","IDEstatusViaje":1,"NombreEstatus":"Despachado","FechaInicio":"2/17/2026 12:00:00 AM","HoraInicio":"13:40","HoraFin":"15:40","IDObra":1534016,"NombreObra":"PLANTA MOYEDA","IDClienteSAE":1534,"NombreCliente":"CONSTRUCTORA MOYEDA","IDUso":14,"NombreUso":"Viga","IDProducto":11985,"NombreProducto":"CONCRETO f\u0027c=450 Ag20 Rv22B8036 Grn CTem Ceniza25","Remision":"M2/79948","CveCiudad":"MTY","NombreVendedor":"CASA PROGRAMACION"},{"Id_Viaje":3039566,"IDPedido":583006,"CargaViaje":6,"IDPlanta":7,"NombrePlantaViaje":"M2-Escobedo","IDUnidad":374,"NombreUnidad":"CR-189","IDOperador":1444,"NombreOperador":"HUMBERTO GONZALEZ","IDEstatusViaje":1,"NombreEstatus":"Despachado","FechaInicio":"2/17/2026 12:00:00 AM","HoraInicio":"13:50","HoraFin":"15:50","IDObra":1534016,"NombreObra":"PLANTA MOYEDA","IDClienteSAE":1534,"NombreCliente":"CONSTRUCTORA MOYEDA","IDUso":14,"NombreUso":"Viga","IDProducto":11985,"NombreProducto":"CONCRETO f\u0027c=450 Ag20 Rv22B8036 Grn CTem Ceniza25","Remision":"M2/79949","CveCiudad":"MTY","NombreVendedor":"CASA PROGRAMACION"},{"Id_Viaje":3039568,"IDPedido":583006,"CargaViaje":6,"IDPlanta":7,"NombrePlantaViaje":"M2-Escobedo","IDUnidad":369,"NombreUnidad":"CR-199","IDOperador":1444,"NombreOperador":"HUMBERTO GONZALEZ","IDEstatusViaje":1,"NombreEstatus":"Despachado","FechaInicio":"2/17/2026 12:00:00 AM","HoraInicio":"14:00","HoraFin":"16:00","IDObra":1534016,"NombreObra":"PLANTA MOYEDA","IDClienteSAE":1534,"NombreCliente":"CONSTRUCTORA MOYEDA","IDUso":14,"NombreUso":"Viga","IDProducto":11985,"NombreProducto":"CONCRETO f\u0027c=450 Ag20 Rv22B8036 Grn CTem Ceniza25","Remision":"M2/79947","CveCiudad":"MTY","NombreVendedor":"CASA PROGRAMACION"},{"Id_Viaje":3039573,"IDPedido":583008,"CargaViaje":7,"IDPlanta":18,"NombrePlantaViaje":"M7-Salinas","IDUnidad":46,"NombreUnidad":"CR-061","IDOperador":1440,"NombreOperador":"HECTOR ALEJANDRO SALAZAR","IDEstatusViaje":2,"NombreEstatus":"Entregado","FechaInicio":"2/17/2026 12:00:00 AM","HoraInicio":"13:30","HoraFin":"15:30","IDObra":3828026,"NombreObra":"oxxo antartida","IDClienteSAE":3828,"NombreCliente":"VEGA PONCE CONSTRUCCIONES","IDUso":8,"NombreUso":"Losa","IDProducto":491,"NombreProducto":"CONCRETO f\u0027c=200 Ag=20 Rev=14 A1 B","Remision":"M7/41066","CveCiudad":"MTY","NombreVendedor":"CASA PROGRAMACION"},{"Id_Viaje":3039575,"IDPedido":583008,"CargaViaje":7,"IDPlanta":18,"NombrePlantaViaje":"M7-Salinas","IDUnidad":306,"NombreUnidad":"CR-197","IDOperador":963,"NombreOperador":"ROGELIO PEÑA","IDEstatusViaje":2,"NombreEstatus":"Entregado","FechaInicio":"2/17/2026 12:00:00 AM","HoraInicio":"13:40","HoraFin":"15:40","IDObra":3828026,"NombreObra":"oxxo antartida","IDClienteSAE":3828,"NombreCliente":"VEGA PONCE CONSTRUCCIONES","IDUso":8,"NombreUso":"Losa","IDProducto":491,"NombreProducto":"CONCRETO f\u0027c=200 Ag=20 Rev=14 A1 B","Remision":"M7/41067","CveCiudad":"MTY","NombreVendedor":"CASA PROGRAMACION"},{"Id_Viaje":3039580,"IDPedido":583010,"CargaViaje":7,"IDPlanta":11,"NombrePlantaViaje":"M4-Centro","IDUnidad":173,"NombreUnidad":"CR-165","IDOperador":1758,"NombreOperador":"CESAR MICHEL CARREON","IDEstatusViaje":2,"NombreEstatus":"Entregado","FechaInicio":"2/17/2026 12:00:00 AM","HoraInicio":"07:30","HoraFin":"09:30","IDObra":11302015,"NombreObra":"casa blanca","IDClienteSAE":11302,"NombreCliente":"LUZ DE PARIS","IDUso":8,"NombreUso":"Losa","IDProducto":491,"NombreProducto":"CONCRETO f\u0027c=200 Ag=20 Rev=14 A1 B","Remision":"M4/89166","CveCiudad":"MTY","NombreVendedor":"BLANCA P. GARZA"},{"Id_Viaje":3039583,"IDPedido":582859,"CargaViaje":7,"IDPlanta":19,"NombrePlantaViaje":"M1-Apodaca","IDUnidad":40,"NombreUnidad":"CR-031","IDOperador":1157,"NombreOperador":"JUAN JOSE ROSARIO LOPEZ","IDEstatusViaje":2,"NombreEstatus":"Entregado","FechaInicio":"2/17/2026 12:00:00 AM","HoraInicio":"08:00","HoraFin":"10:00","IDObra":12154003,"NombreObra":"heb la fe","IDClienteSAE":12154,"NombreCliente":"EDIFICADORA INDUSTRIAL DEL RIO","IDUso":1,"NombreUso":"Banqueta","IDProducto":513,"NombreProducto":"CONCRETO f\u0027c=200 Ag=20 Rev=14 A1 D","Remision":"M1/91182","CveCiudad":"MTY","NombreVendedor":"CESAR LUNA"},{"Id_Viaje":3039585,"IDPedido":582905,"CargaViaje":7,"IDPlanta":19,"NombrePlantaViaje":"M1-Apodaca","IDUnidad":71,"NombreUnidad":"CR-038","IDOperador":1508,"NombreOperador":"VICTOR MANUEL CAMARILLO","IDEstatusViaje":2,"NombreEstatus":"Entregado","FechaInicio":"2/17/2026 12:00:00 AM","HoraInicio":"08:30","HoraFin":"10:30","IDObra":9876033,"NombreObra":"privada mugnano","IDClienteSAE":9876,"NombreCliente":"MX CONSTRUCCIONES","IDUso":7,"NombreUso":"Firme","IDProducto":483,"NombreProducto":"CONCRETO f\u0027c=200 Ag=20. Rev=10 A1 D","Remision":"M1/91183","CveCiudad":"MTY","NombreVendedor":"ENRIQUE ALVAREZ"},{"Id_Viaje":3039587,"IDPedido":582926,"CargaViaje":4,"IDPlanta":19,"NombrePlantaViaje":"M1-Apodaca","IDUnidad":144,"NombreUnidad":"CR-060","IDOperador":1535,"NombreOperador":"CRUZ HUMBERTO TREVIÑO","IDEstatusViaje":2,"NombreEstatus":"Entregado","FechaInicio":"2/17/2026 12:00:00 AM","HoraInicio":"08:10","HoraFin":"10:10","IDObra":11302015,"NombreObra":"casa blanca","IDClienteSAE":11302,"NombreCliente":"LUZ DE PARIS","IDUso":1,"NombreUso":"Banqueta","IDProducto":589,"NombreProducto":"CONCRETO f\u0027c=150 Ag=20 Rev=12 A1 D","Remision":"M1/91184","CveCiudad":"MTY","NombreVendedor":"BLANCA P. GARZA"},{"Id_Viaje":3039591,"IDPedido":582817,"CargaViaje":7,"IDPlanta":19,"NombrePlantaViaje":"M1-Apodaca","IDUnidad":378,"NombreUnidad":"CR-104","IDOperador":1534,"NombreOperador":"MIGUEL ANGEL ZAPATA","IDEstatusViaje":2,"NombreEstatus":"Entregado","FechaInicio":"2/17/2026 12:00:00 AM","HoraInicio":"12:00","HoraFin":"14:00","IDObra":11623002,"NombreObra":"sungwoo hitech apartament","IDClienteSAE":11623,"NombreCliente":"TAEINS MEXICO","IDUso":1,"NombreUso":"Banqueta","IDProducto":483,"NombreProducto":"CONCRETO f\u0027c=200 Ag=20. Rev=10 A1 D","Remision":"M1/91187","CveCiudad":"MTY","NombreVendedor":"CASA PROGRAMACION"},{"Id_Viaje":3039595,"IDPedido":582863,"CargaViaje":7,"IDPlanta":19,"NombrePlantaViaje":"M1-Apodaca","IDUnidad":33,"NombreUnidad":"CR-168","IDOperador":1157,"NombreOperador":"JUAN JOSE ROSARIO LOPEZ","IDEstatusViaje":2,"NombreEstatus":"Entregado","FechaInicio":"2/17/2026 12:00:00 AM","HoraInicio":"16:00","HoraFin":"18:00","IDObra":12154003,"NombreObra":"heb la fe","IDClienteSAE":12154,"NombreCliente":"EDIFICADORA INDUSTRIAL DEL RIO","IDUso":1,"NombreUso":"Banqueta","IDProducto":513,"NombreProducto":"CONCRETO f\u0027c=200 Ag=20 Rev=14 A1 D","Remision":"M1/91190","CveCiudad":"MTY","NombreVendedor":"CESAR LUNA"},{"Id_Viaje":3039597,"IDPedido":582863,"CargaViaje":7,"IDPlanta":19,"NombrePlantaViaje":"M1-Apodaca","IDUnidad":26,"NombreUnidad":"CR-20","IDOperador":32,"NombreOperador":"ARMANDO MARTINEZ DELGADO","IDEstatusViaje":2,"NombreEstatus":"Entregado","FechaInicio":"2/17/2026 12:00:00 AM","HoraInicio":"16:10","HoraFin":"18:10","IDObra":12154003,"NombreObra":"heb la fe","IDClienteSAE":12154,"NombreCliente":"EDIFICADORA INDUSTRIAL DEL RIO","IDUso":1,"NombreUso":"Banqueta","IDProducto":513,"NombreProducto":"CONCRETO f\u0027c=200 Ag=20 Rev=14 A1 D","Remision":"M1/91192","CveCiudad":"MTY","NombreVendedor":"CESAR LUNA"},{"Id_Viaje":3039599,"IDPedido":582863,"CargaViaje":7,"IDPlanta":19,"NombrePlantaViaje":"M1-Apodaca","IDUnidad":261,"NombreUnidad":"CR-213","IDOperador":1631,"NombreOperador":"IVAN SANCHEZ","IDEstatusViaje":2,"NombreEstatus":"Entregado","FechaInicio":"2/17/2026 12:00:00 AM","HoraInicio":"16:20","HoraFin":"18:20","IDObra":12154003,"NombreObra":"heb la fe","IDClienteSAE":12154,"NombreCliente":"EDIFICADORA INDUSTRIAL DEL RIO","IDUso":1,"NombreUso":"Banqueta","IDProducto":513,"NombreProducto":"CONCRETO f\u0027c=200 Ag=20 Rev=14 A1 D","Remision":"M1/91191","CveCiudad":"MTY","NombreVendedor":"CESAR LUNA"},{"Id_Viaje":3039601,"IDPedido":582863,"CargaViaje":7,"IDPlanta":19,"NombrePlantaViaje":"M1-Apodaca","IDUnidad":314,"NombreUnidad":"CR-229","IDOperador":1529,"NombreOperador":"ENRIQUE YESCAS","IDEstatusViaje":2,"NombreEstatus":"Entregado","FechaInicio":"2/17/2026 12:00:00 AM","HoraInicio":"16:30","HoraFin":"18:30","IDObra":12154003,"NombreObra":"heb la fe","IDClienteSAE":12154,"NombreCliente":"EDIFICADORA INDUSTRIAL DEL RIO","IDUso":1,"NombreUso":"Banqueta","IDProducto":513,"NombreProducto":"CONCRETO f\u0027c=200 Ag=20 Rev=14 A1 D","Remision":"M1/91193","CveCiudad":"MTY","NombreVendedor":"CESAR LUNA"},{"Id_Viaje":3039603,"IDPedido":582863,"CargaViaje":7,"IDPlanta":19,"NombrePlantaViaje":"M1-Apodaca","IDUnidad":345,"NombreUnidad":"CR-231","IDOperador":1551,"NombreOperador":"ROGELIO MARTINEZ","IDEstatusViaje":2,"NombreEstatus":"Entregado","FechaInicio":"2/17/2026 12:00:00 AM","HoraInicio":"16:40","HoraFin":"18:40","IDObra":12154003,"NombreObra":"heb la fe","IDClienteSAE":12154,"NombreCliente":"EDIFICADORA INDUSTRIAL DEL RIO","IDUso":1,"NombreUso":"Banqueta","IDProducto":513,"NombreProducto":"CONCRETO f\u0027c=200 Ag=20 Rev=14 A1 D","Remision":"M1/91194","CveCiudad":"MTY","NombreVendedor":"CESAR LUNA"},{"Id_Viaje":3039605,"IDPedido":582776,"CargaViaje":5,"IDPlanta":11,"NombrePlantaViaje":"M4-Centro","IDUnidad":210,"NombreUnidad":"CR-166","IDOperador":1198,"NombreOperador":"ALEJANDRO TREVIÑO","IDEstatusViaje":2,"NombreEstatus":"Entregado","FechaInicio":"2/17/2026 12:00:00 AM","HoraInicio":"08:00","HoraFin":"10:00","IDObra":11594002,"NombreObra":"depas san nicolas","IDClienteSAE":11594,"NombreCliente":"PROYECTOS NEM","IDUso":27,"NombreUso":"Empastado","IDProducto":11275,"NombreProducto":"MORTERO f\u0027c=200Kgf/cm2 Ag=4 Rev=14 D 28","Remision":"M4/89167","CveCiudad":"MTY","NombreVendedor":"GUILLERMO RAMA HERRERA"},{"Id_Viaje":3039615,"IDPedido":582992,"CargaViaje":6,"IDPlanta":15,"NombrePlantaViaje":"M5-Santiago","IDUnidad":216,"NombreUnidad":"CR-227","IDOperador":1468,"NombreOperador":"JOSE LUIS ESPARZA","IDEstatusViaje":2,"NombreEstatus":"Entregado","FechaInicio":"2/17/2026 12:00:00 AM","HoraInicio":"07:00","HoraFin":"09:00","IDObra":12191002,"NombreObra":"los encinos","IDClienteSAE":12191,"NombreCliente":"INGENIERIA DE PAVIMENTOS ASFALTICOS Y TOPOGRAFIA","IDUso":1,"NombreUso":"Banqueta","IDProducto":513,"NombreProducto":"CONCRETO f\u0027c=200 Ag=20 Rev=14 A1 D","Remision":"M5/37093","CveCiudad":"MTY","NombreVendedor":"CASA PROGRAMACION"},{"Id_Viaje":3039617,"IDPedido":582973,"CargaViaje":6,"IDPlanta":15,"NombrePlantaViaje":"M5-Santiago","IDUnidad":216,"NombreUnidad":"CR-227","IDOperador":1468,"NombreOperador":"JOSE LUIS ESPARZA","IDEstatusViaje":2,"NombreEstatus":"Entregado","FechaInicio":"2/17/2026 12:00:00 AM","HoraInicio":"10:00","HoraFin":"12:00","IDObra":541061,"NombreObra":"ANTIGUA SUR","IDClienteSAE":541,"NombreCliente":"DESARROLLOS LOCSA","IDUso":5,"NombreUso":"Cordon","IDProducto":483,"NombreProducto":"CONCRETO f\u0027c=200 Ag=20. Rev=10 A1 D","Remision":"M5/37094","CveCiudad":"MTY","NombreVendedor":"GUILLERMO RAMA HERRERA"},{"Id_Viaje":3039623,"IDPedido":582980,"CargaViaje":4,"IDPlanta":16,"NombrePlantaViaje":"M6-Juarez","IDUnidad":133,"NombreUnidad":"CR-124","IDOperador":1546,"NombreOperador":"VICTOR ADRIAN HERNANDEZ","IDEstatusViaje":2,"NombreEstatus":"Entregado","FechaInicio":"2/17/2026 12:00:00 AM","HoraInicio":"08:00","HoraFin":"10:00","IDObra":4947068,"NombreObra":"valle real","IDClienteSAE":4947,"NombreCliente":"CONCRETOS DELESE","IDUso":1,"NombreUso":"Banqueta","IDProducto":1513,"NombreProducto":"CONCRETO f\u0027c=100 Ag=20 Rev=18 A1 D","Remision":"M6/67116","CveCiudad":"MTY","NombreVendedor":"OMAR HECTOR ARTEAGA"},{"Id_Viaje":3039635,"IDPedido":582760,"CargaViaje":7,"IDPlanta":18,"NombrePlantaViaje":"M7-Salinas","IDUnidad":242,"NombreUnidad":"CR - 150","IDOperador":1750,"NombreOperador":"BARTOLO HERNANDEZ","IDEstatusViaje":1,"NombreEstatus":"Despachado","FechaInicio":"2/17/2026 12:00:00 AM","HoraInicio":"07:00","HoraFin":"09:00","IDObra":12213002,"NombreObra":"planta sepisa","IDClienteSAE":12213,"NombreCliente":"INMOBILIARIA SR 75","IDUso":24,"NombreUso":"Pilotes","IDProducto":1567,"NombreProducto":"CONCRETO f\u0027c=300 Ag=20 Rev=10 A1 D","Remision":"M7/41057","CveCiudad":"MTY","NombreVendedor":"GUILLERMO RAMA HERRERA"},{"Id_Viaje":3039637,"IDPedido":582760,"CargaViaje":7,"IDPlanta":18,"NombrePlantaViaje":"M7-Salinas","IDUnidad":46,"NombreUnidad":"CR-061","IDOperador":1440,"NombreOperador":"HECTOR ALEJANDRO SALAZAR","IDEstatusViaje":1,"NombreEstatus":"Despachado","FechaInicio":"2/17/2026 12:00:00 AM","HoraInicio":"07:10","HoraFin":"09:10","IDObra":12213002,"NombreObra":"planta sepisa","IDClienteSAE":12213,"NombreCliente":"INMOBILIARIA SR 75","IDUso":24,"NombreUso":"Pilotes","IDProducto":1567,"NombreProducto":"CONCRETO f\u0027c=300 Ag=20 Rev=10 A1 D","Remision":"M7/41060","CveCiudad":"MTY","NombreVendedor":"GUILLERMO RAMA HERRERA"},{"Id_Viaje":3039639,"IDPedido":582760,"CargaViaje":7,"IDPlanta":18,"NombrePlantaViaje":"M7-Salinas","IDUnidad":306,"NombreUnidad":"CR-197","IDOperador":963,"NombreOperador":"ROGELIO PEÑA","IDEstatusViaje":1,"NombreEstatus":"Despachado","FechaInicio":"2/17/2026 12:00:00 AM","HoraInicio":"07:20","HoraFin":"09:20","IDObra":12213002,"NombreObra":"planta sepisa","IDClienteSAE":12213,"NombreCliente":"INMOBILIARIA SR 75","IDUso":24,"NombreUso":"Pilotes","IDProducto":1567,"NombreProducto":"CONCRETO f\u0027c=300 Ag=20 Rev=10 A1 D","Remision":"M7/41059","CveCiudad":"MTY","NombreVendedor":"GUILLERMO RAMA HERRERA"},{"Id_Viaje":3039641,"IDPedido":582760,"CargaViaje":7,"IDPlanta":18,"NombrePlantaViaje":"M7-Salinas","IDUnidad":315,"NombreUnidad":"CR-232","IDOperador":1452,"NombreOperador":"VICTOR LOPEZ","IDEstatusViaje":1,"NombreEstatus":"Despachado","FechaInicio":"2/17/2026 12:00:00 AM","HoraInicio":"07:30","HoraFin":"09:30","IDObra":12213002,"NombreObra":"planta sepisa","IDClienteSAE":12213,"NombreCliente":"INMOBILIARIA SR 75","IDUso":24,"NombreUso":"Pilotes","IDProducto":1567,"NombreProducto":"CONCRETO f\u0027c=300 Ag=20 Rev=10 A1 D","Remision":"M7/41058","CveCiudad":"MTY","NombreVendedor":"GUILLERMO RAMA HERRERA"},{"Id_Viaje":3039643,"IDPedido":582760,"CargaViaje":7,"IDPlanta":18,"NombrePlantaViaje":"M7-Salinas","IDUnidad":315,"NombreUnidad":"CR-232","IDOperador":1452,"NombreOperador":"VICTOR LOPEZ","IDEstatusViaje":1,"NombreEstatus":"Despachado","FechaInicio":"2/17/2026 12:00:00 AM","HoraInicio":"05:00","HoraFin":"05:30","IDObra":12213002,"NombreObra":"planta sepisa","IDClienteSAE":12213,"NombreCliente":"INMOBILIARIA SR 75","IDUso":24,"NombreUso":"Pilotes","IDProducto":1567,"NombreProducto":"CONCRETO f\u0027c=300 Ag=20 Rev=10 A1 D","Remision":"M7/41063","CveCiudad":"MTY","NombreVendedor":"GUILLERMO RAMA HERRERA"},{"Id_Viaje":3039645,"IDPedido":582760,"CargaViaje":7,"IDPlanta":18,"NombrePlantaViaje":"M7-Salinas","IDUnidad":315,"NombreUnidad":"CR-232","IDOperador":1452,"NombreOperador":"VICTOR LOPEZ","IDEstatusViaje":1,"NombreEstatus":"Despachado","FechaInicio":"2/17/2026 12:00:00 AM","HoraInicio":"05:30","HoraFin":"06:00","IDObra":12213002,"NombreObra":"planta sepisa","IDClienteSAE":12213,"NombreCliente":"INMOBILIARIA SR 75","IDUso":24,"NombreUso":"Pilotes","IDProducto":1567,"NombreProducto":"CONCRETO f\u0027c=300 Ag=20 Rev=10 A1 D","Remision":"M7/41062","CveCiudad":"MTY","NombreVendedor":"GUILLERMO RAMA HERRERA"},{"Id_Viaje":3039647,"IDPedido":582760,"CargaViaje":7,"IDPlanta":18,"NombrePlantaViaje":"M7-Salinas","IDUnidad":345,"NombreUnidad":"CR-231","IDOperador":1551,"NombreOperador":"ROGELIO MARTINEZ","IDEstatusViaje":1,"NombreEstatus":"Despachado","FechaInicio":"2/17/2026 12:00:00 AM","HoraInicio":"06:00","HoraFin":"06:30","IDObra":12213002,"NombreObra":"planta sepisa","IDClienteSAE":12213,"NombreCliente":"INMOBILIARIA SR 75","IDUso":24,"NombreUso":"Pilotes","IDProducto":1567,"NombreProducto":"CONCRETO f\u0027c=300 Ag=20 Rev=10 A1 D","Remision":"M7/41061","CveCiudad":"MTY","NombreVendedor":"GUILLERMO RAMA HERRERA"},{"Id_Viaje":3039661,"IDPedido":583014,"CargaViaje":7,"IDPlanta":7,"NombrePlantaViaje":"M2-Escobedo","IDUnidad":370,"NombreUnidad":"CR-203","IDOperador":644,"NombreOperador":"ALEJANDRO QUEZADA","IDEstatusViaje":2,"NombreEstatus":"Entregado","FechaInicio":"2/17/2026 12:00:00 AM","HoraInicio":"07:30","HoraFin":"09:30","IDObra":1534016,"NombreObra":"PLANTA MOYEDA","IDClienteSAE":1534,"NombreCliente":"CONSTRUCTORA MOYEDA","IDUso":7,"NombreUso":"Firme","IDProducto":551,"NombreProducto":"CONCRETO f\u0027c=250 Ag=20 Rev=14 A1 D","Remision":"M2/79941","CveCiudad":"MTY","NombreVendedor":"CASA PROGRAMACION"},{"Id_Viaje":3039681,"IDPedido":582840,"CargaViaje":7,"IDPlanta":8,"NombrePlantaViaje":"M3-Santa","IDUnidad":314,"NombreUnidad":"CR-229","IDOperador":1529,"NombreOperador":"ENRIQUE YESCAS","IDEstatusViaje":2,"NombreEstatus":"Entregado","FechaInicio":"2/17/2026 12:00:00 AM","HoraInicio":"05:30","HoraFin":"06:00","IDObra":11235003,"NombreObra":"parque garcia","IDClienteSAE":11235,"NombreCliente":"PROPIEDADES SIERRA","IDUso":24,"NombreUso":"Pilotes","IDProducto":511,"NombreProducto":"CONCRETO f\u0027c=250 Ag=20 Rev=14 A1 B","Remision":"M3/42720","CveCiudad":"MTY","NombreVendedor":"GUILLERMO RAMA HERRERA"},{"Id_Viaje":3039683,"IDPedido":582840,"CargaViaje":7,"IDPlanta":8,"NombrePlantaViaje":"M3-Santa","IDUnidad":314,"NombreUnidad":"CR-229","IDOperador":1529,"NombreOperador":"ENRIQUE YESCAS","IDEstatusViaje":2,"NombreEstatus":"Entregado","FechaInicio":"2/17/2026 12:00:00 AM","HoraInicio":"06:00","HoraFin":"06:30","IDObra":11235003,"NombreObra":"parque garcia","IDClienteSAE":11235,"NombreCliente":"PROPIEDADES SIERRA","IDUso":24,"NombreUso":"Pilotes","IDProducto":511,"NombreProducto":"CONCRETO f\u0027c=250 Ag=20 Rev=14 A1 B","Remision":"M3/42718","CveCiudad":"MTY","NombreVendedor":"GUILLERMO RAMA HERRERA"},{"Id_Viaje":3039685,"IDPedido":582840,"CargaViaje":7,"IDPlanta":8,"NombrePlantaViaje":"M3-Santa","IDUnidad":314,"NombreUnidad":"CR-229","IDOperador":1529,"NombreOperador":"ENRIQUE YESCAS","IDEstatusViaje":2,"NombreEstatus":"Entregado","FechaInicio":"2/17/2026 12:00:00 AM","HoraInicio":"06:30","HoraFin":"07:00","IDObra":11235003,"NombreObra":"parque garcia","IDClienteSAE":11235,"NombreCliente":"PROPIEDADES SIERRA","IDUso":24,"NombreUso":"Pilotes","IDProducto":511,"NombreProducto":"CONCRETO f\u0027c=250 Ag=20 Rev=14 A1 B","Remision":"M3/42719","CveCiudad":"MTY","NombreVendedor":"GUILLERMO RAMA HERRERA"},{"Id_Viaje":3039687,"IDPedido":582840,"CargaViaje":7,"IDPlanta":8,"NombrePlantaViaje":"M3-Santa","IDUnidad":345,"NombreUnidad":"CR-231","IDOperador":1551,"NombreOperador":"ROGELIO MARTINEZ","IDEstatusViaje":2,"NombreEstatus":"Entregado","FechaInicio":"2/17/2026 12:00:00 AM","HoraInicio":"07:00","HoraFin":"07:30","IDObra":11235003,"NombreObra":"parque garcia","IDClienteSAE":11235,"NombreCliente":"PROPIEDADES SIERRA","IDUso":24,"NombreUso":"Pilotes","IDProducto":511,"NombreProducto":"CONCRETO f\u0027c=250 Ag=20 Rev=14 A1 B","Remision":"M3/42721","CveCiudad":"MTY","NombreVendedor":"GUILLERMO RAMA HERRERA"},{"Id_Viaje":3039689,"IDPedido":582840,"CargaViaje":7,"IDPlanta":8,"NombrePlantaViaje":"M3-Santa","IDUnidad":340,"NombreUnidad":"CR-219","IDOperador":1122,"NombreOperador":"NOE CASTILLO","IDEstatusViaje":2,"NombreEstatus":"Entregado","FechaInicio":"2/17/2026 12:00:00 AM","HoraInicio":"07:30","HoraFin":"08:00","IDObra":11235003,"NombreObra":"parque garcia","IDClienteSAE":11235,"NombreCliente":"PROPIEDADES SIERRA","IDUso":24,"NombreUso":"Pilotes","IDProducto":511,"NombreProducto":"CONCRETO f\u0027c=250 Ag=20 Rev=14 A1 B","Remision":"M3/42722","CveCiudad":"MTY","NombreVendedor":"GUILLERMO RAMA HERRERA"},{"Id_Viaje":3039691,"IDPedido":582840,"CargaViaje":7,"IDPlanta":8,"NombrePlantaViaje":"M3-Santa","IDUnidad":345,"NombreUnidad":"CR-231","IDOperador":1551,"NombreOperador":"ROGELIO MARTINEZ","IDEstatusViaje":2,"NombreEstatus":"Entregado","FechaInicio":"2/17/2026 12:00:00 AM","HoraInicio":"08:00","HoraFin":"08:30","IDObra":11235003,"NombreObra":"parque garcia","IDClienteSAE":11235,"NombreCliente":"PROPIEDADES SIERRA","IDUso":24,"NombreUso":"Pilotes","IDProducto":511,"NombreProducto":"CONCRETO f\u0027c=250 Ag=20 Rev=14 A1 B","Remision":"M3/42723","CveCiudad":"MTY","NombreVendedor":"GUILLERMO RAMA HERRERA"},{"Id_Viaje":3039693,"IDPedido":582840,"CargaViaje":3.5,"IDPlanta":8,"NombrePlantaViaje":"M3-Santa","IDUnidad":340,"NombreUnidad":"CR-219","IDOperador":1122,"NombreOperador":"NOE CASTILLO","IDEstatusViaje":2,"NombreEstatus":"Entregado","FechaInicio":"2/17/2026 12:00:00 AM","HoraInicio":"08:30","HoraFin":"09:00","IDObra":11235003,"NombreObra":"parque garcia","IDClienteSAE":11235,"NombreCliente":"PROPIEDADES SIERRA","IDUso":24,"NombreUso":"Pilotes","IDProducto":511,"NombreProducto":"CONCRETO f\u0027c=250 Ag=20 Rev=14 A1 B","Remision":"M3/42726","CveCiudad":"MTY","NombreVendedor":"GUILLERMO RAMA HERRERA"},{"Id_Viaje":3039695,"IDPedido":582840,"CargaViaje":7,"IDPlanta":8,"NombrePlantaViaje":"M3-Santa","IDUnidad":345,"NombreUnidad":"CR-231","IDOperador":1551,"NombreOperador":"ROGELIO MARTINEZ","IDEstatusViaje":2,"NombreEstatus":"Entregado","FechaInicio":"2/17/2026 12:00:00 AM","HoraInicio":"09:00","HoraFin":"09:30","IDObra":11235003,"NombreObra":"parque garcia","IDClienteSAE":11235,"NombreCliente":"PROPIEDADES SIERRA","IDUso":24,"NombreUso":"Pilotes","IDProducto":511,"NombreProducto":"CONCRETO f\u0027c=250 Ag=20 Rev=14 A1 B","Remision":"M3/42724","CveCiudad":"MTY","NombreVendedor":"GUILLERMO RAMA HERRERA"},{"Id_Viaje":3039699,"IDPedido":582840,"CargaViaje":7,"IDPlanta":8,"NombrePlantaViaje":"M3-Santa","IDUnidad":315,"NombreUnidad":"CR-232","IDOperador":1452,"NombreOperador":"VICTOR LOPEZ","IDEstatusViaje":2,"NombreEstatus":"Entregado","FechaInicio":"2/17/2026 12:00:00 AM","HoraInicio":"10:00","HoraFin":"10:30","IDObra":11235003,"NombreObra":"parque garcia","IDClienteSAE":11235,"NombreCliente":"PROPIEDADES SIERRA","IDUso":24,"NombreUso":"Pilotes","IDProducto":511,"NombreProducto":"CONCRETO f\u0027c=250 Ag=20 Rev=14 A1 B","Remision":"M3/42725","CveCiudad":"MTY","NombreVendedor":"GUILLERMO RAMA HERRERA"},{"Id_Viaje":3039722,"IDPedido":583019,"CargaViaje":5,"IDPlanta":13,"NombrePlantaViaje":"G1- VALLE DE LA MISERICORDIA","IDUnidad":317,"NombreUnidad":"CR-023","IDOperador":481,"NombreOperador":"[LIBRE] LIBRE","IDEstatusViaje":1,"NombreEstatus":"Despachado","FechaInicio":"2/17/2026 12:00:00 AM","HoraInicio":"09:00","HoraFin":"11:00","IDObra":6181006,"NombreObra":"Bugambilias Zapopan Jalisco","IDClienteSAE":6181,"NombreCliente":"OP30 CONSTRUCTORA","IDUso":8,"NombreUso":"Losa","IDProducto":11453,"NombreProducto":"CONCRETO f\u0027c=200 Ag=20 Rev=10 D 28","Remision":"G1/70693","CveCiudad":"GDL","NombreVendedor":"PABLO CESAR ARREOLA"},{"Id_Viaje":3039740,"IDPedido":583020,"CargaViaje":7,"IDPlanta":13,"NombrePlantaViaje":"G1- VALLE DE LA MISERICORDIA","IDUnidad":138,"NombreUnidad":"CR-028","IDOperador":484,"NombreOperador":"[LIBRE] X","IDEstatusViaje":1,"NombreEstatus":"Despachado","FechaInicio":"2/17/2026 12:00:00 AM","HoraInicio":"10:00","HoraFin":"12:00","IDObra":6248008,"NombreObra":"LAS TORRES Y CHAPALA","IDClienteSAE":6248,"NombreCliente":"TEKTON GRUPO EMPRESARIAL","IDUso":88,"NombreUso":"Machuelo Lavado","IDProducto":2712,"NombreProducto":"CONCRETO f\u0027c:250 Ag=10 Rev:10 A1 D","Remision":"G1/70697","CveCiudad":"GDL","NombreVendedor":"FEDERICO GARCIA"},{"Id_Viaje":3039782,"IDPedido":583018,"CargaViaje":6,"IDPlanta":16,"NombrePlantaViaje":"M6-Juarez","IDUnidad":228,"NombreUnidad":"CR-224","IDOperador":1146,"NombreOperador":"LUIS ANTONIO VEGA","IDEstatusViaje":2,"NombreEstatus":"Entregado","FechaInicio":"2/17/2026 12:00:00 AM","HoraInicio":"08:30","HoraFin":"10:30","IDObra":9997001,"NombreObra":"coca-cola guadalupe","IDClienteSAE":9997,"NombreCliente":"SERVICIOS INDUSTRIALES MIRAMONTES","IDUso":7,"NombreUso":"Firme","IDProducto":1567,"NombreProducto":"CONCRETO f\u0027c=300 Ag=20 Rev=10 A1 D","Remision":"M6/67117","CveCiudad":"MTY","NombreVendedor":"ENRIQUE ALVAREZ"},{"Id_Viaje":3039784,"IDPedido":582928,"CargaViaje":6,"IDPlanta":19,"NombrePlantaViaje":"M1-Apodaca","IDUnidad":348,"NombreUnidad":"CR-070","IDOperador":1536,"NombreOperador":"JESUS LOPEZ","IDEstatusViaje":2,"NombreEstatus":"Entregado","FechaInicio":"2/17/2026 12:00:00 AM","HoraInicio":"13:30","HoraFin":"15:30","IDObra":11302024,"NombreObra":"las castas","IDClienteSAE":11302,"NombreCliente":"LUZ DE PARIS","IDUso":4,"NombreUso":"Contracimiento","IDProducto":575,"NombreProducto":"CONCRETO f\u0027c=200 Ag=20 Rev=12 A1 D","Remision":"M1/91189","CveCiudad":"MTY","NombreVendedor":"CESAR LUNA"},{"Id_Viaje":3039856,"IDPedido":583034,"CargaViaje":7,"IDPlanta":36,"NombrePlantaViaje":"Q1-Apaseo","IDUnidad":104,"NombreUnidad":"CR-024","IDOperador":1524,"NombreOperador":"ALEJANDRO VALLEJO","IDEstatusViaje":2,"NombreEstatus":"Entregado","FechaInicio":"2/17/2026 12:00:00 AM","HoraInicio":"06:00","HoraFin":"08:00","IDObra":1366001,"NombreObra":"PLAZA ALAMOS","IDClienteSAE":1366,"NombreCliente":"GRUPO RESTAURANTERO OPUS","IDUso":11,"NombreUso":"Piso","IDProducto":10510,"NombreProducto":"CONCRETO MR=38 Ag=40 Rev=10 D 28","Remision":"Q1/11524","CveCiudad":"QRO","NombreVendedor":"MIGUEL ANGEL GUTIERREZ"},{"Id_Viaje":3039858,"IDPedido":583034,"CargaViaje":7,"IDPlanta":36,"NombrePlantaViaje":"Q1-Apaseo","IDUnidad":266,"NombreUnidad":"CR-136","IDOperador":1585,"NombreOperador":"CARLOS ANTONIO VILLALVA","IDEstatusViaje":2,"NombreEstatus":"Entregado","FechaInicio":"2/17/2026 12:00:00 AM","HoraInicio":"06:10","HoraFin":"08:10","IDObra":1366001,"NombreObra":"PLAZA ALAMOS","IDClienteSAE":1366,"NombreCliente":"GRUPO RESTAURANTERO OPUS","IDUso":11,"NombreUso":"Piso","IDProducto":10510,"NombreProducto":"CONCRETO MR=38 Ag=40 Rev=10 D 28","Remision":"Q1/11525","CveCiudad":"QRO","NombreVendedor":"MIGUEL ANGEL GUTIERREZ"},{"Id_Viaje":3039860,"IDPedido":583034,"CargaViaje":7,"IDPlanta":36,"NombrePlantaViaje":"Q1-Apaseo","IDUnidad":268,"NombreUnidad":"CR-137","IDOperador":1684,"NombreOperador":"BENJAMIN ROMAN","IDEstatusViaje":2,"NombreEstatus":"Entregado","FechaInicio":"2/17/2026 12:00:00 AM","HoraInicio":"06:20","HoraFin":"08:20","IDObra":1366001,"NombreObra":"PLAZA ALAMOS","IDClienteSAE":1366,"NombreCliente":"GRUPO RESTAURANTERO OPUS","IDUso":11,"NombreUso":"Piso","IDProducto":10510,"NombreProducto":"CONCRETO MR=38 Ag=40 Rev=10 D 28","Remision":"Q1/11527","CveCiudad":"QRO","NombreVendedor":"MIGUEL ANGEL GUTIERREZ"},{"Id_Viaje":3039862,"IDPedido":583034,"CargaViaje":7,"IDPlanta":36,"NombrePlantaViaje":"Q1-Apaseo","IDUnidad":383,"NombreUnidad":"CR-188","IDOperador":1655,"NombreOperador":"CARLOS ALARCÓN","IDEstatusViaje":2,"NombreEstatus":"Entregado","FechaInicio":"2/17/2026 12:00:00 AM","HoraInicio":"06:30","HoraFin":"08:30","IDObra":1366001,"NombreObra":"PLAZA ALAMOS","IDClienteSAE":1366,"NombreCliente":"GRUPO RESTAURANTERO OPUS","IDUso":11,"NombreUso":"Piso","IDProducto":10510,"NombreProducto":"CONCRETO MR=38 Ag=40 Rev=10 D 28","Remision":"Q1/11529","CveCiudad":"QRO","NombreVendedor":"MIGUEL ANGEL GUTIERREZ"},{"Id_Viaje":3039866,"IDPedido":583035,"CargaViaje":7,"IDPlanta":36,"NombrePlantaViaje":"Q1-Apaseo","IDUnidad":274,"NombreUnidad":"CR-208","IDOperador":1647,"NombreOperador":"JOSE GUADALUPE LEDESMA","IDEstatusViaje":2,"NombreEstatus":"Entregado","FechaInicio":"2/17/2026 12:00:00 AM","HoraInicio":"18:30","HoraFin":"20:30","IDObra":927001,"NombreObra":"el faro de los cisnes","IDClienteSAE":927,"NombreCliente":"CONSTRUCTORA EL FARO DE LOS CISNES","IDUso":1,"NombreUso":"Banqueta","IDProducto":4400,"NombreProducto":"CONCRETO f\u0027c=150 Ag=20 Rev=14 D 28","Remision":"Q1/11526","CveCiudad":"QRO","NombreVendedor":"MIGUEL ANGEL GUTIERREZ"},{"Id_Viaje":3039868,"IDPedido":583033,"CargaViaje":4,"IDPlanta":20,"NombrePlantaViaje":"A1-Ojo Caliente","IDUnidad":107,"NombreUnidad":"CR-050","IDOperador":677,"NombreOperador":"EDMUNDO DE LOERA","IDEstatusViaje":1,"NombreEstatus":"Despachado","FechaInicio":"2/17/2026 12:00:00 AM","HoraInicio":"06:30","HoraFin":"08:30","IDObra":4674005,"NombreObra":"BODEGA MERCADO LIBRE","IDClienteSAE":4674,"NombreCliente":"ASPE Y ASOCIADOS","IDUso":8,"NombreUso":"Losa","IDProducto":1042,"NombreProducto":"CONCRETO f\u0027c:250 Ag=20 Rev:14 A1 B","Remision":"A1/96492","CveCiudad":"AGS","NombreVendedor":"HECTOR VILLANUEVA"},{"Id_Viaje":3039870,"IDPedido":583033,"CargaViaje":4,"IDPlanta":20,"NombrePlantaViaje":"A1-Ojo Caliente","IDUnidad":295,"NombreUnidad":"CR-065","IDOperador":675,"NombreOperador":"JUAN ANTONIO HERRERA","IDEstatusViaje":1,"NombreEstatus":"Despachado","FechaInicio":"2/17/2026 12:00:00 AM","HoraInicio":"06:40","HoraFin":"08:40","IDObra":4674005,"NombreObra":"BODEGA MERCADO LIBRE","IDClienteSAE":4674,"NombreCliente":"ASPE Y ASOCIADOS","IDUso":8,"NombreUso":"Losa","IDProducto":1042,"NombreProducto":"CONCRETO f\u0027c:250 Ag=20 Rev:14 A1 B","Remision":"A1/96493","CveCiudad":"AGS","NombreVendedor":"HECTOR VILLANUEVA"},{"Id_Viaje":3039872,"IDPedido":583044,"CargaViaje":6,"IDPlanta":36,"NombrePlantaViaje":"Q1-Apaseo","IDUnidad":275,"NombreUnidad":"CR-209","IDOperador":1488,"NombreOperador":"RAMON HERNANDEZ","IDEstatusViaje":2,"NombreEstatus":"Entregado","FechaInicio":"2/17/2026 12:00:00 AM","HoraInicio":"07:00","HoraFin":"09:00","IDObra":313001,"NombreObra":"HACIENDA SUR","IDClienteSAE":313,"NombreCliente":"VALLE DE LOS MEZQUITES","IDUso":2,"NombreUso":"Cimentacion","IDProducto":4351,"NombreProducto":"CONCRETO f\u0027c=200 Ag=20 Rev=10 D 28","Remision":"Q1/11528","CveCiudad":"QRO","NombreVendedor":"YIMI EDUARDO VAZQUEZ"},{"Id_Viaje":3039874,"IDPedido":583045,"CargaViaje":2.5,"IDPlanta":34,"NombrePlantaViaje":"A2-San Francisco","IDUnidad":122,"NombreUnidad":"CR-043-","IDOperador":1067,"NombreOperador":"JUAN HUMBERTO MARQUEZ","IDEstatusViaje":1,"NombreEstatus":"Despachado","FechaInicio":"2/17/2026 12:00:00 AM","HoraInicio":"07:30","HoraFin":"09:30","IDObra":2983004,"NombreObra":"LA CARTUJA","IDClienteSAE":2983,"NombreCliente":"GRUPO CONSTRUCTOR LUMAVI","IDUso":57,"NombreUso":"Huellas","IDProducto":1012,"NombreProducto":"CONCRETO f\u0027c:150 Ag=20 Rev:10 A1 D","Remision":"A2/41610","CveCiudad":"AGS","NombreVendedor":"CASA CASA"},{"Id_Viaje":3039876,"IDPedido":583050,"CargaViaje":7,"IDPlanta":13,"NombrePlantaViaje":"G1- VALLE DE LA MISERICORDIA","IDUnidad":85,"NombreUnidad":"CR-110","IDOperador":735,"NombreOperador":"J NICOLAS FRANCO","IDEstatusViaje":1,"NombreEstatus":"Despachado","FechaInicio":"2/17/2026 12:00:00 AM","HoraInicio":"08:00","HoraFin":"10:00","IDObra":2949006,"NombreObra":"BUGAMBILIA ESQ ORQUIDEA COLONIA AGRICOLA","IDClienteSAE":2949,"NombreCliente":"ESTUDIOS SISTEMAS Y CONSTRUCCIONES","IDUso":8,"NombreUso":"Losa","IDProducto":2773,"NombreProducto":"CONCRETO MR:45 Ag=40 Rev:10 A1 D","Remision":"G1/70690","CveCiudad":"GDL","NombreVendedor":"MIGUEL BAUTISTA"},{"Id_Viaje":3039878,"IDPedido":583050,"CargaViaje":7,"IDPlanta":13,"NombrePlantaViaje":"G1- VALLE DE LA MISERICORDIA","IDUnidad":88,"NombreUnidad":"CR-113","IDOperador":487,"NombreOperador":"[LIBRE] X","IDEstatusViaje":1,"NombreEstatus":"Despachado","FechaInicio":"2/17/2026 12:00:00 AM","HoraInicio":"10:00","HoraFin":"12:00","IDObra":2949006,"NombreObra":"BUGAMBILIA ESQ ORQUIDEA COLONIA AGRICOLA","IDClienteSAE":2949,"NombreCliente":"ESTUDIOS SISTEMAS Y CONSTRUCCIONES","IDUso":8,"NombreUso":"Losa","IDProducto":2773,"NombreProducto":"CONCRETO MR:45 Ag=40 Rev:10 A1 D","Remision":"G1/70691","CveCiudad":"GDL","NombreVendedor":"MIGUEL BAUTISTA"},{"Id_Viaje":3039880,"IDPedido":583050,"CargaViaje":7,"IDPlanta":13,"NombrePlantaViaje":"G1- VALLE DE LA MISERICORDIA","IDUnidad":99,"NombreUnidad":"CR-119","IDOperador":704,"NombreOperador":"JUAN ISRAEL TORRES","IDEstatusViaje":1,"NombreEstatus":"Despachado","FechaInicio":"2/17/2026 12:00:00 AM","HoraInicio":"12:00","HoraFin":"14:00","IDObra":2949006,"NombreObra":"BUGAMBILIA ESQ ORQUIDEA COLONIA AGRICOLA","IDClienteSAE":2949,"NombreCliente":"ESTUDIOS SISTEMAS Y CONSTRUCCIONES","IDUso":8,"NombreUso":"Losa","IDProducto":2773,"NombreProducto":"CONCRETO MR:45 Ag=40 Rev:10 A1 D","Remision":"G1/70692","CveCiudad":"GDL","NombreVendedor":"MIGUEL BAUTISTA"},{"Id_Viaje":3039882,"IDPedido":583049,"CargaViaje":5,"IDPlanta":23,"NombrePlantaViaje":"L1-Leon","IDUnidad":351,"NombreUnidad":"CR-237-DRH","IDOperador":1623,"NombreOperador":"JORGE IGNACIO NEGRETE","IDEstatusViaje":1,"NombreEstatus":"Despachado","FechaInicio":"2/17/2026 12:00:00 AM","HoraInicio":"08:00","HoraFin":"10:00","IDObra":1004013,"NombreObra":"sacromonte 7","IDClienteSAE":1004,"NombreCliente":"INMOBILIARIA GESTORIA Y ASESORIA","IDUso":19,"NombreUso":"Loza de Entrepiso","IDProducto":1227,"NombreProducto":"CONCRETO f\u0027c:200 Ag=20 Rev:14 A1 B","Remision":"L1/41034","CveCiudad":"LEON","NombreVendedor":"OFICINA MATRIZ"},{"Id_Viaje":3039884,"IDPedido":583049,"CargaViaje":6,"IDPlanta":23,"NombrePlantaViaje":"L1-Leon","IDUnidad":352,"NombreUnidad":"CR-246-NRH","IDOperador":522,"NombreOperador":"[LIBRE] .","IDEstatusViaje":1,"NombreEstatus":"Despachado","FechaInicio":"2/17/2026 12:00:00 AM","HoraInicio":"08:10","HoraFin":"10:10","IDObra":1004013,"NombreObra":"sacromonte 7","IDClienteSAE":1004,"NombreCliente":"INMOBILIARIA GESTORIA Y ASESORIA","IDUso":19,"NombreUso":"Loza de Entrepiso","IDProducto":1227,"NombreProducto":"CONCRETO f\u0027c:200 Ag=20 Rev:14 A1 B","Remision":"L1/41036","CveCiudad":"LEON","NombreVendedor":"OFICINA MATRIZ"},{"Id_Viaje":3039886,"IDPedido":583049,"CargaViaje":5,"IDPlanta":23,"NombrePlantaViaje":"L1-Leon","IDUnidad":165,"NombreUnidad":"CR-207 FRG","IDOperador":1634,"NombreOperador":"JOSE GUADALUPE POZOS","IDEstatusViaje":1,"NombreEstatus":"Despachado","FechaInicio":"2/17/2026 12:00:00 AM","HoraInicio":"08:20","HoraFin":"10:20","IDObra":1004013,"NombreObra":"sacromonte 7","IDClienteSAE":1004,"NombreCliente":"INMOBILIARIA GESTORIA Y ASESORIA","IDUso":19,"NombreUso":"Loza de Entrepiso","IDProducto":1227,"NombreProducto":"CONCRETO f\u0027c:200 Ag=20 Rev:14 A1 B","Remision":"L1/41035","CveCiudad":"LEON","NombreVendedor":"OFICINA MATRIZ"},{"Id_Viaje":3039888,"IDPedido":583046,"CargaViaje":7,"IDPlanta":34,"NombrePlantaViaje":"A2-San Francisco","IDUnidad":350,"NombreUnidad":"CR-047","IDOperador":1076,"NombreOperador":"EZEQUIEL SANDOVAL","IDEstatusViaje":1,"NombreEstatus":"Despachado","FechaInicio":"2/17/2026 12:00:00 AM","HoraInicio":"08:30","HoraFin":"10:30","IDObra":4997001,"NombreObra":"PEPSICO","IDClienteSAE":4997,"NombreCliente":"LAMAK INSTALACIONES","IDUso":25,"NombreUso":"Pavimento","IDProducto":2606,"NombreProducto":"CONCRETO MR=42 Ag=40 Rev 10 R7 D","Remision":"A2/41611","CveCiudad":"AGS","NombreVendedor":"CASA CASA"},{"Id_Viaje":3039890,"IDPedido":583046,"CargaViaje":7,"IDPlanta":34,"NombrePlantaViaje":"A2-San Francisco","IDUnidad":48,"NombreUnidad":"CR-063 ZRB","IDOperador":1500,"NombreOperador":"RICARDO CHAVEZ","IDEstatusViaje":1,"NombreEstatus":"Despachado","FechaInicio":"2/17/2026 12:00:00 AM","HoraInicio":"08:40","HoraFin":"10:40","IDObra":4997001,"NombreObra":"PEPSICO","IDClienteSAE":4997,"NombreCliente":"LAMAK INSTALACIONES","IDUso":25,"NombreUso":"Pavimento","IDProducto":2606,"NombreProducto":"CONCRETO MR=42 Ag=40 Rev 10 R7 D","Remision":"A2/41612","CveCiudad":"AGS","NombreVendedor":"CASA CASA"},{"Id_Viaje":3039892,"IDPedido":583046,"CargaViaje":7,"IDPlanta":34,"NombrePlantaViaje":"A2-San Francisco","IDUnidad":108,"NombreUnidad":"CR-098 2RD","IDOperador":1503,"NombreOperador":"ALBERTO HERNANDEZ","IDEstatusViaje":1,"NombreEstatus":"Despachado","FechaInicio":"2/17/2026 12:00:00 AM","HoraInicio":"08:50","HoraFin":"10:50","IDObra":4997001,"NombreObra":"PEPSICO","IDClienteSAE":4997,"NombreCliente":"LAMAK INSTALACIONES","IDUso":25,"NombreUso":"Pavimento","IDProducto":2606,"NombreProducto":"CONCRETO MR=42 Ag=40 Rev 10 R7 D","Remision":"A2/41613","CveCiudad":"AGS","NombreVendedor":"CASA CASA"},{"Id_Viaje":3039894,"IDPedido":583046,"CargaViaje":7,"IDPlanta":34,"NombrePlantaViaje":"A2-San Francisco","IDUnidad":113,"NombreUnidad":"CR-140 CRE","IDOperador":1501,"NombreOperador":"ANTONIO NAVARRO","IDEstatusViaje":1,"NombreEstatus":"Despachado","FechaInicio":"2/17/2026 12:00:00 AM","HoraInicio":"09:00","HoraFin":"11:00","IDObra":4997001,"NombreObra":"PEPSICO","IDClienteSAE":4997,"NombreCliente":"LAMAK INSTALACIONES","IDUso":25,"NombreUso":"Pavimento","IDProducto":2606,"NombreProducto":"CONCRETO MR=42 Ag=40 Rev 10 R7 D","Remision":"A2/41614","CveCiudad":"AGS","NombreVendedor":"CASA CASA"},{"Id_Viaje":3039896,"IDPedido":583046,"CargaViaje":7,"IDPlanta":34,"NombrePlantaViaje":"A2-San Francisco","IDUnidad":112,"NombreUnidad":"CR-154 TRE","IDOperador":1504,"NombreOperador":"HUGO MEDINA","IDEstatusViaje":1,"NombreEstatus":"Despachado","FechaInicio":"2/17/2026 12:00:00 AM","HoraInicio":"09:10","HoraFin":"11:10","IDObra":4997001,"NombreObra":"PEPSICO","IDClienteSAE":4997,"NombreCliente":"LAMAK INSTALACIONES","IDUso":25,"NombreUso":"Pavimento","IDProducto":2606,"NombreProducto":"CONCRETO MR=42 Ag=40 Rev 10 R7 D","Remision":"A2/41615","CveCiudad":"AGS","NombreVendedor":"CASA CASA"},{"Id_Viaje":3039898,"IDPedido":583046,"CargaViaje":7,"IDPlanta":34,"NombrePlantaViaje":"A2-San Francisco","IDUnidad":328,"NombreUnidad":"CR-178","IDOperador":916,"NombreOperador":"CESAR DIAZ DE LEON","IDEstatusViaje":1,"NombreEstatus":"Despachado","FechaInicio":"2/17/2026 12:00:00 AM","HoraInicio":"09:20","HoraFin":"11:20","IDObra":4997001,"NombreObra":"PEPSICO","IDClienteSAE":4997,"NombreCliente":"LAMAK INSTALACIONES","IDUso":25,"NombreUso":"Pavimento","IDProducto":2606,"NombreProducto":"CONCRETO MR=42 Ag=40 Rev 10 R7 D","Remision":"A2/41616","CveCiudad":"AGS","NombreVendedor":"CASA CASA"},{"Id_Viaje":3039900,"IDPedido":583046,"CargaViaje":7,"IDPlanta":34,"NombrePlantaViaje":"A2-San Francisco","IDUnidad":327,"NombreUnidad":"CR-201 9RG","IDOperador":1502,"NombreOperador":"JUAN FELIPE MARENTES","IDEstatusViaje":1,"NombreEstatus":"Despachado","FechaInicio":"2/17/2026 12:00:00 AM","HoraInicio":"09:30","HoraFin":"11:30","IDObra":4997001,"NombreObra":"PEPSICO","IDClienteSAE":4997,"NombreCliente":"LAMAK INSTALACIONES","IDUso":25,"NombreUso":"Pavimento","IDProducto":2606,"NombreProducto":"CONCRETO MR=42 Ag=40 Rev 10 R7 D","Remision":"A2/41617","CveCiudad":"AGS","NombreVendedor":"CASA CASA"},{"Id_Viaje":3039902,"IDPedido":583037,"CargaViaje":4,"IDPlanta":20,"NombrePlantaViaje":"A1-Ojo Caliente","IDUnidad":115,"NombreUnidad":"CR-069","IDOperador":209,"NombreOperador":"MARCO DE LEON","IDEstatusViaje":1,"NombreEstatus":"Despachado","FechaInicio":"2/17/2026 12:00:00 AM","HoraInicio":"08:20","HoraFin":"10:20","IDObra":4510002,"NombreObra":"CONSTITUCION","IDClienteSAE":4510,"NombreCliente":"MARIA MAGDALENA CULEBRO PINTO","IDUso":1,"NombreUso":"Banqueta","IDProducto":1012,"NombreProducto":"CONCRETO f\u0027c:150 Ag=20 Rev:10 A1 D","Remision":"A1/96494","CveCiudad":"AGS","NombreVendedor":"HECTOR VILLANUEVA"},{"Id_Viaje":3039904,"IDPedido":582886,"CargaViaje":5,"IDPlanta":16,"NombrePlantaViaje":"M6-Juarez","IDUnidad":231,"NombreUnidad":"CR-151","IDOperador":1581,"NombreOperador":"FRANCISCO JAVIER GONZALEZ","IDEstatusViaje":2,"NombreEstatus":"Entregado","FechaInicio":"2/17/2026 12:00:00 AM","HoraInicio":"09:00","HoraFin":"11:00","IDObra":8153024,"NombreObra":"VISTAS DEL SEMINARIO","IDClienteSAE":8153,"NombreCliente":"CONSTRUCTORA OBREGON FERNANDEZ","IDUso":1,"NombreUso":"Banqueta","IDProducto":589,"NombreProducto":"CONCRETO f\u0027c=150 Ag=20 Rev=12 A1 D","Remision":"M6/67118","CveCiudad":"MTY","NombreVendedor":"CESAR LUNA"},{"Id_Viaje":3039906,"IDPedido":582757,"CargaViaje":4,"IDPlanta":11,"NombrePlantaViaje":"M4-Centro","IDUnidad":214,"NombreUnidad":"CR-170","IDOperador":1722,"NombreOperador":"EDGAR JAVIER MARROQUIN","IDEstatusViaje":2,"NombreEstatus":"Entregado","FechaInicio":"2/17/2026 12:00:00 AM","HoraInicio":"12:00","HoraFin":"14:00","IDObra":4947069,"NombreObra":"CASAIRE","IDClienteSAE":4947,"NombreCliente":"CONCRETOS DELESE","IDUso":35,"NombreUso":"Registro","IDProducto":560,"NombreProducto":"CONCRETO f\u0027c=200 Ag=20 Rev=08 A1 D","Remision":"M4/89170","CveCiudad":"MTY","NombreVendedor":"OMAR HECTOR ARTEAGA"},{"Id_Viaje":3039908,"IDPedido":583036,"CargaViaje":7,"IDPlanta":20,"NombrePlantaViaje":"A1-Ojo Caliente","IDUnidad":101,"NombreUnidad":"CR-071","IDOperador":45,"NombreOperador":"BRANDON ESTRADA","IDEstatusViaje":1,"NombreEstatus":"Despachado","FechaInicio":"2/17/2026 12:00:00 AM","HoraInicio":"07:30","HoraFin":"09:30","IDObra":2820038,"NombreObra":"GPE PERALTA","IDClienteSAE":2820,"NombreCliente":"URBANIZACIONES ARGU","IDUso":7,"NombreUso":"Firme","IDProducto":1014,"NombreProducto":"CONCRETO f\u0027c:200 Ag=20. Rev: 10 A1 D","Remision":"A1/96495","CveCiudad":"AGS","NombreVendedor":"CASA CASA"},{"Id_Viaje":3039910,"IDPedido":583051,"CargaViaje":7,"IDPlanta":30,"NombrePlantaViaje":"P1-Coronango","IDUnidad":195,"NombreUnidad":"CR-158","IDOperador":1006,"NombreOperador":"VICTOR MANUEL HERNANDEZ","IDEstatusViaje":1,"NombreEstatus":"Despachado","FechaInicio":"2/17/2026 12:00:00 AM","HoraInicio":"08:00","HoraFin":"10:00","IDObra":1852001,"NombreObra":"REAL DE GUADALUPE","IDClienteSAE":1852,"NombreCliente":"NICOLAS TENAHUA COYOTL","IDUso":8,"NombreUso":"Losa","IDProducto":10975,"NombreProducto":"CONCRETO f\u0027c: 250 Ag=20 Rev.14 A1 B","Remision":"P1/38577","CveCiudad":"PUE","NombreVendedor":"GUADALUPE HERNANDEZ"},{"Id_Viaje":3039912,"IDPedido":583051,"CargaViaje":7,"IDPlanta":30,"NombrePlantaViaje":"P1-Coronango","IDUnidad":196,"NombreUnidad":"CR-159","IDOperador":1013,"NombreOperador":"ALEJANDRO ARCE","IDEstatusViaje":1,"NombreEstatus":"Despachado","FechaInicio":"2/17/2026 12:00:00 AM","HoraInicio":"08:35","HoraFin":"10:35","IDObra":1852001,"NombreObra":"REAL DE GUADALUPE","IDClienteSAE":1852,"NombreCliente":"NICOLAS TENAHUA COYOTL","IDUso":8,"NombreUso":"Losa","IDProducto":10975,"NombreProducto":"CONCRETO f\u0027c: 250 Ag=20 Rev.14 A1 B","Remision":"P1/38579","CveCiudad":"PUE","NombreVendedor":"GUADALUPE HERNANDEZ"},{"Id_Viaje":3039914,"IDPedido":583051,"CargaViaje":7,"IDPlanta":30,"NombrePlantaViaje":"P1-Coronango","IDUnidad":197,"NombreUnidad":"CR-160","IDOperador":1016,"NombreOperador":"FRANCISCO MANUEL PARDO","IDEstatusViaje":1,"NombreEstatus":"Despachado","FechaInicio":"2/17/2026 12:00:00 AM","HoraInicio":"09:10","HoraFin":"11:10","IDObra":1852001,"NombreObra":"REAL DE GUADALUPE","IDClienteSAE":1852,"NombreCliente":"NICOLAS TENAHUA COYOTL","IDUso":8,"NombreUso":"Losa","IDProducto":10975,"NombreProducto":"CONCRETO f\u0027c: 250 Ag=20 Rev.14 A1 B","Remision":"P1/38580","CveCiudad":"PUE","NombreVendedor":"GUADALUPE HERNANDEZ"},{"Id_Viaje":3039916,"IDPedido":583051,"CargaViaje":7,"IDPlanta":30,"NombrePlantaViaje":"P1-Coronango","IDUnidad":198,"NombreUnidad":"CR-161","IDOperador":1008,"NombreOperador":"CARLOS ARMAS","IDEstatusViaje":1,"NombreEstatus":"Despachado","FechaInicio":"2/17/2026 12:00:00 AM","HoraInicio":"09:45","HoraFin":"11:45","IDObra":1852001,"NombreObra":"REAL DE GUADALUPE","IDClienteSAE":1852,"NombreCliente":"NICOLAS TENAHUA COYOTL","IDUso":8,"NombreUso":"Losa","IDProducto":10975,"NombreProducto":"CONCRETO f\u0027c: 250 Ag=20 Rev.14 A1 B","Remision":"P1/38581","CveCiudad":"PUE","NombreVendedor":"GUADALUPE HERNANDEZ"},{"Id_Viaje":3039918,"IDPedido":583051,"CargaViaje":7,"IDPlanta":30,"NombrePlantaViaje":"P1-Coronango","IDUnidad":199,"NombreUnidad":"CR-162","IDOperador":1005,"NombreOperador":"DAVID FLORES","IDEstatusViaje":1,"NombreEstatus":"Despachado","FechaInicio":"2/17/2026 12:00:00 AM","HoraInicio":"10:20","HoraFin":"12:20","IDObra":1852001,"NombreObra":"REAL DE GUADALUPE","IDClienteSAE":1852,"NombreCliente":"NICOLAS TENAHUA COYOTL","IDUso":8,"NombreUso":"Losa","IDProducto":10975,"NombreProducto":"CONCRETO f\u0027c: 250 Ag=20 Rev.14 A1 B","Remision":"P1/38583","CveCiudad":"PUE","NombreVendedor":"GUADALUPE HERNANDEZ"},{"Id_Viaje":3039920,"IDPedido":583051,"CargaViaje":7,"IDPlanta":30,"NombrePlantaViaje":"P1-Coronango","IDUnidad":200,"NombreUnidad":"CR-163","IDOperador":1186,"NombreOperador":"AARON GUTIERREZ","IDEstatusViaje":1,"NombreEstatus":"Despachado","FechaInicio":"2/17/2026 12:00:00 AM","HoraInicio":"10:55","HoraFin":"12:55","IDObra":1852001,"NombreObra":"REAL DE GUADALUPE","IDClienteSAE":1852,"NombreCliente":"NICOLAS TENAHUA COYOTL","IDUso":8,"NombreUso":"Losa","IDProducto":10975,"NombreProducto":"CONCRETO f\u0027c: 250 Ag=20 Rev.14 A1 B","Remision":"P1/38584","CveCiudad":"PUE","NombreVendedor":"GUADALUPE HERNANDEZ"},{"Id_Viaje":3039922,"IDPedido":583051,"CargaViaje":7,"IDPlanta":30,"NombrePlantaViaje":"P1-Coronango","IDUnidad":201,"NombreUnidad":"CR-164","IDOperador":1014,"NombreOperador":"NAHUM ROMERO","IDEstatusViaje":1,"NombreEstatus":"Despachado","FechaInicio":"2/17/2026 12:00:00 AM","HoraInicio":"11:30","HoraFin":"13:30","IDObra":1852001,"NombreObra":"REAL DE GUADALUPE","IDClienteSAE":1852,"NombreCliente":"NICOLAS TENAHUA COYOTL","IDUso":8,"NombreUso":"Losa","IDProducto":10975,"NombreProducto":"CONCRETO f\u0027c: 250 Ag=20 Rev.14 A1 B","Remision":"P1/38585","CveCiudad":"PUE","NombreVendedor":"GUADALUPE HERNANDEZ"},{"Id_Viaje":3039924,"IDPedido":583051,"CargaViaje":7,"IDPlanta":30,"NombrePlantaViaje":"P1-Coronango","IDUnidad":249,"NombreUnidad":"CR-175","IDOperador":1009,"NombreOperador":"ALBERTO CORTEZ","IDEstatusViaje":1,"NombreEstatus":"Despachado","FechaInicio":"2/17/2026 12:00:00 AM","HoraInicio":"12:05","HoraFin":"14:05","IDObra":1852001,"NombreObra":"REAL DE GUADALUPE","IDClienteSAE":1852,"NombreCliente":"NICOLAS TENAHUA COYOTL","IDUso":8,"NombreUso":"Losa","IDProducto":10975,"NombreProducto":"CONCRETO f\u0027c: 250 Ag=20 Rev.14 A1 B","Remision":"P1/38586","CveCiudad":"PUE","NombreVendedor":"GUADALUPE HERNANDEZ"},{"Id_Viaje":3039926,"IDPedido":583051,"CargaViaje":7,"IDPlanta":30,"NombrePlantaViaje":"P1-Coronango","IDUnidad":250,"NombreUnidad":"CR-180","IDOperador":1011,"NombreOperador":"ALBERTO JESUS ALVAREZ","IDEstatusViaje":1,"NombreEstatus":"Despachado","FechaInicio":"2/17/2026 12:00:00 AM","HoraInicio":"12:40","HoraFin":"14:40","IDObra":1852001,"NombreObra":"REAL DE GUADALUPE","IDClienteSAE":1852,"NombreCliente":"NICOLAS TENAHUA COYOTL","IDUso":8,"NombreUso":"Losa","IDProducto":10975,"NombreProducto":"CONCRETO f\u0027c: 250 Ag=20 Rev.14 A1 B","Remision":"P1/38587","CveCiudad":"PUE","NombreVendedor":"GUADALUPE HERNANDEZ"},{"Id_Viaje":3039928,"IDPedido":583051,"CargaViaje":7,"IDPlanta":30,"NombrePlantaViaje":"P1-Coronango","IDUnidad":251,"NombreUnidad":"CR-183","IDOperador":1209,"NombreOperador":"IVAN RAMOS","IDEstatusViaje":1,"NombreEstatus":"Despachado","FechaInicio":"2/17/2026 12:00:00 AM","HoraInicio":"13:15","HoraFin":"15:15","IDObra":1852001,"NombreObra":"REAL DE GUADALUPE","IDClienteSAE":1852,"NombreCliente":"NICOLAS TENAHUA COYOTL","IDUso":8,"NombreUso":"Losa","IDProducto":10975,"NombreProducto":"CONCRETO f\u0027c: 250 Ag=20 Rev.14 A1 B","Remision":"P1/38588","CveCiudad":"PUE","NombreVendedor":"GUADALUPE HERNANDEZ"},{"Id_Viaje":3039930,"IDPedido":583051,"CargaViaje":7,"IDPlanta":30,"NombrePlantaViaje":"P1-Coronango","IDUnidad":252,"NombreUnidad":"CR-184","IDOperador":1747,"NombreOperador":"JUAN CARLOS ENRIQUEZ","IDEstatusViaje":1,"NombreEstatus":"Despachado","FechaInicio":"2/17/2026 12:00:00 AM","HoraInicio":"13:50","HoraFin":"15:50","IDObra":1852001,"NombreObra":"REAL DE GUADALUPE","IDClienteSAE":1852,"NombreCliente":"NICOLAS TENAHUA COYOTL","IDUso":8,"NombreUso":"Losa","IDProducto":10975,"NombreProducto":"CONCRETO f\u0027c: 250 Ag=20 Rev.14 A1 B","Remision":"P1/38589","CveCiudad":"PUE","NombreVendedor":"GUADALUPE HERNANDEZ"},{"Id_Viaje":3039932,"IDPedido":583051,"CargaViaje":7,"IDPlanta":30,"NombrePlantaViaje":"P1-Coronango","IDUnidad":253,"NombreUnidad":"CR-185","IDOperador":868,"NombreOperador":"EDGAR ROMERO","IDEstatusViaje":1,"NombreEstatus":"Despachado","FechaInicio":"2/17/2026 12:00:00 AM","HoraInicio":"14:25","HoraFin":"16:25","IDObra":1852001,"NombreObra":"REAL DE GUADALUPE","IDClienteSAE":1852,"NombreCliente":"NICOLAS TENAHUA COYOTL","IDUso":8,"NombreUso":"Losa","IDProducto":10975,"NombreProducto":"CONCRETO f\u0027c: 250 Ag=20 Rev.14 A1 B","Remision":"P1/38590","CveCiudad":"PUE","NombreVendedor":"GUADALUPE HERNANDEZ"},{"Id_Viaje":3039934,"IDPedido":583051,"CargaViaje":7,"IDPlanta":30,"NombrePlantaViaje":"P1-Coronango","IDUnidad":254,"NombreUnidad":"CR-187","IDOperador":1186,"NombreOperador":"AARON GUTIERREZ","IDEstatusViaje":1,"NombreEstatus":"Despachado","FechaInicio":"2/17/2026 12:00:00 AM","HoraInicio":"15:00","HoraFin":"17:00","IDObra":1852001,"NombreObra":"REAL DE GUADALUPE","IDClienteSAE":1852,"NombreCliente":"NICOLAS TENAHUA COYOTL","IDUso":8,"NombreUso":"Losa","IDProducto":10975,"NombreProducto":"CONCRETO f\u0027c: 250 Ag=20 Rev.14 A1 B","Remision":"P1/38591","CveCiudad":"PUE","NombreVendedor":"GUADALUPE HERNANDEZ"},{"Id_Viaje":3039936,"IDPedido":583052,"CargaViaje":7,"IDPlanta":36,"NombrePlantaViaje":"Q1-Apaseo","IDUnidad":276,"NombreUnidad":"CR-212","IDOperador":1614,"NombreOperador":"MANUEL VARGAS","IDEstatusViaje":2,"NombreEstatus":"Entregado","FechaInicio":"2/17/2026 12:00:00 AM","HoraInicio":"09:00","HoraFin":"11:00","IDObra":1387001,"NombreObra":"LOS SENDEROS RESIDENCIAL","IDClienteSAE":1387,"NombreCliente":"PROYECTOS MADIM","IDUso":2,"NombreUso":"Cimentacion","IDProducto":4355,"NombreProducto":"CONCRETO f\u0027c=250 Ag=20 Rev=10 D 28","Remision":"Q1/11530","CveCiudad":"QRO","NombreVendedor":"MIGUEL ANGEL GUTIERREZ"},{"Id_Viaje":3039938,"IDPedido":583052,"CargaViaje":7,"IDPlanta":36,"NombrePlantaViaje":"Q1-Apaseo","IDUnidad":278,"NombreUnidad":"CR-218","IDOperador":1068,"NombreOperador":"HONORIO ISIDRO LOPEZ","IDEstatusViaje":2,"NombreEstatus":"Entregado","FechaInicio":"2/17/2026 12:00:00 AM","HoraInicio":"09:10","HoraFin":"11:10","IDObra":1387001,"NombreObra":"LOS SENDEROS RESIDENCIAL","IDClienteSAE":1387,"NombreCliente":"PROYECTOS MADIM","IDUso":2,"NombreUso":"Cimentacion","IDProducto":4355,"NombreProducto":"CONCRETO f\u0027c=250 Ag=20 Rev=10 D 28","Remision":"Q1/11531","CveCiudad":"QRO","NombreVendedor":"MIGUEL ANGEL GUTIERREZ"},{"Id_Viaje":3039942,"IDPedido":583038,"CargaViaje":7,"IDPlanta":20,"NombrePlantaViaje":"A1-Ojo Caliente","IDUnidad":122,"NombreUnidad":"CR-043-","IDOperador":1067,"NombreOperador":"JUAN HUMBERTO MARQUEZ","IDEstatusViaje":1,"NombreEstatus":"Despachado","FechaInicio":"2/17/2026 12:00:00 AM","HoraInicio":"00:00","HoraFin":"02:00","IDObra":1335002,"NombreObra":"CORELLALI","IDClienteSAE":1335,"NombreCliente":"JAIME VILLALOBOS HERNANDEZ","IDUso":8,"NombreUso":"Losa","IDProducto":1042,"NombreProducto":"CONCRETO f\u0027c:250 Ag=20 Rev:14 A1 B","Remision":"A1/96496","CveCiudad":"AGS","NombreVendedor":"CASA CASA"},{"Id_Viaje":3039944,"IDPedido":583038,"CargaViaje":6,"IDPlanta":20,"NombrePlantaViaje":"A1-Ojo Caliente","IDUnidad":350,"NombreUnidad":"CR-047","IDOperador":1076,"NombreOperador":"EZEQUIEL SANDOVAL","IDEstatusViaje":1,"NombreEstatus":"Despachado","FechaInicio":"2/17/2026 12:00:00 AM","HoraInicio":"00:10","HoraFin":"02:10","IDObra":1335002,"NombreObra":"CORELLALI","IDClienteSAE":1335,"NombreCliente":"JAIME VILLALOBOS HERNANDEZ","IDUso":8,"NombreUso":"Losa","IDProducto":1042,"NombreProducto":"CONCRETO f\u0027c:250 Ag=20 Rev:14 A1 B","Remision":"A1/96498","CveCiudad":"AGS","NombreVendedor":"CASA CASA"},{"Id_Viaje":3039946,"IDPedido":583054,"CargaViaje":7,"IDPlanta":31,"NombrePlantaViaje":"G3-Tlajomulco","IDUnidad":320,"NombreUnidad":"CR-131","IDOperador":736,"NombreOperador":"GREGORIO GONZALEZ","IDEstatusViaje":1,"NombreEstatus":"Despachado","FechaInicio":"2/17/2026 12:00:00 AM","HoraInicio":"09:30","HoraFin":"11:30","IDObra":4692003,"NombreObra":"AV MONTE SEVILLA ESQUINA MONTE REYES COLONIA CHULAVISTA","IDClienteSAE":4692,"NombreCliente":"MEDGAR CONSTRUCCIONES","IDUso":80,"NombreUso":"Banqueta Lavada","IDProducto":3279,"NombreProducto":"CONCRETO f\u0027c:200 Ag=10 Rev:10 A1 D","Remision":"G3/49914","CveCiudad":"GDL","NombreVendedor":"RODOLFO ARREDONDO"},{"Id_Viaje":3039948,"IDPedido":583055,"CargaViaje":5,"IDPlanta":30,"NombrePlantaViaje":"P1-Coronango","IDUnidad":9,"NombreUnidad":"CR-192","IDOperador":868,"NombreOperador":"EDGAR ROMERO","IDEstatusViaje":1,"NombreEstatus":"Despachado","FechaInicio":"2/17/2026 12:00:00 AM","HoraInicio":"08:30","HoraFin":"10:30","IDObra":845011,"NombreObra":"fracc platiniO","IDClienteSAE":845,"NombreCliente":"GRUPO BRECASA","IDUso":21,"NombreUso":"Castillos","IDProducto":10566,"NombreProducto":"CONCRETO f\u0027c=200 Ag=10 Rev=14 B 28","Remision":"P1/38578","CveCiudad":"PUE","NombreVendedor":"VENDEDOR PUEBLA ."},{"Id_Viaje":3039950,"IDPedido":583032,"CargaViaje":6,"IDPlanta":13,"NombrePlantaViaje":"G1- VALLE DE LA MISERICORDIA","IDUnidad":319,"NombreUnidad":"CR-040","IDOperador":481,"NombreOperador":"[LIBRE] LIBRE","IDEstatusViaje":1,"NombreEstatus":"Despachado","FechaInicio":"2/17/2026 12:00:00 AM","HoraInicio":"09:30","HoraFin":"11:30","IDObra":4692003,"NombreObra":"AV MONTE SEVILLA ESQUINA MONTE REYES COLONIA CHULAVISTA","IDClienteSAE":4692,"NombreCliente":"MEDGAR CONSTRUCCIONES","IDUso":80,"NombreUso":"Banqueta Lavada","IDProducto":3279,"NombreProducto":"CONCRETO f\u0027c:200 Ag=10 Rev:10 A1 D","Remision":"G1/70698","CveCiudad":"GDL","NombreVendedor":"RODOLFO ARREDONDO"},{"Id_Viaje":3039952,"IDPedido":583010,"CargaViaje":2.5,"IDPlanta":11,"NombrePlantaViaje":"M4-Centro","IDUnidad":315,"NombreUnidad":"CR-232","IDOperador":1452,"NombreOperador":"VICTOR LOPEZ","IDEstatusViaje":2,"NombreEstatus":"Entregado","FechaInicio":"2/17/2026 12:00:00 AM","HoraInicio":"23:30","HoraFin":"01:30","IDObra":11302015,"NombreObra":"casa blanca","IDClienteSAE":11302,"NombreCliente":"LUZ DE PARIS","IDUso":8,"NombreUso":"Losa","IDProducto":491,"NombreProducto":"CONCRETO f\u0027c=200 Ag=20 Rev=14 A1 B","Remision":"M4/89168","CveCiudad":"MTY","NombreVendedor":"BLANCA P. GARZA"},{"Id_Viaje":3039954,"IDPedido":583039,"CargaViaje":3,"IDPlanta":20,"NombrePlantaViaje":"A1-Ojo Caliente","IDUnidad":116,"NombreUnidad":"CR-098","IDOperador":44,"NombreOperador":"ALBERTO HERRERA","IDEstatusViaje":1,"NombreEstatus":"Despachado","FechaInicio":"2/17/2026 12:00:00 AM","HoraInicio":"09:00","HoraFin":"11:00","IDObra":4071001,"NombreObra":"colinas de san patricio","IDClienteSAE":4071,"NombreCliente":"SERVICIOS DE VIVIENDA","IDUso":57,"NombreUso":"Huellas","IDProducto":1012,"NombreProducto":"CONCRETO f\u0027c:150 Ag=20 Rev:10 A1 D","Remision":"A1/96497","CveCiudad":"AGS","NombreVendedor":"CASA CASA"},{"Id_Viaje":3039958,"IDPedido":583061,"CargaViaje":6,"IDPlanta":36,"NombrePlantaViaje":"Q1-Apaseo","IDUnidad":382,"NombreUnidad":"CR-9RH","IDOperador":1586,"NombreOperador":"RAMIRO HERNANDEZ","IDEstatusViaje":2,"NombreEstatus":"Entregado","FechaInicio":"2/17/2026 12:00:00 AM","HoraInicio":"10:00","HoraFin":"12:00","IDObra":835002,"NombreObra":"PEDREGAL DE VISTA HERMOSA","IDClienteSAE":835,"NombreCliente":"SA KPMGS","IDUso":9,"NombreUso":"Muro","IDProducto":4409,"NombreProducto":"CONCRETO f\u0027c=250 Ag=20 Rev=14 B 28","Remision":"Q1/11532","CveCiudad":"QRO","NombreVendedor":"MIGUEL ANGEL GUTIERREZ"},{"Id_Viaje":3039960,"IDPedido":583056,"CargaViaje":5,"IDPlanta":23,"NombrePlantaViaje":"L1-Leon","IDUnidad":292,"NombreUnidad":"CR-210 JRG","IDOperador":1609,"NombreOperador":"ANDRES GONZALEZ","IDEstatusViaje":1,"NombreEstatus":"Despachado","FechaInicio":"2/17/2026 12:00:00 AM","HoraInicio":"10:00","HoraFin":"12:00","IDObra":1104019,"NombreObra":"reserva premier","IDClienteSAE":1104,"NombreCliente":"INMOBILIARIA PROXIMA","IDUso":19,"NombreUso":"Loza de Entrepiso","IDProducto":1227,"NombreProducto":"CONCRETO f\u0027c:200 Ag=20 Rev:14 A1 B","Remision":"L1/41037","CveCiudad":"LEON","NombreVendedor":"OFICINA MATRIZ"},{"Id_Viaje":3039962,"IDPedido":583056,"CargaViaje":4.5,"IDPlanta":23,"NombrePlantaViaje":"L1-Leon","IDUnidad":290,"NombreUnidad":"CR-215 RRF","IDOperador":1578,"NombreOperador":"JOSE FLORENTINO TORRES","IDEstatusViaje":1,"NombreEstatus":"Despachado","FechaInicio":"2/17/2026 12:00:00 AM","HoraInicio":"10:10","HoraFin":"12:10","IDObra":1104019,"NombreObra":"reserva premier","IDClienteSAE":1104,"NombreCliente":"INMOBILIARIA PROXIMA","IDUso":19,"NombreUso":"Loza de Entrepiso","IDProducto":1227,"NombreProducto":"CONCRETO f\u0027c:200 Ag=20 Rev:14 A1 B","Remision":"L1/41038","CveCiudad":"LEON","NombreVendedor":"OFICINA MATRIZ"},{"Id_Viaje":3039966,"IDPedido":583034,"CargaViaje":1.5,"IDPlanta":36,"NombrePlantaViaje":"Q1-Apaseo","IDUnidad":382,"NombreUnidad":"CR-9RH","IDOperador":1586,"NombreOperador":"RAMIRO HERNANDEZ","IDEstatusViaje":2,"NombreEstatus":"Entregado","FechaInicio":"2/17/2026 12:00:00 AM","HoraInicio":"06:00","HoraFin":"08:00","IDObra":1366001,"NombreObra":"PLAZA ALAMOS","IDClienteSAE":1366,"NombreCliente":"GRUPO RESTAURANTERO OPUS","IDUso":11,"NombreUso":"Piso","IDProducto":10510,"NombreProducto":"CONCRETO MR=38 Ag=40 Rev=10 D 28","Remision":"Q1/11533","CveCiudad":"QRO","NombreVendedor":"MIGUEL ANGEL GUTIERREZ"},{"Id_Viaje":3039972,"IDPedido":582705,"CargaViaje":6.5,"IDPlanta":18,"NombrePlantaViaje":"M7-Salinas","IDUnidad":315,"NombreUnidad":"CR-232","IDOperador":1452,"NombreOperador":"VICTOR LOPEZ","IDEstatusViaje":2,"NombreEstatus":"Entregado","FechaInicio":"2/17/2026 12:00:00 AM","HoraInicio":"13:00","HoraFin":"15:00","IDObra":9727006,"NombreObra":"fracc. quadro residencial","IDClienteSAE":9727,"NombreCliente":"CONCRETA ESPACIOS HABITACIONALES","IDUso":8,"NombreUso":"Losa","IDProducto":575,"NombreProducto":"CONCRETO f\u0027c=200 Ag=20 Rev=12 A1 D","Remision":"M7/41065","CveCiudad":"MTY","NombreVendedor":"ENRIQUE ALVAREZ"},{"Id_Viaje":3039974,"IDPedido":582777,"CargaViaje":4,"IDPlanta":11,"NombrePlantaViaje":"M4-Centro","IDUnidad":78,"NombreUnidad":"CR-062","IDOperador":1478,"NombreOperador":"VICTOR HUGO MARTINEZ","IDEstatusViaje":2,"NombreEstatus":"Entregado","FechaInicio":"2/17/2026 12:00:00 AM","HoraInicio":"11:00","HoraFin":"13:00","IDObra":11594002,"NombreObra":"depas san nicolas","IDClienteSAE":11594,"NombreCliente":"PROYECTOS NEM","IDUso":27,"NombreUso":"Empastado","IDProducto":11275,"NombreProducto":"MORTERO f\u0027c=200Kgf/cm2 Ag=4 Rev=14 D 28","Remision":"M4/89169","CveCiudad":"MTY","NombreVendedor":"GUILLERMO RAMA HERRERA"},{"Id_Viaje":3039980,"IDPedido":582981,"CargaViaje":5,"IDPlanta":16,"NombrePlantaViaje":"M6-Juarez","IDUnidad":209,"NombreUnidad":"CR-169","IDOperador":1226,"NombreOperador":"FRANCISCO JAVIER ARAUJO RAMOS","IDEstatusViaje":2,"NombreEstatus":"Entregado","FechaInicio":"2/17/2026 12:00:00 AM","HoraInicio":"11:00","HoraFin":"13:00","IDObra":4947068,"NombreObra":"valle real","IDClienteSAE":4947,"NombreCliente":"CONCRETOS DELESE","IDUso":7,"NombreUso":"Firme","IDProducto":1544,"NombreProducto":"CONCRETO f\u0027c=200 Ag=20 Rev=18 A1 D","Remision":"M6/67119","CveCiudad":"MTY","NombreVendedor":"OMAR HECTOR ARTEAGA"},{"Id_Viaje":3039982,"IDPedido":582981,"CargaViaje":5,"IDPlanta":16,"NombrePlantaViaje":"M6-Juarez","IDUnidad":338,"NombreUnidad":"CR-204","IDOperador":1117,"NombreOperador":"JUAN FERNANDO TOBIAS","IDEstatusViaje":2,"NombreEstatus":"Entregado","FechaInicio":"2/17/2026 12:00:00 AM","HoraInicio":"11:10","HoraFin":"13:10","IDObra":4947068,"NombreObra":"valle real","IDClienteSAE":4947,"NombreCliente":"CONCRETOS DELESE","IDUso":7,"NombreUso":"Firme","IDProducto":1544,"NombreProducto":"CONCRETO f\u0027c=200 Ag=20 Rev=18 A1 D","Remision":"M6/67121","CveCiudad":"MTY","NombreVendedor":"OMAR HECTOR ARTEAGA"},{"Id_Viaje":3039991,"IDPedido":582917,"CargaViaje":3,"IDPlanta":7,"NombrePlantaViaje":"M2-Escobedo","IDUnidad":40,"NombreUnidad":"CR-031","IDOperador":1157,"NombreOperador":"JUAN JOSE ROSARIO LOPEZ","IDEstatusViaje":2,"NombreEstatus":"Entregado","FechaInicio":"2/17/2026 12:00:00 AM","HoraInicio":"23:20","HoraFin":"23:50","IDObra":8894025,"NombreObra":"cumbres platino","IDClienteSAE":8894,"NombreCliente":"ACRE PROMOTORA","IDUso":7,"NombreUso":"Firme","IDProducto":576,"NombreProducto":"CONCRETO f\u0027c=100 Ag=20 Rev=12 A1 D","Remision":"M2/79944","CveCiudad":"MTY","NombreVendedor":"SILVIA LOZANO"},{"Id_Viaje":3039993,"IDPedido":583068,"CargaViaje":2.5,"IDPlanta":30,"NombrePlantaViaje":"P1-Coronango","IDUnidad":195,"NombreUnidad":"CR-158","IDOperador":1006,"NombreOperador":"VICTOR MANUEL HERNANDEZ","IDEstatusViaje":1,"NombreEstatus":"Despachado","FechaInicio":"2/17/2026 12:00:00 AM","HoraInicio":"11:00","HoraFin":"13:00","IDObra":1211008,"NombreObra":"JARDINES DEL ameyal","IDClienteSAE":1211,"NombreCliente":"OPERADORA ALTUS","IDUso":21,"NombreUso":"Castillos","IDProducto":11315,"NombreProducto":"CONCRETO f\u0027c=200 Ag=10 Rev=14 D 28","Remision":"P1/38582","CveCiudad":"PUE","NombreVendedor":"VENDEDOR PUEBLA ."},{"Id_Viaje":3039995,"IDPedido":582905,"CargaViaje":4,"IDPlanta":19,"NombrePlantaViaje":"M1-Apodaca","IDUnidad":371,"NombreUnidad":"CR-008","IDOperador":1199,"NombreOperador":"GABRIEL RIVERA","IDEstatusViaje":2,"NombreEstatus":"Entregado","FechaInicio":"2/17/2026 12:00:00 AM","HoraInicio":"23:10","HoraFin":"23:40","IDObra":9876033,"NombreObra":"privada mugnano","IDClienteSAE":9876,"NombreCliente":"MX CONSTRUCCIONES","IDUso":7,"NombreUso":"Firme","IDProducto":483,"NombreProducto":"CONCRETO f\u0027c=200 Ag=20. Rev=10 A1 D","Remision":"M1/91185","CveCiudad":"MTY","NombreVendedor":"ENRIQUE ALVAREZ"},{"Id_Viaje":3039997,"IDPedido":583046,"CargaViaje":7,"IDPlanta":34,"NombrePlantaViaje":"A2-San Francisco","IDUnidad":122,"NombreUnidad":"CR-043-","IDOperador":1067,"NombreOperador":"JUAN HUMBERTO MARQUEZ","IDEstatusViaje":1,"NombreEstatus":"Despachado","FechaInicio":"2/17/2026 12:00:00 AM","HoraInicio":"11:40","HoraFin":"13:40","IDObra":4997001,"NombreObra":"PEPSICO","IDClienteSAE":4997,"NombreCliente":"LAMAK INSTALACIONES","IDUso":25,"NombreUso":"Pavimento","IDProducto":2606,"NombreProducto":"CONCRETO MR=42 Ag=40 Rev 10 R7 D","Remision":"A2/41618","CveCiudad":"AGS","NombreVendedor":"CASA CASA"},{"Id_Viaje":3039999,"IDPedido":583046,"CargaViaje":7,"IDPlanta":34,"NombrePlantaViaje":"A2-San Francisco","IDUnidad":350,"NombreUnidad":"CR-047","IDOperador":1076,"NombreOperador":"EZEQUIEL SANDOVAL","IDEstatusViaje":1,"NombreEstatus":"Despachado","FechaInicio":"2/17/2026 12:00:00 AM","HoraInicio":"11:50","HoraFin":"13:50","IDObra":4997001,"NombreObra":"PEPSICO","IDClienteSAE":4997,"NombreCliente":"LAMAK INSTALACIONES","IDUso":25,"NombreUso":"Pavimento","IDProducto":2606,"NombreProducto":"CONCRETO MR=42 Ag=40 Rev 10 R7 D","Remision":"A2/41619","CveCiudad":"AGS","NombreVendedor":"CASA CASA"},{"Id_Viaje":3040001,"IDPedido":582761,"CargaViaje":4.5,"IDPlanta":16,"NombrePlantaViaje":"M6-Juarez","IDUnidad":342,"NombreUnidad":"CR-223","IDOperador":1143,"NombreOperador":"FERNANDO TEY","IDEstatusViaje":2,"NombreEstatus":"Entregado","FechaInicio":"2/17/2026 12:00:00 AM","HoraInicio":"14:00","HoraFin":"16:00","IDObra":12040002,"NombreObra":"dalias ii residencial","IDClienteSAE":12040,"NombreCliente":"BLANCA NELLY HERRERA FLORES","IDUso":8,"NombreUso":"Losa","IDProducto":513,"NombreProducto":"CONCRETO f\u0027c=200 Ag=20 Rev=14 A1 D","Remision":"M6/67120","CveCiudad":"MTY","NombreVendedor":"OMAR HECTOR ARTEAGA"},{"Id_Viaje":3040003,"IDPedido":583046,"CargaViaje":7,"IDPlanta":34,"NombrePlantaViaje":"A2-San Francisco","IDUnidad":107,"NombreUnidad":"CR-050","IDOperador":677,"NombreOperador":"EDMUNDO DE LOERA","IDEstatusViaje":1,"NombreEstatus":"Despachado","FechaInicio":"2/17/2026 12:00:00 AM","HoraInicio":"12:00","HoraFin":"14:00","IDObra":4997001,"NombreObra":"PEPSICO","IDClienteSAE":4997,"NombreCliente":"LAMAK INSTALACIONES","IDUso":25,"NombreUso":"Pavimento","IDProducto":2606,"NombreProducto":"CONCRETO MR=42 Ag=40 Rev 10 R7 D","Remision":"A2/41620","CveCiudad":"AGS","NombreVendedor":"CASA CASA"},{"Id_Viaje":3040005,"IDPedido":583058,"CargaViaje":4,"IDPlanta":19,"NombrePlantaViaje":"M1-Apodaca","IDUnidad":332,"NombreUnidad":"CR-026","IDOperador":1458,"NombreOperador":"MIGUEL ANGEL LUGO","IDEstatusViaje":2,"NombreEstatus":"Entregado","FechaInicio":"2/17/2026 12:00:00 AM","HoraInicio":"11:00","HoraFin":"13:00","IDObra":541068,"NombreObra":"carcamo santa maria","IDClienteSAE":541,"NombreCliente":"DESARROLLOS LOCSA","IDUso":9,"NombreUso":"Muro","IDProducto":4676,"NombreProducto":"CONCRETO f\u0027c=200 Ag=20. Rev=10 A1 D","Remision":"M1/91186","CveCiudad":"MTY","NombreVendedor":"GUILLERMO RAMA HERRERA"},{"Id_Viaje":3040007,"IDPedido":583049,"CargaViaje":2,"IDPlanta":23,"NombrePlantaViaje":"L1-Leon","IDUnidad":296,"NombreUnidad":"CR-027","IDOperador":773,"NombreOperador":"OMAR RODRIGO FRANCO","IDEstatusViaje":1,"NombreEstatus":"Despachado","FechaInicio":"2/17/2026 12:00:00 AM","HoraInicio":"08:00","HoraFin":"10:00","IDObra":1004013,"NombreObra":"sacromonte 7","IDClienteSAE":1004,"NombreCliente":"INMOBILIARIA GESTORIA Y ASESORIA","IDUso":19,"NombreUso":"Loza de Entrepiso","IDProducto":1227,"NombreProducto":"CONCRETO f\u0027c:200 Ag=20 Rev:14 A1 B","Remision":"L1/41039","CveCiudad":"LEON","NombreVendedor":"OFICINA MATRIZ"},{"Id_Viaje":3040009,"IDPedido":582851,"CargaViaje":5,"IDPlanta":19,"NombrePlantaViaje":"M1-Apodaca","IDUnidad":233,"NombreUnidad":"CR-152","IDOperador":1529,"NombreOperador":"ENRIQUE YESCAS","IDEstatusViaje":2,"NombreEstatus":"Entregado","FechaInicio":"2/17/2026 12:00:00 AM","HoraInicio":"13:00","HoraFin":"15:00","IDObra":11687007,"NombreObra":"ALTERRA - PLUVIAL","IDClienteSAE":11687,"NombreCliente":"CONSTRUCCIONES INTEGRALES PAYAN MORENO","IDUso":9,"NombreUso":"Muro","IDProducto":551,"NombreProducto":"CONCRETO f\u0027c=250 Ag=20 Rev=14 A1 D","Remision":"M1/91188","CveCiudad":"MTY","NombreVendedor":"ENRIQUE ALVAREZ"},{"Id_Viaje":3040011,"IDPedido":583036,"CargaViaje":0.5,"IDPlanta":20,"NombrePlantaViaje":"A1-Ojo Caliente","IDUnidad":107,"NombreUnidad":"CR-050","IDOperador":677,"NombreOperador":"EDMUNDO DE LOERA","IDEstatusViaje":1,"NombreEstatus":"Despachado","FechaInicio":"2/17/2026 12:00:00 AM","HoraInicio":"00:30","HoraFin":"02:30","IDObra":2820038,"NombreObra":"GPE PERALTA","IDClienteSAE":2820,"NombreCliente":"URBANIZACIONES ARGU","IDUso":7,"NombreUso":"Firme","IDProducto":1014,"NombreProducto":"CONCRETO f\u0027c:200 Ag=20. Rev: 10 A1 D","Remision":"A1/96499","CveCiudad":"AGS","NombreVendedor":"CASA CASA"},{"Id_Viaje":3040017,"IDPedido":583040,"CargaViaje":5,"IDPlanta":20,"NombrePlantaViaje":"A1-Ojo Caliente","IDUnidad":109,"NombreUnidad":"CR-106","IDOperador":49,"NombreOperador":"ANTONIO RAMIREZ","IDEstatusViaje":1,"NombreEstatus":"Despachado","FechaInicio":"2/17/2026 12:00:00 AM","HoraInicio":"10:30","HoraFin":"12:30","IDObra":4674005,"NombreObra":"BODEGA MERCADO LIBRE","IDClienteSAE":4674,"NombreCliente":"ASPE Y ASOCIADOS","IDUso":7,"NombreUso":"Firme","IDProducto":2546,"NombreProducto":"CONCRETO f\u0027c:250 Ag=20 Rev:10 A1 D","Remision":"A1/96500","CveCiudad":"AGS","NombreVendedor":"HECTOR VILLANUEVA"},{"Id_Viaje":3040019,"IDPedido":583052,"CargaViaje":7,"IDPlanta":36,"NombrePlantaViaje":"Q1-Apaseo","IDUnidad":104,"NombreUnidad":"CR-024","IDOperador":1524,"NombreOperador":"ALEJANDRO VALLEJO","IDEstatusViaje":2,"NombreEstatus":"Entregado","FechaInicio":"2/17/2026 12:00:00 AM","HoraInicio":"09:00","HoraFin":"11:00","IDObra":1387001,"NombreObra":"LOS SENDEROS RESIDENCIAL","IDClienteSAE":1387,"NombreCliente":"PROYECTOS MADIM","IDUso":2,"NombreUso":"Cimentacion","IDProducto":4355,"NombreProducto":"CONCRETO f\u0027c=250 Ag=20 Rev=10 D 28","Remision":"Q1/11534","CveCiudad":"QRO","NombreVendedor":"MIGUEL ANGEL GUTIERREZ"},{"Id_Viaje":3040021,"IDPedido":583047,"CargaViaje":2.5,"IDPlanta":20,"NombrePlantaViaje":"A1-Ojo Caliente","IDUnidad":331,"NombreUnidad":"CR-140-","IDOperador":1419,"NombreOperador":"JUAN HUMBERTO MARQUEZ","IDEstatusViaje":1,"NombreEstatus":"Despachado","FechaInicio":"2/17/2026 12:00:00 AM","HoraInicio":"10:40","HoraFin":"12:40","IDObra":4510002,"NombreObra":"CONSTITUCION","IDClienteSAE":4510,"NombreCliente":"MARIA MAGDALENA CULEBRO PINTO","IDUso":7,"NombreUso":"Firme","IDProducto":2549,"NombreProducto":"CONCRETO f\u0027c:250 Ag=20 Rev:10 RR3 D","Remision":"A1/96501","CveCiudad":"AGS","NombreVendedor":"HECTOR VILLANUEVA"},{"Id_Viaje":3040023,"IDPedido":583021,"CargaViaje":7,"IDPlanta":13,"NombrePlantaViaje":"G1- VALLE DE LA MISERICORDIA","IDUnidad":86,"NombreUnidad":"CR-049","IDOperador":93,"NombreOperador":"MARCO ANTONIO GUZMAN","IDEstatusViaje":1,"NombreEstatus":"Despachado","FechaInicio":"2/17/2026 12:00:00 AM","HoraInicio":"10:00","HoraFin":"12:00","IDObra":2949006,"NombreObra":"BUGAMBILIA ESQ ORQUIDEA COLONIA AGRICOLA","IDClienteSAE":2949,"NombreCliente":"ESTUDIOS SISTEMAS Y CONSTRUCCIONES","IDUso":8,"NombreUso":"Losa","IDProducto":2773,"NombreProducto":"CONCRETO MR:45 Ag=40 Rev:10 A1 D","Remision":"G1/70694","CveCiudad":"GDL","NombreVendedor":"MIGUEL BAUTISTA"},{"Id_Viaje":3040025,"IDPedido":583021,"CargaViaje":7,"IDPlanta":13,"NombrePlantaViaje":"G1- VALLE DE LA MISERICORDIA","IDUnidad":186,"NombreUnidad":"CR-143","IDOperador":711,"NombreOperador":"MARCO ANTONIO GUZMAN","IDEstatusViaje":1,"NombreEstatus":"Despachado","FechaInicio":"2/17/2026 12:00:00 AM","HoraInicio":"12:30","HoraFin":"14:30","IDObra":2949006,"NombreObra":"BUGAMBILIA ESQ ORQUIDEA COLONIA AGRICOLA","IDClienteSAE":2949,"NombreCliente":"ESTUDIOS SISTEMAS Y CONSTRUCCIONES","IDUso":8,"NombreUso":"Losa","IDProducto":2773,"NombreProducto":"CONCRETO MR:45 Ag=40 Rev:10 A1 D","Remision":"G1/70695","CveCiudad":"GDL","NombreVendedor":"MIGUEL BAUTISTA"},{"Id_Viaje":3040027,"IDPedido":583021,"CargaViaje":7,"IDPlanta":13,"NombrePlantaViaje":"G1- VALLE DE LA MISERICORDIA","IDUnidad":187,"NombreUnidad":"CR-144","IDOperador":715,"NombreOperador":"JUAN LUIS LARES","IDEstatusViaje":1,"NombreEstatus":"Despachado","FechaInicio":"2/17/2026 12:00:00 AM","HoraInicio":"15:00","HoraFin":"17:00","IDObra":2949006,"NombreObra":"BUGAMBILIA ESQ ORQUIDEA COLONIA AGRICOLA","IDClienteSAE":2949,"NombreCliente":"ESTUDIOS SISTEMAS Y CONSTRUCCIONES","IDUso":8,"NombreUso":"Losa","IDProducto":2773,"NombreProducto":"CONCRETO MR:45 Ag=40 Rev:10 A1 D","Remision":"G1/70696","CveCiudad":"GDL","NombreVendedor":"MIGUEL BAUTISTA"},{"Id_Viaje":3040041,"IDPedido":583069,"CargaViaje":6,"IDPlanta":20,"NombrePlantaViaje":"A1-Ojo Caliente","IDUnidad":106,"NombreUnidad":"CR-157","IDOperador":48,"NombreOperador":"ROBERTO GONGORA","IDEstatusViaje":1,"NombreEstatus":"Despachado","FechaInicio":"2/17/2026 12:00:00 AM","HoraInicio":"11:30","HoraFin":"13:30","IDObra":4964002,"NombreObra":"BOSQUES PROVIDENCIA","IDClienteSAE":4964,"NombreCliente":"CONSTRUCTORA SAN JOSE PREMIER","IDUso":8,"NombreUso":"Losa","IDProducto":1160,"NombreProducto":"CONCRETO f\u0027c:200 Ag=20 Rev:14 R3 B","Remision":"A1/96502","CveCiudad":"AGS","NombreVendedor":"HECTOR VILLANUEVA"},{"Id_Viaje":3040043,"IDPedido":583056,"CargaViaje":2.5,"IDPlanta":23,"NombrePlantaViaje":"L1-Leon","IDUnidad":296,"NombreUnidad":"CR-027","IDOperador":773,"NombreOperador":"OMAR RODRIGO FRANCO","IDEstatusViaje":1,"NombreEstatus":"Despachado","FechaInicio":"2/17/2026 12:00:00 AM","HoraInicio":"10:00","HoraFin":"12:00","IDObra":1104019,"NombreObra":"reserva premier","IDClienteSAE":1104,"NombreCliente":"INMOBILIARIA PROXIMA","IDUso":19,"NombreUso":"Loza de Entrepiso","IDProducto":1227,"NombreProducto":"CONCRETO f\u0027c:200 Ag=20 Rev:14 A1 B","Remision":"L1/41040","CveCiudad":"LEON","NombreVendedor":"OFICINA MATRIZ"},{"Id_Viaje":3040061,"IDPedido":583071,"CargaViaje":7,"IDPlanta":31,"NombrePlantaViaje":"G3-Tlajomulco","IDUnidad":190,"NombreUnidad":"CR-081","IDOperador":102,"NombreOperador":"ALFONSO OVALLE","IDEstatusViaje":1,"NombreEstatus":"Despachado","FechaInicio":"2/17/2026 12:00:00 AM","HoraInicio":"12:30","HoraFin":"14:30","IDObra":2949006,"NombreObra":"BUGAMBILIA ESQ ORQUIDEA COLONIA AGRICOLA","IDClienteSAE":2949,"NombreCliente":"ESTUDIOS SISTEMAS Y CONSTRUCCIONES","IDUso":8,"NombreUso":"Losa","IDProducto":2773,"NombreProducto":"CONCRETO MR:45 Ag=40 Rev:10 A1 D","Remision":"G3/49915","CveCiudad":"GDL","NombreVendedor":"MIGUEL BAUTISTA"},{"Id_Viaje":3040063,"IDPedido":583071,"CargaViaje":7,"IDPlanta":31,"NombrePlantaViaje":"G3-Tlajomulco","IDUnidad":151,"NombreUnidad":"CR-086","IDOperador":102,"NombreOperador":"ALFONSO OVALLE","IDEstatusViaje":1,"NombreEstatus":"Despachado","FechaInicio":"2/17/2026 12:00:00 AM","HoraInicio":"14:30","HoraFin":"16:30","IDObra":2949006,"NombreObra":"BUGAMBILIA ESQ ORQUIDEA COLONIA AGRICOLA","IDClienteSAE":2949,"NombreCliente":"ESTUDIOS SISTEMAS Y CONSTRUCCIONES","IDUso":8,"NombreUso":"Losa","IDProducto":2773,"NombreProducto":"CONCRETO MR:45 Ag=40 Rev:10 A1 D","Remision":"G3/49916","CveCiudad":"GDL","NombreVendedor":"MIGUEL BAUTISTA"},{"Id_Viaje":3040109,"IDPedido":583032,"CargaViaje":5.5,"IDPlanta":13,"NombrePlantaViaje":"G1- VALLE DE LA MISERICORDIA","IDUnidad":316,"NombreUnidad":"CR-013","IDOperador":40,"NombreOperador":"JUAN PABLO ESCOBAR","IDEstatusViaje":1,"NombreEstatus":"Despachado","FechaInicio":"2/17/2026 12:00:00 AM","HoraInicio":"09:30","HoraFin":"11:30","IDObra":4692003,"NombreObra":"AV MONTE SEVILLA ESQUINA MONTE REYES COLONIA CHULAVISTA","IDClienteSAE":4692,"NombreCliente":"MEDGAR CONSTRUCCIONES","IDUso":80,"NombreUso":"Banqueta Lavada","IDProducto":3279,"NombreProducto":"CONCRETO f\u0027c:200 Ag=10 Rev:10 A1 D","Remision":"G1/70699","CveCiudad":"GDL","NombreVendedor":"RODOLFO ARREDONDO"},{"Id_Viaje":3040113,"IDPedido":583052,"CargaViaje":1.5,"IDPlanta":36,"NombrePlantaViaje":"Q1-Apaseo","IDUnidad":274,"NombreUnidad":"CR-208","IDOperador":1647,"NombreOperador":"JOSE GUADALUPE LEDESMA","IDEstatusViaje":2,"NombreEstatus":"Entregado","FechaInicio":"2/17/2026 12:00:00 AM","HoraInicio":"09:00","HoraFin":"11:00","IDObra":1387001,"NombreObra":"LOS SENDEROS RESIDENCIAL","IDClienteSAE":1387,"NombreCliente":"PROYECTOS MADIM","IDUso":2,"NombreUso":"Cimentacion","IDProducto":4355,"NombreProducto":"CONCRETO f\u0027c=250 Ag=20 Rev=10 D 28","Remision":"Q1/11535","CveCiudad":"QRO","NombreVendedor":"MIGUEL ANGEL GUTIERREZ"},{"Id_Viaje":3040115,"IDPedido":583048,"CargaViaje":7,"IDPlanta":34,"NombrePlantaViaje":"A2-San Francisco","IDUnidad":48,"NombreUnidad":"CR-063 ZRB","IDOperador":1500,"NombreOperador":"RICARDO CHAVEZ","IDEstatusViaje":1,"NombreEstatus":"Despachado","FechaInicio":"2/17/2026 12:00:00 AM","HoraInicio":"13:00","HoraFin":"15:00","IDObra":4510002,"NombreObra":"CONSTITUCION","IDClienteSAE":4510,"NombreCliente":"MARIA MAGDALENA CULEBRO PINTO","IDUso":25,"NombreUso":"Pavimento","IDProducto":10760,"NombreProducto":"CONCRETO MR=42 Ag=40 Rev=10 D 28","Remision":"A2/41621","CveCiudad":"AGS","NombreVendedor":"HECTOR VILLANUEVA"},{"Id_Viaje":3040122,"IDPedido":583041,"CargaViaje":5.5,"IDPlanta":20,"NombrePlantaViaje":"A1-Ojo Caliente","IDUnidad":329,"NombreUnidad":"CR-179","IDOperador":790,"NombreOperador":"JOSE RAUL DE LEON","IDEstatusViaje":1,"NombreEstatus":"Despachado","FechaInicio":"2/17/2026 12:00:00 AM","HoraInicio":"14:00","HoraFin":"16:00","IDObra":4071001,"NombreObra":"colinas de san patricio","IDClienteSAE":4071,"NombreCliente":"SERVICIOS DE VIVIENDA","IDUso":19,"NombreUso":"Loza de Entrepiso","IDProducto":1022,"NombreProducto":"CONCRETO f\u0027c:200 Ag=20 Rev:14 A1 B","Remision":"A1/96503","CveCiudad":"AGS","NombreVendedor":"CASA CASA"},{"Id_Viaje":3040124,"IDPedido":583065,"CargaViaje":3,"IDPlanta":23,"NombrePlantaViaje":"L1-Leon","IDUnidad":353,"NombreUnidad":"CR-221 XRG","IDOperador":1624,"NombreOperador":"JUAN VICTOR PEREZ","IDEstatusViaje":1,"NombreEstatus":"Despachado","FechaInicio":"2/17/2026 12:00:00 AM","HoraInicio":"15:00","HoraFin":"17:00","IDObra":3166001,"NombreObra":"ROBR2 UNION DE SAN ANTONIO","IDClienteSAE":3166,"NombreCliente":"ROBR2 CONSTRUCCIONES","IDUso":15,"NombreUso":"Zapatas","IDProducto":1219,"NombreProducto":"CONCRETO f\u0027c:200 Ag=20. Rev: 10 A1 D","Remision":"L1/41041","CveCiudad":"LEON","NombreVendedor":"OFICINA MATRIZ"},{"Id_Viaje":3040126,"IDPedido":582982,"CargaViaje":4,"IDPlanta":16,"NombrePlantaViaje":"M6-Juarez","IDUnidad":347,"NombreUnidad":"CR-099","IDOperador":1190,"NombreOperador":"SAUL GUAJARDO","IDEstatusViaje":2,"NombreEstatus":"Entregado","FechaInicio":"2/17/2026 12:00:00 AM","HoraInicio":"15:00","HoraFin":"17:00","IDObra":4947068,"NombreObra":"valle real","IDClienteSAE":4947,"NombreCliente":"CONCRETOS DELESE","IDUso":8,"NombreUso":"Losa","IDProducto":1544,"NombreProducto":"CONCRETO f\u0027c=200 Ag=20 Rev=18 A1 D","Remision":"M6/67123","CveCiudad":"MTY","NombreVendedor":"OMAR HECTOR ARTEAGA"},{"Id_Viaje":3040128,"IDPedido":582982,"CargaViaje":4.5,"IDPlanta":16,"NombrePlantaViaje":"M6-Juarez","IDUnidad":371,"NombreUnidad":"CR-008","IDOperador":1199,"NombreOperador":"GABRIEL RIVERA","IDEstatusViaje":2,"NombreEstatus":"Entregado","FechaInicio":"2/17/2026 12:00:00 AM","HoraInicio":"15:10","HoraFin":"17:10","IDObra":4947068,"NombreObra":"valle real","IDClienteSAE":4947,"NombreCliente":"CONCRETOS DELESE","IDUso":8,"NombreUso":"Losa","IDProducto":1544,"NombreProducto":"CONCRETO f\u0027c=200 Ag=20 Rev=18 A1 D","Remision":"M6/67122","CveCiudad":"MTY","NombreVendedor":"OMAR HECTOR ARTEAGA"},{"Id_Viaje":3040130,"IDPedido":583051,"CargaViaje":1.5,"IDPlanta":30,"NombrePlantaViaje":"P1-Coronango","IDUnidad":250,"NombreUnidad":"CR-180","IDOperador":1011,"NombreOperador":"ALBERTO JESUS ALVAREZ","IDEstatusViaje":1,"NombreEstatus":"Despachado","FechaInicio":"2/17/2026 12:00:00 AM","HoraInicio":"08:00","HoraFin":"10:00","IDObra":1852001,"NombreObra":"REAL DE GUADALUPE","IDClienteSAE":1852,"NombreCliente":"NICOLAS TENAHUA COYOTL","IDUso":8,"NombreUso":"Losa","IDProducto":10975,"NombreProducto":"CONCRETO f\u0027c: 250 Ag=20 Rev.14 A1 B","Remision":"P1/38592","CveCiudad":"PUE","NombreVendedor":"GUADALUPE HERNANDEZ"},{"Id_Viaje":3040132,"IDPedido":583076,"CargaViaje":3,"IDPlanta":36,"NombrePlantaViaje":"Q1-Apaseo","IDUnidad":260,"NombreUnidad":"CR-206","IDOperador":1484,"NombreOperador":"JOSE HIPOLITO MEJIA","IDEstatusViaje":2,"NombreEstatus":"Entregado","FechaInicio":"2/17/2026 12:00:00 AM","HoraInicio":"14:30","HoraFin":"16:30","IDObra":1012001,"NombreObra":"arimatea - meseta habitatt","IDClienteSAE":1012,"NombreCliente":"INMOBILIARIA GESTORIA Y ASESORIA","IDUso":2,"NombreUso":"Cimentacion","IDProducto":4355,"NombreProducto":"CONCRETO f\u0027c=250 Ag=20 Rev=10 D 28","Remision":"Q1/11536","CveCiudad":"QRO","NombreVendedor":"YIMI EDUARDO VAZQUEZ"},{"Id_Viaje":3040134,"IDPedido":583060,"CargaViaje":3,"IDPlanta":23,"NombrePlantaViaje":"L1-Leon","IDUnidad":354,"NombreUnidad":"CR-226 2RH","IDOperador":1329,"NombreOperador":"CHRISTIAN ALEJANDRO ARENAS","IDEstatusViaje":1,"NombreEstatus":"Despachado","FechaInicio":"2/17/2026 12:00:00 AM","HoraInicio":"15:00","HoraFin":"17:00","IDObra":1004013,"NombreObra":"sacromonte 7","IDClienteSAE":1004,"NombreCliente":"INMOBILIARIA GESTORIA Y ASESORIA","IDUso":21,"NombreUso":"Castillos","IDProducto":11361,"NombreProducto":"CONCRETO f\u0027c=150 Ag=10 Rev=14 D 28","Remision":"L1/41043","CveCiudad":"LEON","NombreVendedor":"OFICINA MATRIZ"},{"Id_Viaje":3040136,"IDPedido":583053,"CargaViaje":3,"IDPlanta":23,"NombrePlantaViaje":"L1-Leon","IDUnidad":77,"NombreUnidad":"CR193-1RG","IDOperador":1623,"NombreOperador":"JORGE IGNACIO NEGRETE","IDEstatusViaje":1,"NombreEstatus":"Despachado","FechaInicio":"2/17/2026 12:00:00 AM","HoraInicio":"14:30","HoraFin":"16:30","IDObra":2967005,"NombreObra":"CASTORES;JOSE MARIA MORELOS","IDClienteSAE":2967,"NombreCliente":"ARQUIA","IDUso":38,"NombreUso":"Canal","IDProducto":2805,"NombreProducto":"CONCRETO f\u0027c:100 Ag=20 Rev:10 A1 D","Remision":"L1/41042","CveCiudad":"LEON","NombreVendedor":"OFICINA MATRIZ"},{"Id_Viaje":3040138,"IDPedido":583075,"CargaViaje":4.5,"IDPlanta":20,"NombrePlantaViaje":"A1-Ojo Caliente","IDUnidad":168,"NombreUnidad":"CR-181","IDOperador":43,"NombreOperador":"CARLOS VALDEZ","IDEstatusViaje":1,"NombreEstatus":"Despachado","FechaInicio":"2/17/2026 12:00:00 AM","HoraInicio":"13:40","HoraFin":"15:40","IDObra":4071001,"NombreObra":"colinas de san patricio","IDClienteSAE":4071,"NombreCliente":"SERVICIOS DE VIVIENDA","IDUso":2,"NombreUso":"Cimentacion","IDProducto":1014,"NombreProducto":"CONCRETO f\u0027c:200 Ag=20. Rev: 10 A1 D","Remision":"A1/96504","CveCiudad":"AGS","NombreVendedor":"CASA CASA"},{"Id_Viaje":3040140,"IDPedido":583074,"CargaViaje":4.5,"IDPlanta":20,"NombrePlantaViaje":"A1-Ojo Caliente","IDUnidad":358,"NombreUnidad":"CR-220 WRG","IDOperador":1505,"NombreOperador":"RAUL DE LEON","IDEstatusViaje":1,"NombreEstatus":"Despachado","FechaInicio":"2/17/2026 12:00:00 AM","HoraInicio":"14:30","HoraFin":"16:30","IDObra":4071001,"NombreObra":"colinas de san patricio","IDClienteSAE":4071,"NombreCliente":"SERVICIOS DE VIVIENDA","IDUso":2,"NombreUso":"Cimentacion","IDProducto":1014,"NombreProducto":"CONCRETO f\u0027c:200 Ag=20. Rev: 10 A1 D","Remision":"A1/96505","CveCiudad":"AGS","NombreVendedor":"CASA CASA"},{"Id_Viaje":3040142,"IDPedido":583077,"CargaViaje":5,"IDPlanta":30,"NombrePlantaViaje":"P1-Coronango","IDUnidad":196,"NombreUnidad":"CR-159","IDOperador":1013,"NombreOperador":"ALEJANDRO ARCE","IDEstatusViaje":1,"NombreEstatus":"Despachado","FechaInicio":"2/17/2026 12:00:00 AM","HoraInicio":"15:00","HoraFin":"17:00","IDObra":845011,"NombreObra":"fracc platiniO","IDClienteSAE":845,"NombreCliente":"GRUPO BRECASA","IDUso":21,"NombreUso":"Castillos","IDProducto":11315,"NombreProducto":"CONCRETO f\u0027c=200 Ag=10 Rev=14 D 28","Remision":"P1/38593","CveCiudad":"PUE","NombreVendedor":"VENDEDOR PUEBLA ."},{"Id_Viaje":3040156,"IDPedido":583043,"CargaViaje":2.5,"IDPlanta":20,"NombrePlantaViaje":"A1-Ojo Caliente","IDUnidad":359,"NombreUnidad":"CR-25","IDOperador":48,"NombreOperador":"ROBERTO GONGORA","IDEstatusViaje":1,"NombreEstatus":"Despachado","FechaInicio":"2/17/2026 12:00:00 AM","HoraInicio":"15:30","HoraFin":"17:30","IDObra":2219001,"NombreObra":"mision de santa fe","IDClienteSAE":2219,"NombreCliente":"INMOBILIARIA PROXIMA","IDUso":30,"NombreUso":"Cisterna","IDProducto":2491,"NombreProducto":"CONCRETO f\u0027c:100 Ag=20 Rev:10 A1 D","Remision":"A1/96506","CveCiudad":"AGS","NombreVendedor":"CASA CASA"},{"Id_Viaje":3040166,"IDPedido":583084,"CargaViaje":6,"IDPlanta":36,"NombrePlantaViaje":"Q1-Apaseo","IDUnidad":279,"NombreUnidad":"CR-228","IDOperador":1612,"NombreOperador":"LUIS ALBERTO REYES","IDEstatusViaje":2,"NombreEstatus":"Entregado","FechaInicio":"2/17/2026 12:00:00 AM","HoraInicio":"16:00","HoraFin":"18:00","IDObra":1371003,"NombreObra":"MACROCEDIS KELLOGGS","IDClienteSAE":1371,"NombreCliente":"SERVICIOS INDUSTRIALES SOMA","IDUso":9,"NombreUso":"Muro","IDProducto":12112,"NombreProducto":"CONCRETO f\u0027c=250 Ag=10 Rev=12 B 28","Remision":"Q1/11537","CveCiudad":"QRO","NombreVendedor":"MIGUEL ANGEL GUTIERREZ"},{"Id_Viaje":3040168,"IDPedido":583084,"CargaViaje":6,"IDPlanta":36,"NombrePlantaViaje":"Q1-Apaseo","IDUnidad":266,"NombreUnidad":"CR-136","IDOperador":1585,"NombreOperador":"CARLOS ANTONIO VILLALVA","IDEstatusViaje":2,"NombreEstatus":"Entregado","FechaInicio":"2/17/2026 12:00:00 AM","HoraInicio":"16:10","HoraFin":"18:10","IDObra":1371003,"NombreObra":"MACROCEDIS KELLOGGS","IDClienteSAE":1371,"NombreCliente":"SERVICIOS INDUSTRIALES SOMA","IDUso":9,"NombreUso":"Muro","IDProducto":12112,"NombreProducto":"CONCRETO f\u0027c=250 Ag=10 Rev=12 B 28","Remision":"Q1/11538","CveCiudad":"QRO","NombreVendedor":"MIGUEL ANGEL GUTIERREZ"},{"Id_Viaje":3040170,"IDPedido":583084,"CargaViaje":6,"IDPlanta":36,"NombrePlantaViaje":"Q1-Apaseo","IDUnidad":268,"NombreUnidad":"CR-137","IDOperador":1684,"NombreOperador":"BENJAMIN ROMAN","IDEstatusViaje":2,"NombreEstatus":"Entregado","FechaInicio":"2/17/2026 12:00:00 AM","HoraInicio":"16:20","HoraFin":"18:20","IDObra":1371003,"NombreObra":"MACROCEDIS KELLOGGS","IDClienteSAE":1371,"NombreCliente":"SERVICIOS INDUSTRIALES SOMA","IDUso":9,"NombreUso":"Muro","IDProducto":12112,"NombreProducto":"CONCRETO f\u0027c=250 Ag=10 Rev=12 B 28","Remision":"Q1/11539","CveCiudad":"QRO","NombreVendedor":"MIGUEL ANGEL GUTIERREZ"},{"Id_Viaje":3040184,"IDPedido":583042,"CargaViaje":3.5,"IDPlanta":20,"NombrePlantaViaje":"A1-Ojo Caliente","IDUnidad":295,"NombreUnidad":"CR-065","IDOperador":675,"NombreOperador":"JUAN ANTONIO HERRERA","IDEstatusViaje":1,"NombreEstatus":"Despachado","FechaInicio":"2/17/2026 12:00:00 AM","HoraInicio":"15:00","HoraFin":"17:00","IDObra":3435010,"NombreObra":"GUADALUPE PERALTA","IDClienteSAE":3435,"NombreCliente":"ATECO","IDUso":25,"NombreUso":"Pavimento","IDProducto":3563,"NombreProducto":"CONCRETO MR= 45 Ag=40 Rev:10 R3 D.","Remision":"A1/96507","CveCiudad":"AGS","NombreVendedor":"HECTOR VILLANUEVA"},{"Id_Viaje":3040186,"IDPedido":583008,"CargaViaje":4,"IDPlanta":18,"NombrePlantaViaje":"M7-Salinas","IDUnidad":315,"NombreUnidad":"CR-232","IDOperador":1452,"NombreOperador":"VICTOR LOPEZ","IDEstatusViaje":2,"NombreEstatus":"Entregado","FechaInicio":"2/17/2026 12:00:00 AM","HoraInicio":"23:30","HoraFin":"01:30","IDObra":3828026,"NombreObra":"oxxo antartida","IDClienteSAE":3828,"NombreCliente":"VEGA PONCE CONSTRUCCIONES","IDUso":8,"NombreUso":"Losa","IDProducto":491,"NombreProducto":"CONCRETO f\u0027c=200 Ag=20 Rev=14 A1 B","Remision":"M7/41068","CveCiudad":"MTY","NombreVendedor":"CASA PROGRAMACION"},{"Id_Viaje":3040219,"IDPedido":582863,"CargaViaje":7,"IDPlanta":19,"NombrePlantaViaje":"M1-Apodaca","IDUnidad":315,"NombreUnidad":"CR-232","IDOperador":1452,"NombreOperador":"VICTOR LOPEZ","IDEstatusViaje":2,"NombreEstatus":"Entregado","FechaInicio":"2/17/2026 12:00:00 AM","HoraInicio":"23:30","HoraFin":"01:30","IDObra":12154003,"NombreObra":"heb la fe","IDClienteSAE":12154,"NombreCliente":"EDIFICADORA INDUSTRIAL DEL RIO","IDUso":1,"NombreUso":"Banqueta","IDProducto":513,"NombreProducto":"CONCRETO f\u0027c=200 Ag=20 Rev=14 A1 D","Remision":"M1/91195","CveCiudad":"MTY","NombreVendedor":"CESAR LUNA"}]