[{"Id_Viaje":3037887,"IDPedido":582237,"CargaViaje":4,"IDPlanta":16,"NombrePlantaViaje":"M6-Juarez","IDUnidad":371,"NombreUnidad":"CR-008","IDOperador":1199,"NombreOperador":"GABRIEL RIVERA","IDEstatusViaje":2,"NombreEstatus":"Entregado","FechaInicio":"2/12/2026 12:00:00 AM","HoraInicio":"07:00","HoraFin":"09:00","IDObra":12040002,"NombreObra":"dalias ii residencial","IDClienteSAE":12040,"NombreCliente":"BLANCA NELLY HERRERA FLORES","IDUso":1,"NombreUso":"Banqueta","IDProducto":1512,"NombreProducto":"CONCRETO f\u0027c=100 Ag=20 Rev=14 A1 D","Remision":"M6/67081","CveCiudad":"MTY","NombreVendedor":"OMAR HECTOR ARTEAGA"},{"Id_Viaje":3038026,"IDPedido":582606,"CargaViaje":6,"IDPlanta":15,"NombrePlantaViaje":"M5-Santiago","IDUnidad":28,"NombreUnidad":"CR-241","IDOperador":1509,"NombreOperador":"JUAN LUIS ROCHA","IDEstatusViaje":2,"NombreEstatus":"Entregado","FechaInicio":"2/12/2026 12:00:00 AM","HoraInicio":"11:00","HoraFin":"13:00","IDObra":12191002,"NombreObra":"los encinos","IDClienteSAE":12191,"NombreCliente":"INGENIERIA DE PAVIMENTOS ASFALTICOS Y TOPOGRAFIA","IDUso":1,"NombreUso":"Banqueta","IDProducto":513,"NombreProducto":"CONCRETO f\u0027c=200 Ag=20 Rev=14 A1 D","Remision":"M5/37080","CveCiudad":"MTY","NombreVendedor":"CASA PROGRAMACION"},{"Id_Viaje":3038030,"IDPedido":582607,"CargaViaje":7,"IDPlanta":18,"NombrePlantaViaje":"M7-Salinas","IDUnidad":242,"NombreUnidad":"CR - 150","IDOperador":1750,"NombreOperador":"BARTOLO HERNANDEZ","IDEstatusViaje":2,"NombreEstatus":"Entregado","FechaInicio":"2/12/2026 12:00:00 AM","HoraInicio":"08:00","HoraFin":"10:00","IDObra":12235002,"NombreObra":"kenworth cienega de flores","IDClienteSAE":12235,"NombreCliente":"JESUS ROMARIO GUERRERO MARTINEZ","IDUso":2,"NombreUso":"Cimentacion","IDProducto":551,"NombreProducto":"CONCRETO f\u0027c=250 Ag=20 Rev=14 A1 D","Remision":"M7/41051","CveCiudad":"MTY","NombreVendedor":"CESAR LUNA"},{"Id_Viaje":3038218,"IDPedido":582664,"CargaViaje":7,"IDPlanta":7,"NombrePlantaViaje":"M2-Escobedo","IDUnidad":309,"NombreUnidad":"CR-117","IDOperador":1470,"NombreOperador":"ERICK BENJAMIN HERRERA","IDEstatusViaje":2,"NombreEstatus":"Entregado","FechaInicio":"2/12/2026 12:00:00 AM","HoraInicio":"07:30","HoraFin":"09:30","IDObra":8894025,"NombreObra":"cumbres platino","IDClienteSAE":8894,"NombreCliente":"ACRE PROMOTORA","IDUso":8,"NombreUso":"Losa","IDProducto":491,"NombreProducto":"CONCRETO f\u0027c=200 Ag=20 Rev=14 A1 B","Remision":"M2/79897","CveCiudad":"MTY","NombreVendedor":"SILVIA LOZANO"},{"Id_Viaje":3038240,"IDPedido":582600,"CargaViaje":1,"IDPlanta":11,"NombrePlantaViaje":"M4-Centro","IDUnidad":214,"NombreUnidad":"CR-170","IDOperador":1722,"NombreOperador":"EDGAR JAVIER MARROQUIN","IDEstatusViaje":2,"NombreEstatus":"Entregado","FechaInicio":"2/12/2026 12:00:00 AM","HoraInicio":"13:30","HoraFin":"15:30","IDObra":10580001,"NombreObra":"catehua","IDClienteSAE":10580,"NombreCliente":"LEMURA VIVIENDA","IDUso":26,"NombreUso":"Mortero","IDProducto":9993,"NombreProducto":"MORTERO f\u0027c=200 Kgf/cm2 Ag=4 R=18 A1 B","Remision":"M4/89117","CveCiudad":"MTY","NombreVendedor":"BLANCA P. GARZA"},{"Id_Viaje":3038243,"IDPedido":582601,"CargaViaje":7,"IDPlanta":11,"NombrePlantaViaje":"M4-Centro","IDUnidad":213,"NombreUnidad":"CR-171","IDOperador":1610,"NombreOperador":"MOISES ISRAEL HERNANDEZ","IDEstatusViaje":2,"NombreEstatus":"Entregado","FechaInicio":"2/12/2026 12:00:00 AM","HoraInicio":"13:10","HoraFin":"15:10","IDObra":10580001,"NombreObra":"catehua","IDClienteSAE":10580,"NombreCliente":"LEMURA VIVIENDA","IDUso":8,"NombreUso":"Losa","IDProducto":1557,"NombreProducto":"CONCRETO f\u0027c=250 Ag=20 Rev=18 A1 B","Remision":"M4/89127","CveCiudad":"MTY","NombreVendedor":"BLANCA P. GARZA"},{"Id_Viaje":3038245,"IDPedido":582601,"CargaViaje":7,"IDPlanta":11,"NombrePlantaViaje":"M4-Centro","IDUnidad":212,"NombreUnidad":"CR-172","IDOperador":1741,"NombreOperador":"YAUDEL VILLAMONTE","IDEstatusViaje":2,"NombreEstatus":"Entregado","FechaInicio":"2/12/2026 12:00:00 AM","HoraInicio":"13:20","HoraFin":"15:20","IDObra":10580001,"NombreObra":"catehua","IDClienteSAE":10580,"NombreCliente":"LEMURA VIVIENDA","IDUso":8,"NombreUso":"Losa","IDProducto":1557,"NombreProducto":"CONCRETO f\u0027c=250 Ag=20 Rev=18 A1 B","Remision":"M4/89123","CveCiudad":"MTY","NombreVendedor":"BLANCA P. GARZA"},{"Id_Viaje":3038247,"IDPedido":582601,"CargaViaje":7,"IDPlanta":11,"NombrePlantaViaje":"M4-Centro","IDUnidad":43,"NombreUnidad":"CR-173","IDOperador":1563,"NombreOperador":"JOSE ALFREDO DE LEON","IDEstatusViaje":2,"NombreEstatus":"Entregado","FechaInicio":"2/12/2026 12:00:00 AM","HoraInicio":"13:30","HoraFin":"15:30","IDObra":10580001,"NombreObra":"catehua","IDClienteSAE":10580,"NombreCliente":"LEMURA VIVIENDA","IDUso":8,"NombreUso":"Losa","IDProducto":1557,"NombreProducto":"CONCRETO f\u0027c=250 Ag=20 Rev=18 A1 B","Remision":"M4/89128","CveCiudad":"MTY","NombreVendedor":"BLANCA P. GARZA"},{"Id_Viaje":3038249,"IDPedido":582601,"CargaViaje":7,"IDPlanta":11,"NombrePlantaViaje":"M4-Centro","IDUnidad":206,"NombreUnidad":"CR-174","IDOperador":1692,"NombreOperador":"IVAN ENRIQUE PULGARIN","IDEstatusViaje":2,"NombreEstatus":"Entregado","FechaInicio":"2/12/2026 12:00:00 AM","HoraInicio":"13:40","HoraFin":"15:40","IDObra":10580001,"NombreObra":"catehua","IDClienteSAE":10580,"NombreCliente":"LEMURA VIVIENDA","IDUso":8,"NombreUso":"Losa","IDProducto":1557,"NombreProducto":"CONCRETO f\u0027c=250 Ag=20 Rev=18 A1 B","Remision":"M4/89126","CveCiudad":"MTY","NombreVendedor":"BLANCA P. GARZA"},{"Id_Viaje":3038251,"IDPedido":582601,"CargaViaje":7,"IDPlanta":11,"NombrePlantaViaje":"M4-Centro","IDUnidad":366,"NombreUnidad":"CR-235","IDOperador":1198,"NombreOperador":"ALEJANDRO TREVIÑO","IDEstatusViaje":2,"NombreEstatus":"Entregado","FechaInicio":"2/12/2026 12:00:00 AM","HoraInicio":"13:50","HoraFin":"15:50","IDObra":10580001,"NombreObra":"catehua","IDClienteSAE":10580,"NombreCliente":"LEMURA VIVIENDA","IDUso":8,"NombreUso":"Losa","IDProducto":1557,"NombreProducto":"CONCRETO f\u0027c=250 Ag=20 Rev=18 A1 B","Remision":"M4/89121","CveCiudad":"MTY","NombreVendedor":"BLANCA P. GARZA"},{"Id_Viaje":3038253,"IDPedido":582601,"CargaViaje":7,"IDPlanta":11,"NombrePlantaViaje":"M4-Centro","IDUnidad":8,"NombreUnidad":"CR-244","IDOperador":1151,"NombreOperador":"GERARDO GARCIA","IDEstatusViaje":2,"NombreEstatus":"Entregado","FechaInicio":"2/12/2026 12:00:00 AM","HoraInicio":"14:00","HoraFin":"16:00","IDObra":10580001,"NombreObra":"catehua","IDClienteSAE":10580,"NombreCliente":"LEMURA VIVIENDA","IDUso":8,"NombreUso":"Losa","IDProducto":1557,"NombreProducto":"CONCRETO f\u0027c=250 Ag=20 Rev=18 A1 B","Remision":"M4/89118","CveCiudad":"MTY","NombreVendedor":"BLANCA P. GARZA"},{"Id_Viaje":3038255,"IDPedido":582601,"CargaViaje":7,"IDPlanta":11,"NombrePlantaViaje":"M4-Centro","IDUnidad":376,"NombreUnidad":"CR-247","IDOperador":1466,"NombreOperador":"JOSE GUADALUPE ESMERALDA","IDEstatusViaje":2,"NombreEstatus":"Entregado","FechaInicio":"2/12/2026 12:00:00 AM","HoraInicio":"14:10","HoraFin":"16:10","IDObra":10580001,"NombreObra":"catehua","IDClienteSAE":10580,"NombreCliente":"LEMURA VIVIENDA","IDUso":8,"NombreUso":"Losa","IDProducto":1557,"NombreProducto":"CONCRETO f\u0027c=250 Ag=20 Rev=18 A1 B","Remision":"M4/89120","CveCiudad":"MTY","NombreVendedor":"BLANCA P. GARZA"},{"Id_Viaje":3038257,"IDPedido":582601,"CargaViaje":7,"IDPlanta":11,"NombrePlantaViaje":"M4-Centro","IDUnidad":173,"NombreUnidad":"CR-165","IDOperador":1758,"NombreOperador":"CESAR MICHEL CARREON","IDEstatusViaje":2,"NombreEstatus":"Entregado","FechaInicio":"2/12/2026 12:00:00 AM","HoraInicio":"14:20","HoraFin":"16:20","IDObra":10580001,"NombreObra":"catehua","IDClienteSAE":10580,"NombreCliente":"LEMURA VIVIENDA","IDUso":8,"NombreUso":"Losa","IDProducto":1557,"NombreProducto":"CONCRETO f\u0027c=250 Ag=20 Rev=18 A1 B","Remision":"M4/89119","CveCiudad":"MTY","NombreVendedor":"BLANCA P. GARZA"},{"Id_Viaje":3038259,"IDPedido":582601,"CargaViaje":7,"IDPlanta":11,"NombrePlantaViaje":"M4-Centro","IDUnidad":210,"NombreUnidad":"CR-166","IDOperador":1198,"NombreOperador":"ALEJANDRO TREVIÑO","IDEstatusViaje":2,"NombreEstatus":"Entregado","FechaInicio":"2/12/2026 12:00:00 AM","HoraInicio":"14:30","HoraFin":"16:30","IDObra":10580001,"NombreObra":"catehua","IDClienteSAE":10580,"NombreCliente":"LEMURA VIVIENDA","IDUso":8,"NombreUso":"Losa","IDProducto":1557,"NombreProducto":"CONCRETO f\u0027c=250 Ag=20 Rev=18 A1 B","Remision":"M4/89122","CveCiudad":"MTY","NombreVendedor":"BLANCA P. GARZA"},{"Id_Viaje":3038261,"IDPedido":582601,"CargaViaje":7,"IDPlanta":11,"NombrePlantaViaje":"M4-Centro","IDUnidad":214,"NombreUnidad":"CR-170","IDOperador":1722,"NombreOperador":"EDGAR JAVIER MARROQUIN","IDEstatusViaje":2,"NombreEstatus":"Entregado","FechaInicio":"2/12/2026 12:00:00 AM","HoraInicio":"14:40","HoraFin":"16:40","IDObra":10580001,"NombreObra":"catehua","IDClienteSAE":10580,"NombreCliente":"LEMURA VIVIENDA","IDUso":8,"NombreUso":"Losa","IDProducto":1557,"NombreProducto":"CONCRETO f\u0027c=250 Ag=20 Rev=18 A1 B","Remision":"M4/89124","CveCiudad":"MTY","NombreVendedor":"BLANCA P. GARZA"},{"Id_Viaje":3038263,"IDPedido":582601,"CargaViaje":7,"IDPlanta":11,"NombrePlantaViaje":"M4-Centro","IDUnidad":345,"NombreUnidad":"CR-231","IDOperador":1551,"NombreOperador":"ROGELIO MARTINEZ","IDEstatusViaje":2,"NombreEstatus":"Entregado","FechaInicio":"2/12/2026 12:00:00 AM","HoraInicio":"16:30","HoraFin":"17:00","IDObra":10580001,"NombreObra":"catehua","IDClienteSAE":10580,"NombreCliente":"LEMURA VIVIENDA","IDUso":8,"NombreUso":"Losa","IDProducto":1557,"NombreProducto":"CONCRETO f\u0027c=250 Ag=20 Rev=18 A1 B","Remision":"M4/89125","CveCiudad":"MTY","NombreVendedor":"BLANCA P. GARZA"},{"Id_Viaje":3038272,"IDPedido":582255,"CargaViaje":4,"IDPlanta":16,"NombrePlantaViaje":"M6-Juarez","IDUnidad":338,"NombreUnidad":"CR-204","IDOperador":1117,"NombreOperador":"JUAN FERNANDO TOBIAS","IDEstatusViaje":1,"NombreEstatus":"Despachado","FechaInicio":"2/12/2026 12:00:00 AM","HoraInicio":"10:00","HoraFin":"12:00","IDObra":10117012,"NombreObra":"corfu residencial","IDClienteSAE":10117,"NombreCliente":"RESIDE INMUEBLES","IDUso":7,"NombreUso":"Firme","IDProducto":483,"NombreProducto":"CONCRETO f\u0027c=200 Ag=20. Rev=10 A1 D","Remision":"M6/67082","CveCiudad":"MTY","NombreVendedor":"ENRIQUE ALVAREZ"},{"Id_Viaje":3038274,"IDPedido":582659,"CargaViaje":5,"IDPlanta":16,"NombrePlantaViaje":"M6-Juarez","IDUnidad":342,"NombreUnidad":"CR-223","IDOperador":1143,"NombreOperador":"FERNANDO TEY","IDEstatusViaje":2,"NombreEstatus":"Entregado","FechaInicio":"2/12/2026 12:00:00 AM","HoraInicio":"11:00","HoraFin":"13:00","IDObra":4947068,"NombreObra":"valle real","IDClienteSAE":4947,"NombreCliente":"CONCRETOS DELESE","IDUso":7,"NombreUso":"Firme","IDProducto":1544,"NombreProducto":"CONCRETO f\u0027c=200 Ag=20 Rev=18 A1 D","Remision":"M6/67084","CveCiudad":"MTY","NombreVendedor":"OMAR HECTOR ARTEAGA"},{"Id_Viaje":3038276,"IDPedido":582659,"CargaViaje":5.5,"IDPlanta":16,"NombrePlantaViaje":"M6-Juarez","IDUnidad":228,"NombreUnidad":"CR-224","IDOperador":1146,"NombreOperador":"LUIS ANTONIO VEGA","IDEstatusViaje":2,"NombreEstatus":"Entregado","FechaInicio":"2/12/2026 12:00:00 AM","HoraInicio":"11:10","HoraFin":"13:10","IDObra":4947068,"NombreObra":"valle real","IDClienteSAE":4947,"NombreCliente":"CONCRETOS DELESE","IDUso":7,"NombreUso":"Firme","IDProducto":1544,"NombreProducto":"CONCRETO f\u0027c=200 Ag=20 Rev=18 A1 D","Remision":"M6/67083","CveCiudad":"MTY","NombreVendedor":"OMAR HECTOR ARTEAGA"},{"Id_Viaje":3038288,"IDPedido":582448,"CargaViaje":7,"IDPlanta":19,"NombrePlantaViaje":"M1-Apodaca","IDUnidad":40,"NombreUnidad":"CR-031","IDOperador":1157,"NombreOperador":"JUAN JOSE ROSARIO LOPEZ","IDEstatusViaje":2,"NombreEstatus":"Entregado","FechaInicio":"2/12/2026 12:00:00 AM","HoraInicio":"08:00","HoraFin":"10:00","IDObra":12154003,"NombreObra":"heb la fe","IDClienteSAE":12154,"NombreCliente":"EDIFICADORA INDUSTRIAL DEL RIO","IDUso":1,"NombreUso":"Banqueta","IDProducto":513,"NombreProducto":"CONCRETO f\u0027c=200 Ag=20 Rev=14 A1 D","Remision":"M1/91141","CveCiudad":"MTY","NombreVendedor":"CESAR LUNA"},{"Id_Viaje":3038308,"IDPedido":582672,"CargaViaje":7,"IDPlanta":18,"NombrePlantaViaje":"M7-Salinas","IDUnidad":46,"NombreUnidad":"CR-061","IDOperador":1440,"NombreOperador":"HECTOR ALEJANDRO SALAZAR","IDEstatusViaje":2,"NombreEstatus":"Entregado","FechaInicio":"2/12/2026 12:00:00 AM","HoraInicio":"13:30","HoraFin":"15:30","IDObra":11720003,"NombreObra":"multiparque norte","IDClienteSAE":11720,"NombreCliente":"DOBLE H INGENIERIA Y ARQUITECTURA","IDUso":2,"NombreUso":"Cimentacion","IDProducto":511,"NombreProducto":"CONCRETO f\u0027c=250 Ag=20 Rev=14 A1 B","Remision":"M7/41053","CveCiudad":"MTY","NombreVendedor":"CESAR LUNA"},{"Id_Viaje":3038310,"IDPedido":582672,"CargaViaje":7,"IDPlanta":18,"NombrePlantaViaje":"M7-Salinas","IDUnidad":306,"NombreUnidad":"CR-197","IDOperador":963,"NombreOperador":"ROGELIO PEÑA","IDEstatusViaje":2,"NombreEstatus":"Entregado","FechaInicio":"2/12/2026 12:00:00 AM","HoraInicio":"13:40","HoraFin":"15:40","IDObra":11720003,"NombreObra":"multiparque norte","IDClienteSAE":11720,"NombreCliente":"DOBLE H INGENIERIA Y ARQUITECTURA","IDUso":2,"NombreUso":"Cimentacion","IDProducto":511,"NombreProducto":"CONCRETO f\u0027c=250 Ag=20 Rev=14 A1 B","Remision":"M7/41054","CveCiudad":"MTY","NombreVendedor":"CESAR LUNA"},{"Id_Viaje":3038325,"IDPedido":582678,"CargaViaje":7,"IDPlanta":8,"NombrePlantaViaje":"M3-Santa","IDUnidad":35,"NombreUnidad":"CR-051","IDOperador":1477,"NombreOperador":"JONATHAN PABLO ROJAS","IDEstatusViaje":2,"NombreEstatus":"Entregado","FechaInicio":"2/12/2026 12:00:00 AM","HoraInicio":"15:00","HoraFin":"17:00","IDObra":9882014,"NombreObra":"magna park","IDClienteSAE":9882,"NombreCliente":"FINISTERRE CAPITAL","IDUso":15,"NombreUso":"Zapatas","IDProducto":483,"NombreProducto":"CONCRETO f\u0027c=200 Ag=20. Rev=10 A1 D","Remision":"M3/42715","CveCiudad":"MTY","NombreVendedor":"ENRIQUE ALVAREZ"},{"Id_Viaje":3038327,"IDPedido":582678,"CargaViaje":7,"IDPlanta":8,"NombrePlantaViaje":"M3-Santa","IDUnidad":337,"NombreUnidad":"CR-200","IDOperador":1462,"NombreOperador":"JOSE LUIS RODRIGUEZ","IDEstatusViaje":2,"NombreEstatus":"Entregado","FechaInicio":"2/12/2026 12:00:00 AM","HoraInicio":"15:10","HoraFin":"17:10","IDObra":9882014,"NombreObra":"magna park","IDClienteSAE":9882,"NombreCliente":"FINISTERRE CAPITAL","IDUso":15,"NombreUso":"Zapatas","IDProducto":483,"NombreProducto":"CONCRETO f\u0027c=200 Ag=20. Rev=10 A1 D","Remision":"M3/42716","CveCiudad":"MTY","NombreVendedor":"ENRIQUE ALVAREZ"},{"Id_Viaje":3038359,"IDPedido":582682,"CargaViaje":4,"IDPlanta":19,"NombrePlantaViaje":"M1-Apodaca","IDUnidad":378,"NombreUnidad":"CR-104","IDOperador":1534,"NombreOperador":"MIGUEL ANGEL ZAPATA","IDEstatusViaje":2,"NombreEstatus":"Entregado","FechaInicio":"2/12/2026 12:00:00 AM","HoraInicio":"10:00","HoraFin":"12:00","IDObra":11302015,"NombreObra":"casa blanca","IDClienteSAE":11302,"NombreCliente":"LUZ DE PARIS","IDUso":1,"NombreUso":"Banqueta","IDProducto":589,"NombreProducto":"CONCRETO f\u0027c=150 Ag=20 Rev=12 A1 D","Remision":"M1/91140","CveCiudad":"MTY","NombreVendedor":"BLANCA P. GARZA"},{"Id_Viaje":3038383,"IDPedido":582685,"CargaViaje":7,"IDPlanta":31,"NombrePlantaViaje":"G3-Tlajomulco","IDUnidad":320,"NombreUnidad":"CR-131","IDOperador":736,"NombreOperador":"GREGORIO GONZALEZ","IDEstatusViaje":1,"NombreEstatus":"Despachado","FechaInicio":"2/12/2026 12:00:00 AM","HoraInicio":"09:30","HoraFin":"11:30","IDObra":4268034,"NombreObra":"CALLE CLAVEL ENTRE HORTENSIA Y GLADIOLA COLONIA LA TIJERA","IDClienteSAE":4268,"NombreCliente":"JAVIER AVALOS MARQUEZ","IDUso":80,"NombreUso":"Banqueta Lavada","IDProducto":3279,"NombreProducto":"CONCRETO f\u0027c:200 Ag=10 Rev:10 A1 D","Remision":"G3/49879","CveCiudad":"GDL","NombreVendedor":"RODOLFO ARREDONDO"},{"Id_Viaje":3038385,"IDPedido":582686,"CargaViaje":7,"IDPlanta":31,"NombrePlantaViaje":"G3-Tlajomulco","IDUnidad":321,"NombreUnidad":"CR-138","IDOperador":102,"NombreOperador":"ALFONSO OVALLE","IDEstatusViaje":1,"NombreEstatus":"Despachado","FechaInicio":"2/12/2026 12:00:00 AM","HoraInicio":"13:00","HoraFin":"15:00","IDObra":4634029,"NombreObra":"AQUILES SERDAN # 108 ZACOALCO","IDClienteSAE":4634,"NombreCliente":"TECNO CONSTRUCCIONES ROCA","IDUso":77,"NombreUso":"Piso Pulido","IDProducto":11453,"NombreProducto":"CONCRETO f\u0027c=200 Ag=20 Rev=10 D 28","Remision":"G3/49876","CveCiudad":"GDL","NombreVendedor":"RODOLFO ARREDONDO"},{"Id_Viaje":3038387,"IDPedido":582686,"CargaViaje":7,"IDPlanta":31,"NombrePlantaViaje":"G3-Tlajomulco","IDUnidad":323,"NombreUnidad":"CR-176","IDOperador":102,"NombreOperador":"ALFONSO OVALLE","IDEstatusViaje":1,"NombreEstatus":"Despachado","FechaInicio":"2/12/2026 12:00:00 AM","HoraInicio":"16:00","HoraFin":"18:00","IDObra":4634029,"NombreObra":"AQUILES SERDAN # 108 ZACOALCO","IDClienteSAE":4634,"NombreCliente":"TECNO CONSTRUCCIONES ROCA","IDUso":77,"NombreUso":"Piso Pulido","IDProducto":11453,"NombreProducto":"CONCRETO f\u0027c=200 Ag=20 Rev=10 D 28","Remision":"G3/49877","CveCiudad":"GDL","NombreVendedor":"RODOLFO ARREDONDO"},{"Id_Viaje":3038389,"IDPedido":582686,"CargaViaje":7,"IDPlanta":31,"NombrePlantaViaje":"G3-Tlajomulco","IDUnidad":316,"NombreUnidad":"CR-013","IDOperador":40,"NombreOperador":"JUAN PABLO ESCOBAR","IDEstatusViaje":1,"NombreEstatus":"Despachado","FechaInicio":"2/12/2026 12:00:00 AM","HoraInicio":"19:00","HoraFin":"21:00","IDObra":4634029,"NombreObra":"AQUILES SERDAN # 108 ZACOALCO","IDClienteSAE":4634,"NombreCliente":"TECNO CONSTRUCCIONES ROCA","IDUso":77,"NombreUso":"Piso Pulido","IDProducto":11453,"NombreProducto":"CONCRETO f\u0027c=200 Ag=20 Rev=10 D 28","Remision":"G3/49878","CveCiudad":"GDL","NombreVendedor":"RODOLFO ARREDONDO"},{"Id_Viaje":3038391,"IDPedido":582686,"CargaViaje":6,"IDPlanta":31,"NombrePlantaViaje":"G3-Tlajomulco","IDUnidad":190,"NombreUnidad":"CR-081","IDOperador":102,"NombreOperador":"ALFONSO OVALLE","IDEstatusViaje":1,"NombreEstatus":"Despachado","FechaInicio":"2/12/2026 12:00:00 AM","HoraInicio":"22:00","HoraFin":"00:00","IDObra":4634029,"NombreObra":"AQUILES SERDAN # 108 ZACOALCO","IDClienteSAE":4634,"NombreCliente":"TECNO CONSTRUCCIONES ROCA","IDUso":77,"NombreUso":"Piso Pulido","IDProducto":11453,"NombreProducto":"CONCRETO f\u0027c=200 Ag=20 Rev=10 D 28","Remision":"G3/49880","CveCiudad":"GDL","NombreVendedor":"RODOLFO ARREDONDO"},{"Id_Viaje":3038395,"IDPedido":582683,"CargaViaje":4,"IDPlanta":13,"NombrePlantaViaje":"G1- VALLE DE LA MISERICORDIA","IDUnidad":316,"NombreUnidad":"CR-013","IDOperador":40,"NombreOperador":"JUAN PABLO ESCOBAR","IDEstatusViaje":1,"NombreEstatus":"Despachado","FechaInicio":"2/12/2026 12:00:00 AM","HoraInicio":"12:00","HoraFin":"14:00","IDObra":6248002,"NombreObra":"LATERAL CHAPALA","IDClienteSAE":6248,"NombreCliente":"TEKTON GRUPO EMPRESARIAL","IDUso":8,"NombreUso":"Losa","IDProducto":3421,"NombreProducto":"CONCRETO f\u0027c=250 Ag=10 Rev=18 A1 B","Remision":"G1/70667","CveCiudad":"GDL","NombreVendedor":"FEDERICO GARCIA"},{"Id_Viaje":3038411,"IDPedido":582692,"CargaViaje":4,"IDPlanta":7,"NombrePlantaViaje":"M2-Escobedo","IDUnidad":370,"NombreUnidad":"CR-203","IDOperador":644,"NombreOperador":"ALEJANDRO QUEZADA","IDEstatusViaje":2,"NombreEstatus":"Entregado","FechaInicio":"2/12/2026 12:00:00 AM","HoraInicio":"12:00","HoraFin":"14:00","IDObra":11687010,"NombreObra":"azara 2","IDClienteSAE":11687,"NombreCliente":"CONSTRUCCIONES INTEGRALES PAYAN MORENO","IDUso":2,"NombreUso":"Cimentacion","IDProducto":599,"NombreProducto":"CONCRETO f\u0027c=250 Ag=20 Rev=12 A1 D","Remision":"M2/79901","CveCiudad":"MTY","NombreVendedor":"ENRIQUE ALVAREZ"},{"Id_Viaje":3038433,"IDPedido":582695,"CargaViaje":7,"IDPlanta":19,"NombrePlantaViaje":"M1-Apodaca","IDUnidad":233,"NombreUnidad":"CR-152","IDOperador":1529,"NombreOperador":"ENRIQUE YESCAS","IDEstatusViaje":2,"NombreEstatus":"Entregado","FechaInicio":"2/12/2026 12:00:00 AM","HoraInicio":"08:30","HoraFin":"10:30","IDObra":12142003,"NombreObra":"planicies","IDClienteSAE":12142,"NombreCliente":"F \u0026 C CONSULTORIA Y CONSTRUCCION","IDUso":15,"NombreUso":"Zapatas","IDProducto":513,"NombreProducto":"CONCRETO f\u0027c=200 Ag=20 Rev=14 A1 D","Remision":"M1/91142","CveCiudad":"MTY","NombreVendedor":"CESAR LUNA"},{"Id_Viaje":3038439,"IDPedido":582583,"CargaViaje":7,"IDPlanta":8,"NombrePlantaViaje":"M3-Santa","IDUnidad":337,"NombreUnidad":"CR-200","IDOperador":1462,"NombreOperador":"JOSE LUIS RODRIGUEZ","IDEstatusViaje":2,"NombreEstatus":"Entregado","FechaInicio":"2/12/2026 12:00:00 AM","HoraInicio":"08:00","HoraFin":"10:00","IDObra":12126002,"NombreObra":"dominio huasteca","IDClienteSAE":12126,"NombreCliente":"GRESID","IDUso":1,"NombreUso":"Banqueta","IDProducto":589,"NombreProducto":"CONCRETO f\u0027c=150 Ag=20 Rev=12 A1 D","Remision":"M3/42702","CveCiudad":"MTY","NombreVendedor":"ENRIQUE ALVAREZ"},{"Id_Viaje":3038441,"IDPedido":582666,"CargaViaje":7,"IDPlanta":8,"NombrePlantaViaje":"M3-Santa","IDUnidad":315,"NombreUnidad":"CR-232","IDOperador":1452,"NombreOperador":"VICTOR LOPEZ","IDEstatusViaje":2,"NombreEstatus":"Entregado","FechaInicio":"2/12/2026 12:00:00 AM","HoraInicio":"09:00","HoraFin":"09:30","IDObra":11235003,"NombreObra":"parque garcia","IDClienteSAE":11235,"NombreCliente":"PROPIEDADES SIERRA","IDUso":24,"NombreUso":"Pilotes","IDProducto":511,"NombreProducto":"CONCRETO f\u0027c=250 Ag=20 Rev=14 A1 B","Remision":"M3/42703","CveCiudad":"MTY","NombreVendedor":"GUILLERMO RAMA HERRERA"},{"Id_Viaje":3038443,"IDPedido":582666,"CargaViaje":7,"IDPlanta":8,"NombrePlantaViaje":"M3-Santa","IDUnidad":314,"NombreUnidad":"CR-229","IDOperador":1529,"NombreOperador":"ENRIQUE YESCAS","IDEstatusViaje":2,"NombreEstatus":"Entregado","FechaInicio":"2/12/2026 12:00:00 AM","HoraInicio":"09:30","HoraFin":"10:00","IDObra":11235003,"NombreObra":"parque garcia","IDClienteSAE":11235,"NombreCliente":"PROPIEDADES SIERRA","IDUso":24,"NombreUso":"Pilotes","IDProducto":511,"NombreProducto":"CONCRETO f\u0027c=250 Ag=20 Rev=14 A1 B","Remision":"M3/42706","CveCiudad":"MTY","NombreVendedor":"GUILLERMO RAMA HERRERA"},{"Id_Viaje":3038445,"IDPedido":582666,"CargaViaje":7,"IDPlanta":8,"NombrePlantaViaje":"M3-Santa","IDUnidad":366,"NombreUnidad":"CR-235","IDOperador":1198,"NombreOperador":"ALEJANDRO TREVIÑO","IDEstatusViaje":2,"NombreEstatus":"Entregado","FechaInicio":"2/12/2026 12:00:00 AM","HoraInicio":"10:30","HoraFin":"11:00","IDObra":11235003,"NombreObra":"parque garcia","IDClienteSAE":11235,"NombreCliente":"PROPIEDADES SIERRA","IDUso":24,"NombreUso":"Pilotes","IDProducto":511,"NombreProducto":"CONCRETO f\u0027c=250 Ag=20 Rev=14 A1 B","Remision":"M3/42707","CveCiudad":"MTY","NombreVendedor":"GUILLERMO RAMA HERRERA"},{"Id_Viaje":3038447,"IDPedido":582666,"CargaViaje":7,"IDPlanta":8,"NombrePlantaViaje":"M3-Santa","IDUnidad":345,"NombreUnidad":"CR-231","IDOperador":1551,"NombreOperador":"ROGELIO MARTINEZ","IDEstatusViaje":2,"NombreEstatus":"Entregado","FechaInicio":"2/12/2026 12:00:00 AM","HoraInicio":"11:00","HoraFin":"11:30","IDObra":11235003,"NombreObra":"parque garcia","IDClienteSAE":11235,"NombreCliente":"PROPIEDADES SIERRA","IDUso":24,"NombreUso":"Pilotes","IDProducto":511,"NombreProducto":"CONCRETO f\u0027c=250 Ag=20 Rev=14 A1 B","Remision":"M3/42704","CveCiudad":"MTY","NombreVendedor":"GUILLERMO RAMA HERRERA"},{"Id_Viaje":3038449,"IDPedido":582666,"CargaViaje":7,"IDPlanta":8,"NombrePlantaViaje":"M3-Santa","IDUnidad":314,"NombreUnidad":"CR-229","IDOperador":1529,"NombreOperador":"ENRIQUE YESCAS","IDEstatusViaje":2,"NombreEstatus":"Entregado","FechaInicio":"2/12/2026 12:00:00 AM","HoraInicio":"11:30","HoraFin":"12:00","IDObra":11235003,"NombreObra":"parque garcia","IDClienteSAE":11235,"NombreCliente":"PROPIEDADES SIERRA","IDUso":24,"NombreUso":"Pilotes","IDProducto":511,"NombreProducto":"CONCRETO f\u0027c=250 Ag=20 Rev=14 A1 B","Remision":"M3/42708","CveCiudad":"MTY","NombreVendedor":"GUILLERMO RAMA HERRERA"},{"Id_Viaje":3038451,"IDPedido":582666,"CargaViaje":7,"IDPlanta":8,"NombrePlantaViaje":"M3-Santa","IDUnidad":314,"NombreUnidad":"CR-229","IDOperador":1529,"NombreOperador":"ENRIQUE YESCAS","IDEstatusViaje":2,"NombreEstatus":"Entregado","FechaInicio":"2/12/2026 12:00:00 AM","HoraInicio":"12:00","HoraFin":"12:30","IDObra":11235003,"NombreObra":"parque garcia","IDClienteSAE":11235,"NombreCliente":"PROPIEDADES SIERRA","IDUso":24,"NombreUso":"Pilotes","IDProducto":511,"NombreProducto":"CONCRETO f\u0027c=250 Ag=20 Rev=14 A1 B","Remision":"M3/42709","CveCiudad":"MTY","NombreVendedor":"GUILLERMO RAMA HERRERA"},{"Id_Viaje":3038453,"IDPedido":582666,"CargaViaje":7,"IDPlanta":8,"NombrePlantaViaje":"M3-Santa","IDUnidad":315,"NombreUnidad":"CR-232","IDOperador":1452,"NombreOperador":"VICTOR LOPEZ","IDEstatusViaje":2,"NombreEstatus":"Entregado","FechaInicio":"2/12/2026 12:00:00 AM","HoraInicio":"12:30","HoraFin":"13:00","IDObra":11235003,"NombreObra":"parque garcia","IDClienteSAE":11235,"NombreCliente":"PROPIEDADES SIERRA","IDUso":24,"NombreUso":"Pilotes","IDProducto":511,"NombreProducto":"CONCRETO f\u0027c=250 Ag=20 Rev=14 A1 B","Remision":"M3/42711","CveCiudad":"MTY","NombreVendedor":"GUILLERMO RAMA HERRERA"},{"Id_Viaje":3038455,"IDPedido":582666,"CargaViaje":7,"IDPlanta":8,"NombrePlantaViaje":"M3-Santa","IDUnidad":345,"NombreUnidad":"CR-231","IDOperador":1551,"NombreOperador":"ROGELIO MARTINEZ","IDEstatusViaje":2,"NombreEstatus":"Entregado","FechaInicio":"2/12/2026 12:00:00 AM","HoraInicio":"13:00","HoraFin":"13:30","IDObra":11235003,"NombreObra":"parque garcia","IDClienteSAE":11235,"NombreCliente":"PROPIEDADES SIERRA","IDUso":24,"NombreUso":"Pilotes","IDProducto":511,"NombreProducto":"CONCRETO f\u0027c=250 Ag=20 Rev=14 A1 B","Remision":"M3/42705","CveCiudad":"MTY","NombreVendedor":"GUILLERMO RAMA HERRERA"},{"Id_Viaje":3038457,"IDPedido":582666,"CargaViaje":7,"IDPlanta":8,"NombrePlantaViaje":"M3-Santa","IDUnidad":314,"NombreUnidad":"CR-229","IDOperador":1529,"NombreOperador":"ENRIQUE YESCAS","IDEstatusViaje":2,"NombreEstatus":"Entregado","FechaInicio":"2/12/2026 12:00:00 AM","HoraInicio":"13:30","HoraFin":"14:00","IDObra":11235003,"NombreObra":"parque garcia","IDClienteSAE":11235,"NombreCliente":"PROPIEDADES SIERRA","IDUso":24,"NombreUso":"Pilotes","IDProducto":511,"NombreProducto":"CONCRETO f\u0027c=250 Ag=20 Rev=14 A1 B","Remision":"M3/42712","CveCiudad":"MTY","NombreVendedor":"GUILLERMO RAMA HERRERA"},{"Id_Viaje":3038459,"IDPedido":582666,"CargaViaje":7,"IDPlanta":8,"NombrePlantaViaje":"M3-Santa","IDUnidad":340,"NombreUnidad":"CR-219","IDOperador":1122,"NombreOperador":"NOE CASTILLO","IDEstatusViaje":2,"NombreEstatus":"Entregado","FechaInicio":"2/12/2026 12:00:00 AM","HoraInicio":"14:00","HoraFin":"14:30","IDObra":11235003,"NombreObra":"parque garcia","IDClienteSAE":11235,"NombreCliente":"PROPIEDADES SIERRA","IDUso":24,"NombreUso":"Pilotes","IDProducto":511,"NombreProducto":"CONCRETO f\u0027c=250 Ag=20 Rev=14 A1 B","Remision":"M3/42710","CveCiudad":"MTY","NombreVendedor":"GUILLERMO RAMA HERRERA"},{"Id_Viaje":3038500,"IDPedido":582704,"CargaViaje":6,"IDPlanta":31,"NombrePlantaViaje":"G3-Tlajomulco","IDUnidad":151,"NombreUnidad":"CR-086","IDOperador":102,"NombreOperador":"ALFONSO OVALLE","IDEstatusViaje":1,"NombreEstatus":"Despachado","FechaInicio":"2/12/2026 12:00:00 AM","HoraInicio":"10:00","HoraFin":"12:00","IDObra":4250010,"NombreObra":"acatlan 2","IDClienteSAE":4250,"NombreCliente":"CONSTRUCTORA SOLURG","IDUso":8,"NombreUso":"Losa","IDProducto":11448,"NombreProducto":"CONCRETO f\u0027c=250 Ag=20 Rev=10 D 28","Remision":"G3/49884","CveCiudad":"GDL","NombreVendedor":"RODOLFO ARREDONDO"},{"Id_Viaje":3038502,"IDPedido":582703,"CargaViaje":5,"IDPlanta":31,"NombrePlantaViaje":"G3-Tlajomulco","IDUnidad":149,"NombreUnidad":"CR-102","IDOperador":102,"NombreOperador":"ALFONSO OVALLE","IDEstatusViaje":1,"NombreEstatus":"Despachado","FechaInicio":"2/12/2026 12:00:00 AM","HoraInicio":"09:00","HoraFin":"11:00","IDObra":4250010,"NombreObra":"acatlan 2","IDClienteSAE":4250,"NombreCliente":"CONSTRUCTORA SOLURG","IDUso":8,"NombreUso":"Losa","IDProducto":2646,"NombreProducto":"CONCRETO f\u0027c:150 Ag=10 Rev:10 A1 D","Remision":"G3/49881","CveCiudad":"GDL","NombreVendedor":"RODOLFO ARREDONDO"},{"Id_Viaje":3038516,"IDPedido":582697,"CargaViaje":7,"IDPlanta":23,"NombrePlantaViaje":"L1-Leon","IDUnidad":351,"NombreUnidad":"CR-237-DRH","IDOperador":1623,"NombreOperador":"JORGE IGNACIO NEGRETE","IDEstatusViaje":1,"NombreEstatus":"Despachado","FechaInicio":"2/12/2026 12:00:00 AM","HoraInicio":"06:00","HoraFin":"08:00","IDObra":3156001,"NombreObra":"COPACHISA IND. COLINAS DE LEON","IDClienteSAE":3156,"NombreCliente":"COPACHISA","IDUso":9,"NombreUso":"Muro","IDProducto":12111,"NombreProducto":"CONCRETO f\u0027c=280 Ag=20 Rev=14 B 07","Remision":"L1/41010","CveCiudad":"LEON","NombreVendedor":"OFICINA MATRIZ"},{"Id_Viaje":3038518,"IDPedido":582697,"CargaViaje":7,"IDPlanta":23,"NombrePlantaViaje":"L1-Leon","IDUnidad":352,"NombreUnidad":"CR-246-NRH","IDOperador":522,"NombreOperador":"[LIBRE] .","IDEstatusViaje":1,"NombreEstatus":"Despachado","FechaInicio":"2/12/2026 12:00:00 AM","HoraInicio":"06:10","HoraFin":"08:10","IDObra":3156001,"NombreObra":"COPACHISA IND. COLINAS DE LEON","IDClienteSAE":3156,"NombreCliente":"COPACHISA","IDUso":9,"NombreUso":"Muro","IDProducto":12111,"NombreProducto":"CONCRETO f\u0027c=280 Ag=20 Rev=14 B 07","Remision":"L1/41011","CveCiudad":"LEON","NombreVendedor":"OFICINA MATRIZ"},{"Id_Viaje":3038520,"IDPedido":582697,"CargaViaje":7,"IDPlanta":23,"NombrePlantaViaje":"L1-Leon","IDUnidad":165,"NombreUnidad":"CR-207 FRG","IDOperador":1634,"NombreOperador":"JOSE GUADALUPE POZOS","IDEstatusViaje":1,"NombreEstatus":"Despachado","FechaInicio":"2/12/2026 12:00:00 AM","HoraInicio":"06:20","HoraFin":"08:20","IDObra":3156001,"NombreObra":"COPACHISA IND. COLINAS DE LEON","IDClienteSAE":3156,"NombreCliente":"COPACHISA","IDUso":9,"NombreUso":"Muro","IDProducto":12111,"NombreProducto":"CONCRETO f\u0027c=280 Ag=20 Rev=14 B 07","Remision":"L1/41012","CveCiudad":"LEON","NombreVendedor":"OFICINA MATRIZ"},{"Id_Viaje":3038522,"IDPedido":582697,"CargaViaje":7,"IDPlanta":23,"NombrePlantaViaje":"L1-Leon","IDUnidad":292,"NombreUnidad":"CR-210 JRG","IDOperador":1609,"NombreOperador":"ANDRES GONZALEZ","IDEstatusViaje":1,"NombreEstatus":"Despachado","FechaInicio":"2/12/2026 12:00:00 AM","HoraInicio":"06:30","HoraFin":"08:30","IDObra":3156001,"NombreObra":"COPACHISA IND. COLINAS DE LEON","IDClienteSAE":3156,"NombreCliente":"COPACHISA","IDUso":9,"NombreUso":"Muro","IDProducto":12111,"NombreProducto":"CONCRETO f\u0027c=280 Ag=20 Rev=14 B 07","Remision":"L1/41013","CveCiudad":"LEON","NombreVendedor":"OFICINA MATRIZ"},{"Id_Viaje":3038524,"IDPedido":582707,"CargaViaje":5,"IDPlanta":36,"NombrePlantaViaje":"Q1-Apaseo","IDUnidad":104,"NombreUnidad":"CR-024","IDOperador":1524,"NombreOperador":"ALEJANDRO VALLEJO","IDEstatusViaje":2,"NombreEstatus":"Entregado","FechaInicio":"2/12/2026 12:00:00 AM","HoraInicio":"06:30","HoraFin":"08:30","IDObra":927001,"NombreObra":"el faro de los cisnes","IDClienteSAE":927,"NombreCliente":"CONSTRUCTORA EL FARO DE LOS CISNES","IDUso":1,"NombreUso":"Banqueta","IDProducto":4347,"NombreProducto":"CONCRETO f\u0027c=150 Ag=20 Rev=10 D 28","Remision":"Q1/11472","CveCiudad":"QRO","NombreVendedor":"MIGUEL ANGEL GUTIERREZ"},{"Id_Viaje":3038526,"IDPedido":582721,"CargaViaje":5,"IDPlanta":36,"NombrePlantaViaje":"Q1-Apaseo","IDUnidad":266,"NombreUnidad":"CR-136","IDOperador":1585,"NombreOperador":"CARLOS ANTONIO VILLALVA","IDEstatusViaje":2,"NombreEstatus":"Entregado","FechaInicio":"2/12/2026 12:00:00 AM","HoraInicio":"07:00","HoraFin":"09:00","IDObra":313001,"NombreObra":"HACIENDA SUR","IDClienteSAE":313,"NombreCliente":"VALLE DE LOS MEZQUITES","IDUso":2,"NombreUso":"Cimentacion","IDProducto":4351,"NombreProducto":"CONCRETO f\u0027c=200 Ag=20 Rev=10 D 28","Remision":"Q1/11473","CveCiudad":"QRO","NombreVendedor":"YIMI EDUARDO VAZQUEZ"},{"Id_Viaje":3038528,"IDPedido":582707,"CargaViaje":3,"IDPlanta":36,"NombrePlantaViaje":"Q1-Apaseo","IDUnidad":274,"NombreUnidad":"CR-208","IDOperador":1647,"NombreOperador":"JOSE GUADALUPE LEDESMA","IDEstatusViaje":2,"NombreEstatus":"Entregado","FechaInicio":"2/12/2026 12:00:00 AM","HoraInicio":"06:30","HoraFin":"08:30","IDObra":927001,"NombreObra":"el faro de los cisnes","IDClienteSAE":927,"NombreCliente":"CONSTRUCTORA EL FARO DE LOS CISNES","IDUso":1,"NombreUso":"Banqueta","IDProducto":4347,"NombreProducto":"CONCRETO f\u0027c=150 Ag=20 Rev=10 D 28","Remision":"Q1/11474","CveCiudad":"QRO","NombreVendedor":"MIGUEL ANGEL GUTIERREZ"},{"Id_Viaje":3038530,"IDPedido":582725,"CargaViaje":1.5,"IDPlanta":34,"NombrePlantaViaje":"A2-San Francisco","IDUnidad":122,"NombreUnidad":"CR-043-","IDOperador":1067,"NombreOperador":"JUAN HUMBERTO MARQUEZ","IDEstatusViaje":1,"NombreEstatus":"Despachado","FechaInicio":"2/12/2026 12:00:00 AM","HoraInicio":"07:30","HoraFin":"09:30","IDObra":5002001,"NombreObra":"LA CONCEPCION","IDClienteSAE":5002,"NombreCliente":"CHRISTIAN SERNA TERRONES","IDUso":7,"NombreUso":"Firme","IDProducto":2546,"NombreProducto":"CONCRETO f\u0027c:250 Ag=20 Rev:10 A1 D","Remision":"A2/41583","CveCiudad":"AGS","NombreVendedor":"HECTOR VILLANUEVA"},{"Id_Viaje":3038532,"IDPedido":582708,"CargaViaje":6,"IDPlanta":23,"NombrePlantaViaje":"L1-Leon","IDUnidad":290,"NombreUnidad":"CR-215 RRF","IDOperador":1578,"NombreOperador":"JOSE FLORENTINO TORRES","IDEstatusViaje":1,"NombreEstatus":"Despachado","FechaInicio":"2/12/2026 12:00:00 AM","HoraInicio":"08:00","HoraFin":"10:00","IDObra":1004013,"NombreObra":"sacromonte 7","IDClienteSAE":1004,"NombreCliente":"INMOBILIARIA GESTORIA Y ASESORIA","IDUso":19,"NombreUso":"Loza de Entrepiso","IDProducto":1227,"NombreProducto":"CONCRETO f\u0027c:200 Ag=20 Rev:14 A1 B","Remision":"L1/41014","CveCiudad":"LEON","NombreVendedor":"OFICINA MATRIZ"},{"Id_Viaje":3038534,"IDPedido":582708,"CargaViaje":5,"IDPlanta":23,"NombrePlantaViaje":"L1-Leon","IDUnidad":353,"NombreUnidad":"CR-221 XRG","IDOperador":1624,"NombreOperador":"JUAN VICTOR PEREZ","IDEstatusViaje":1,"NombreEstatus":"Despachado","FechaInicio":"2/12/2026 12:00:00 AM","HoraInicio":"08:10","HoraFin":"10:10","IDObra":1004013,"NombreObra":"sacromonte 7","IDClienteSAE":1004,"NombreCliente":"INMOBILIARIA GESTORIA Y ASESORIA","IDUso":19,"NombreUso":"Loza de Entrepiso","IDProducto":1227,"NombreProducto":"CONCRETO f\u0027c:200 Ag=20 Rev:14 A1 B","Remision":"L1/41015","CveCiudad":"LEON","NombreVendedor":"OFICINA MATRIZ"},{"Id_Viaje":3038536,"IDPedido":582726,"CargaViaje":5.5,"IDPlanta":34,"NombrePlantaViaje":"A2-San Francisco","IDUnidad":350,"NombreUnidad":"CR-047","IDOperador":1076,"NombreOperador":"EZEQUIEL SANDOVAL","IDEstatusViaje":1,"NombreEstatus":"Despachado","FechaInicio":"2/12/2026 12:00:00 AM","HoraInicio":"08:00","HoraFin":"10:00","IDObra":3891003,"NombreObra":"SAN PANCHO","IDClienteSAE":3891,"NombreCliente":"MAOFRE GRUPO CONSTRUCTOR","IDUso":25,"NombreUso":"Pavimento","IDProducto":2602,"NombreProducto":"CONCRETO MR= 38 Ag=40 Rev 10 R7 D","Remision":"A2/41584","CveCiudad":"AGS","NombreVendedor":"CASA CASA"},{"Id_Viaje":3038538,"IDPedido":582717,"CargaViaje":7.5,"IDPlanta":20,"NombrePlantaViaje":"A1-Ojo Caliente","IDUnidad":122,"NombreUnidad":"CR-043-","IDOperador":1067,"NombreOperador":"JUAN HUMBERTO MARQUEZ","IDEstatusViaje":1,"NombreEstatus":"Despachado","FechaInicio":"2/12/2026 12:00:00 AM","HoraInicio":"00:00","HoraFin":"02:00","IDObra":3345013,"NombreObra":"CHINAMPAS","IDClienteSAE":3345,"NombreCliente":"CONSTRUCCIONES OBINCI","IDUso":8,"NombreUso":"Losa","IDProducto":2546,"NombreProducto":"CONCRETO f\u0027c:250 Ag=20 Rev:10 A1 D","Remision":"A1/96444","CveCiudad":"AGS","NombreVendedor":"CASA CASA"},{"Id_Viaje":3038544,"IDPedido":582715,"CargaViaje":5,"IDPlanta":20,"NombrePlantaViaje":"A1-Ojo Caliente","IDUnidad":48,"NombreUnidad":"CR-063 ZRB","IDOperador":1500,"NombreOperador":"RICARDO CHAVEZ","IDEstatusViaje":1,"NombreEstatus":"Despachado","FechaInicio":"2/12/2026 12:00:00 AM","HoraInicio":"00:20","HoraFin":"02:20","IDObra":4429001,"NombreObra":"real del sol","IDClienteSAE":4429,"NombreCliente":"GIG VENTA DE MATERIALES","IDUso":2,"NombreUso":"Cimentacion","IDProducto":1014,"NombreProducto":"CONCRETO f\u0027c:200 Ag=20. Rev: 10 A1 D","Remision":"A1/96445","CveCiudad":"AGS","NombreVendedor":"HECTOR VILLANUEVA"},{"Id_Viaje":3038546,"IDPedido":582716,"CargaViaje":7,"IDPlanta":20,"NombrePlantaViaje":"A1-Ojo Caliente","IDUnidad":116,"NombreUnidad":"CR-098","IDOperador":44,"NombreOperador":"ALBERTO HERRERA","IDEstatusViaje":1,"NombreEstatus":"Despachado","FechaInicio":"2/12/2026 12:00:00 AM","HoraInicio":"00:30","HoraFin":"02:30","IDObra":2820038,"NombreObra":"GPE PERALTA","IDClienteSAE":2820,"NombreCliente":"URBANIZACIONES ARGU","IDUso":7,"NombreUso":"Firme","IDProducto":2546,"NombreProducto":"CONCRETO f\u0027c:250 Ag=20 Rev:10 A1 D","Remision":"A1/96446","CveCiudad":"AGS","NombreVendedor":"CASA CASA"},{"Id_Viaje":3038558,"IDPedido":582697,"CargaViaje":6.5,"IDPlanta":23,"NombrePlantaViaje":"L1-Leon","IDUnidad":296,"NombreUnidad":"CR-027","IDOperador":773,"NombreOperador":"OMAR RODRIGO FRANCO","IDEstatusViaje":1,"NombreEstatus":"Despachado","FechaInicio":"2/12/2026 12:00:00 AM","HoraInicio":"06:00","HoraFin":"08:00","IDObra":3156001,"NombreObra":"COPACHISA IND. COLINAS DE LEON","IDClienteSAE":3156,"NombreCliente":"COPACHISA","IDUso":9,"NombreUso":"Muro","IDProducto":12111,"NombreProducto":"CONCRETO f\u0027c=280 Ag=20 Rev=14 B 07","Remision":"L1/41016","CveCiudad":"LEON","NombreVendedor":"OFICINA MATRIZ"},{"Id_Viaje":3038560,"IDPedido":582732,"CargaViaje":6,"IDPlanta":36,"NombrePlantaViaje":"Q1-Apaseo","IDUnidad":104,"NombreUnidad":"CR-024","IDOperador":1524,"NombreOperador":"ALEJANDRO VALLEJO","IDEstatusViaje":2,"NombreEstatus":"Entregado","FechaInicio":"2/12/2026 12:00:00 AM","HoraInicio":"09:00","HoraFin":"11:00","IDObra":1012001,"NombreObra":"arimatea - meseta habitatt","IDClienteSAE":1012,"NombreCliente":"INMOBILIARIA GESTORIA Y ASESORIA","IDUso":2,"NombreUso":"Cimentacion","IDProducto":4355,"NombreProducto":"CONCRETO f\u0027c=250 Ag=20 Rev=10 D 28","Remision":"Q1/11476","CveCiudad":"QRO","NombreVendedor":"YIMI EDUARDO VAZQUEZ"},{"Id_Viaje":3038562,"IDPedido":582732,"CargaViaje":5,"IDPlanta":36,"NombrePlantaViaje":"Q1-Apaseo","IDUnidad":266,"NombreUnidad":"CR-136","IDOperador":1585,"NombreOperador":"CARLOS ANTONIO VILLALVA","IDEstatusViaje":2,"NombreEstatus":"Entregado","FechaInicio":"2/12/2026 12:00:00 AM","HoraInicio":"09:10","HoraFin":"11:10","IDObra":1012001,"NombreObra":"arimatea - meseta habitatt","IDClienteSAE":1012,"NombreCliente":"INMOBILIARIA GESTORIA Y ASESORIA","IDUso":2,"NombreUso":"Cimentacion","IDProducto":4355,"NombreProducto":"CONCRETO f\u0027c=250 Ag=20 Rev=10 D 28","Remision":"Q1/11477","CveCiudad":"QRO","NombreVendedor":"YIMI EDUARDO VAZQUEZ"},{"Id_Viaje":3038564,"IDPedido":582342,"CargaViaje":5,"IDPlanta":11,"NombrePlantaViaje":"M4-Centro","IDUnidad":78,"NombreUnidad":"CR-062","IDOperador":1478,"NombreOperador":"VICTOR HUGO MARTINEZ","IDEstatusViaje":2,"NombreEstatus":"Entregado","FechaInicio":"2/12/2026 12:00:00 AM","HoraInicio":"10:00","HoraFin":"12:00","IDObra":4947069,"NombreObra":"CASAIRE","IDClienteSAE":4947,"NombreCliente":"CONCRETOS DELESE","IDUso":1,"NombreUso":"Banqueta","IDProducto":1512,"NombreProducto":"CONCRETO f\u0027c=100 Ag=20 Rev=14 A1 D","Remision":"M4/89116","CveCiudad":"MTY","NombreVendedor":"OMAR HECTOR ARTEAGA"},{"Id_Viaje":3038568,"IDPedido":582733,"CargaViaje":4,"IDPlanta":16,"NombrePlantaViaje":"M6-Juarez","IDUnidad":347,"NombreUnidad":"CR-099","IDOperador":1190,"NombreOperador":"SAUL GUAJARDO","IDEstatusViaje":2,"NombreEstatus":"Entregado","FechaInicio":"2/12/2026 12:00:00 AM","HoraInicio":"12:00","HoraFin":"14:00","IDObra":12150002,"NombreObra":"VISTAS DEL SEMINARIO QUINTO SECTOR","IDClienteSAE":12150,"NombreCliente":"MAQUINARIA Y CONSTRUCTORA SEPULVEDA DE MONTERREY","IDUso":21,"NombreUso":"Castillos","IDProducto":1526,"NombreProducto":"CONCRETO f\u0027c=150 Ag=20 Rev=14 A1","Remision":"M6/67086","CveCiudad":"MTY","NombreVendedor":"CESAR LUNA"},{"Id_Viaje":3038570,"IDPedido":582709,"CargaViaje":5,"IDPlanta":23,"NombrePlantaViaje":"L1-Leon","IDUnidad":354,"NombreUnidad":"CR-226 2RH","IDOperador":1329,"NombreOperador":"CHRISTIAN ALEJANDRO ARENAS","IDEstatusViaje":1,"NombreEstatus":"Despachado","FechaInicio":"2/12/2026 12:00:00 AM","HoraInicio":"10:00","HoraFin":"12:00","IDObra":1104019,"NombreObra":"reserva premier","IDClienteSAE":1104,"NombreCliente":"INMOBILIARIA PROXIMA","IDUso":18,"NombreUso":"Loza de Azotea","IDProducto":1227,"NombreProducto":"CONCRETO f\u0027c:200 Ag=20 Rev:14 A1 B","Remision":"L1/41017","CveCiudad":"LEON","NombreVendedor":"OFICINA MATRIZ"},{"Id_Viaje":3038572,"IDPedido":582709,"CargaViaje":4,"IDPlanta":23,"NombrePlantaViaje":"L1-Leon","IDUnidad":77,"NombreUnidad":"CR193-1RG","IDOperador":1623,"NombreOperador":"JORGE IGNACIO NEGRETE","IDEstatusViaje":1,"NombreEstatus":"Despachado","FechaInicio":"2/12/2026 12:00:00 AM","HoraInicio":"10:10","HoraFin":"12:10","IDObra":1104019,"NombreObra":"reserva premier","IDClienteSAE":1104,"NombreCliente":"INMOBILIARIA PROXIMA","IDUso":18,"NombreUso":"Loza de Azotea","IDProducto":1227,"NombreProducto":"CONCRETO f\u0027c:200 Ag=20 Rev:14 A1 B","Remision":"L1/41018","CveCiudad":"LEON","NombreVendedor":"OFICINA MATRIZ"},{"Id_Viaje":3038574,"IDPedido":582727,"CargaViaje":4.5,"IDPlanta":34,"NombrePlantaViaje":"A2-San Francisco","IDUnidad":113,"NombreUnidad":"CR-140 CRE","IDOperador":1501,"NombreOperador":"ANTONIO NAVARRO","IDEstatusViaje":1,"NombreEstatus":"Despachado","FechaInicio":"2/12/2026 12:00:00 AM","HoraInicio":"09:30","HoraFin":"11:30","IDObra":4510002,"NombreObra":"CONSTITUCION","IDClienteSAE":4510,"NombreCliente":"MARIA MAGDALENA CULEBRO PINTO","IDUso":1,"NombreUso":"Banqueta","IDProducto":1012,"NombreProducto":"CONCRETO f\u0027c:150 Ag=20 Rev:10 A1 D","Remision":"A2/41585","CveCiudad":"AGS","NombreVendedor":"HECTOR VILLANUEVA"},{"Id_Viaje":3038619,"IDPedido":582735,"CargaViaje":5,"IDPlanta":30,"NombrePlantaViaje":"P1-Coronango","IDUnidad":195,"NombreUnidad":"CR-158","IDOperador":1006,"NombreOperador":"VICTOR MANUEL HERNANDEZ","IDEstatusViaje":1,"NombreEstatus":"Despachado","FechaInicio":"2/12/2026 12:00:00 AM","HoraInicio":"10:00","HoraFin":"12:00","IDObra":845011,"NombreObra":"fracc platiniO","IDClienteSAE":845,"NombreCliente":"GRUPO BRECASA","IDUso":21,"NombreUso":"Castillos","IDProducto":11315,"NombreProducto":"CONCRETO f\u0027c=200 Ag=10 Rev=14 D 28","Remision":"P1/38537","CveCiudad":"PUE","NombreVendedor":"VENDEDOR PUEBLA ."},{"Id_Viaje":3038621,"IDPedido":582664,"CargaViaje":1,"IDPlanta":7,"NombrePlantaViaje":"M2-Escobedo","IDUnidad":315,"NombreUnidad":"CR-232","IDOperador":1452,"NombreOperador":"VICTOR LOPEZ","IDEstatusViaje":2,"NombreEstatus":"Entregado","FechaInicio":"2/12/2026 12:00:00 AM","HoraInicio":"23:30","HoraFin":"01:30","IDObra":8894025,"NombreObra":"cumbres platino","IDClienteSAE":8894,"NombreCliente":"ACRE PROMOTORA","IDUso":8,"NombreUso":"Losa","IDProducto":491,"NombreProducto":"CONCRETO f\u0027c=200 Ag=20 Rev=14 A1 B","Remision":"M2/79898","CveCiudad":"MTY","NombreVendedor":"SILVIA LOZANO"},{"Id_Viaje":3038623,"IDPedido":582711,"CargaViaje":7,"IDPlanta":23,"NombrePlantaViaje":"L1-Leon","IDUnidad":351,"NombreUnidad":"CR-237-DRH","IDOperador":1623,"NombreOperador":"JORGE IGNACIO NEGRETE","IDEstatusViaje":1,"NombreEstatus":"Despachado","FechaInicio":"2/12/2026 12:00:00 AM","HoraInicio":"11:00","HoraFin":"13:00","IDObra":1998023,"NombreObra":"MIGUEL ALEMAN MANAVIL","IDClienteSAE":1998,"NombreCliente":"MANAVIL COMERCIALIZADORA","IDUso":7,"NombreUso":"Firme","IDProducto":1219,"NombreProducto":"CONCRETO f\u0027c:200 Ag=20. Rev: 10 A1 D","Remision":"L1/41019","CveCiudad":"LEON","NombreVendedor":"OFICINA MATRIZ"},{"Id_Viaje":3038634,"IDPedido":582737,"CargaViaje":5,"IDPlanta":36,"NombrePlantaViaje":"Q1-Apaseo","IDUnidad":383,"NombreUnidad":"CR-188","IDOperador":1655,"NombreOperador":"CARLOS ALARCÓN","IDEstatusViaje":2,"NombreEstatus":"Entregado","FechaInicio":"2/12/2026 12:00:00 AM","HoraInicio":"10:30","HoraFin":"12:30","IDObra":945010,"NombreObra":"PARQUE IND. CALAMANDA NEVADON","IDClienteSAE":945,"NombreCliente":"VAAR DISEÑO Y CONSTRUCCIONES","IDUso":13,"NombreUso":"Trabes","IDProducto":12108,"NombreProducto":"Concreto f´c=200 ag=10 rev=14 D 28","Remision":"Q1/11478","CveCiudad":"QRO","NombreVendedor":"MIGUEL ANGEL GUTIERREZ"},{"Id_Viaje":3038641,"IDPedido":582716,"CargaViaje":4,"IDPlanta":20,"NombrePlantaViaje":"A1-Ojo Caliente","IDUnidad":350,"NombreUnidad":"CR-047","IDOperador":1076,"NombreOperador":"EZEQUIEL SANDOVAL","IDEstatusViaje":1,"NombreEstatus":"Despachado","FechaInicio":"2/12/2026 12:00:00 AM","HoraInicio":"01:00","HoraFin":"03:00","IDObra":2820038,"NombreObra":"GPE PERALTA","IDClienteSAE":2820,"NombreCliente":"URBANIZACIONES ARGU","IDUso":7,"NombreUso":"Firme","IDProducto":2546,"NombreProducto":"CONCRETO f\u0027c:250 Ag=20 Rev:10 A1 D","Remision":"A1/96447","CveCiudad":"AGS","NombreVendedor":"CASA CASA"},{"Id_Viaje":3038643,"IDPedido":582666,"CargaViaje":7,"IDPlanta":7,"NombrePlantaViaje":"M2-Escobedo","IDUnidad":345,"NombreUnidad":"CR-231","IDOperador":1551,"NombreOperador":"ROGELIO MARTINEZ","IDEstatusViaje":2,"NombreEstatus":"Entregado","FechaInicio":"2/12/2026 12:00:00 AM","HoraInicio":"14:30","HoraFin":"15:00","IDObra":11235003,"NombreObra":"parque garcia","IDClienteSAE":11235,"NombreCliente":"PROPIEDADES SIERRA","IDUso":24,"NombreUso":"Pilotes","IDProducto":511,"NombreProducto":"CONCRETO f\u0027c=250 Ag=20 Rev=14 A1 B","Remision":"M2/79899","CveCiudad":"MTY","NombreVendedor":"GUILLERMO RAMA HERRERA"},{"Id_Viaje":3038645,"IDPedido":582666,"CargaViaje":7,"IDPlanta":7,"NombrePlantaViaje":"M2-Escobedo","IDUnidad":314,"NombreUnidad":"CR-229","IDOperador":1529,"NombreOperador":"ENRIQUE YESCAS","IDEstatusViaje":2,"NombreEstatus":"Entregado","FechaInicio":"2/12/2026 12:00:00 AM","HoraInicio":"15:00","HoraFin":"15:30","IDObra":11235003,"NombreObra":"parque garcia","IDClienteSAE":11235,"NombreCliente":"PROPIEDADES SIERRA","IDUso":24,"NombreUso":"Pilotes","IDProducto":511,"NombreProducto":"CONCRETO f\u0027c=250 Ag=20 Rev=14 A1 B","Remision":"M2/79900","CveCiudad":"MTY","NombreVendedor":"GUILLERMO RAMA HERRERA"},{"Id_Viaje":3038647,"IDPedido":582402,"CargaViaje":5,"IDPlanta":19,"NombrePlantaViaje":"M1-Apodaca","IDUnidad":332,"NombreUnidad":"CR-026","IDOperador":1458,"NombreOperador":"MIGUEL ANGEL LUGO","IDEstatusViaje":2,"NombreEstatus":"Entregado","FechaInicio":"2/12/2026 12:00:00 AM","HoraInicio":"13:00","HoraFin":"15:00","IDObra":11687007,"NombreObra":"ALTERRA - PLUVIAL","IDClienteSAE":11687,"NombreCliente":"CONSTRUCCIONES INTEGRALES PAYAN MORENO","IDUso":9,"NombreUso":"Muro","IDProducto":551,"NombreProducto":"CONCRETO f\u0027c=250 Ag=20 Rev=14 A1 D","Remision":"M1/91143","CveCiudad":"MTY","NombreVendedor":"ENRIQUE ALVAREZ"},{"Id_Viaje":3038651,"IDPedido":582740,"CargaViaje":7,"IDPlanta":18,"NombrePlantaViaje":"M7-Salinas","IDUnidad":242,"NombreUnidad":"CR - 150","IDOperador":1750,"NombreOperador":"BARTOLO HERNANDEZ","IDEstatusViaje":2,"NombreEstatus":"Entregado","FechaInicio":"2/12/2026 12:00:00 AM","HoraInicio":"10:30","HoraFin":"12:30","IDObra":10806006,"NombreObra":"PIN - PARQUE INDUSTRIAL NORTE","IDClienteSAE":10806,"NombreCliente":"GP MAQUINARIA Y EQUIPOS","IDUso":5,"NombreUso":"Cordon","IDProducto":1528,"NombreProducto":"CONCRETO f\u0027c=150 Ag=20 Rev=08 A1 D","Remision":"M7/41052","CveCiudad":"MTY","NombreVendedor":"ENRIQUE ALVAREZ"},{"Id_Viaje":3038653,"IDPedido":582719,"CargaViaje":5,"IDPlanta":20,"NombrePlantaViaje":"A1-Ojo Caliente","IDUnidad":107,"NombreUnidad":"CR-050","IDOperador":677,"NombreOperador":"EDMUNDO DE LOERA","IDEstatusViaje":1,"NombreEstatus":"Despachado","FechaInicio":"2/12/2026 12:00:00 AM","HoraInicio":"01:10","HoraFin":"03:10","IDObra":4964004,"NombreObra":"BOSQUE PROVIDENCIA","IDClienteSAE":4964,"NombreCliente":"CONSTRUCTORA SAN JOSE PREMIER","IDUso":75,"NombreUso":"Cadena","IDProducto":1014,"NombreProducto":"CONCRETO f\u0027c:200 Ag=20. Rev: 10 A1 D","Remision":"A1/96448","CveCiudad":"AGS","NombreVendedor":"HECTOR VILLANUEVA"},{"Id_Viaje":3038655,"IDPedido":582718,"CargaViaje":5,"IDPlanta":20,"NombrePlantaViaje":"A1-Ojo Caliente","IDUnidad":115,"NombreUnidad":"CR-069","IDOperador":209,"NombreOperador":"MARCO DE LEON","IDEstatusViaje":1,"NombreEstatus":"Despachado","FechaInicio":"2/12/2026 12:00:00 AM","HoraInicio":"01:20","HoraFin":"03:20","IDObra":4429001,"NombreObra":"real del sol","IDClienteSAE":4429,"NombreCliente":"GIG VENTA DE MATERIALES","IDUso":2,"NombreUso":"Cimentacion","IDProducto":1014,"NombreProducto":"CONCRETO f\u0027c:200 Ag=20. Rev: 10 A1 D","Remision":"A1/96450","CveCiudad":"AGS","NombreVendedor":"HECTOR VILLANUEVA"},{"Id_Viaje":3038667,"IDPedido":582742,"CargaViaje":3.5,"IDPlanta":20,"NombrePlantaViaje":"A1-Ojo Caliente","IDUnidad":295,"NombreUnidad":"CR-065","IDOperador":675,"NombreOperador":"JUAN ANTONIO HERRERA","IDEstatusViaje":1,"NombreEstatus":"Despachado","FechaInicio":"2/12/2026 12:00:00 AM","HoraInicio":"01:30","HoraFin":"03:30","IDObra":4071001,"NombreObra":"colinas de san patricio","IDClienteSAE":4071,"NombreCliente":"SERVICIOS DE VIVIENDA","IDUso":15,"NombreUso":"Zapatas","IDProducto":1014,"NombreProducto":"CONCRETO f\u0027c:200 Ag=20. Rev: 10 A1 D","Remision":"A1/96449","CveCiudad":"AGS","NombreVendedor":"CASA CASA"},{"Id_Viaje":3038686,"IDPedido":582743,"CargaViaje":6,"IDPlanta":15,"NombrePlantaViaje":"M5-Santiago","IDUnidad":216,"NombreUnidad":"CR-227","IDOperador":1468,"NombreOperador":"JOSE LUIS ESPARZA","IDEstatusViaje":2,"NombreEstatus":"Entregado","FechaInicio":"2/12/2026 12:00:00 AM","HoraInicio":"14:00","HoraFin":"16:00","IDObra":541061,"NombreObra":"ANTIGUA SUR","IDClienteSAE":541,"NombreCliente":"DESARROLLOS LOCSA","IDUso":5,"NombreUso":"Cordon","IDProducto":483,"NombreProducto":"CONCRETO f\u0027c=200 Ag=20. Rev=10 A1 D","Remision":"M5/37081","CveCiudad":"MTY","NombreVendedor":"GUILLERMO RAMA HERRERA"},{"Id_Viaje":3038721,"IDPedido":582710,"CargaViaje":5,"IDPlanta":23,"NombrePlantaViaje":"L1-Leon","IDUnidad":352,"NombreUnidad":"CR-246-NRH","IDOperador":522,"NombreOperador":"[LIBRE] .","IDEstatusViaje":1,"NombreEstatus":"Despachado","FechaInicio":"2/12/2026 12:00:00 AM","HoraInicio":"10:00","HoraFin":"12:00","IDObra":2784008,"NombreObra":"RUBA BOSQUES DE BREDA","IDClienteSAE":2784,"NombreCliente":"RUBA DESARROLLOS","IDUso":18,"NombreUso":"Loza de Azotea","IDProducto":2841,"NombreProducto":"CONCRETO f\u0027c=200 Ag=10 Rev=14 B 28","Remision":"L1/41021","CveCiudad":"LEON","NombreVendedor":"OFICINA MATRIZ"},{"Id_Viaje":3038723,"IDPedido":582710,"CargaViaje":5.5,"IDPlanta":23,"NombrePlantaViaje":"L1-Leon","IDUnidad":165,"NombreUnidad":"CR-207 FRG","IDOperador":1634,"NombreOperador":"JOSE GUADALUPE POZOS","IDEstatusViaje":1,"NombreEstatus":"Despachado","FechaInicio":"2/12/2026 12:00:00 AM","HoraInicio":"10:10","HoraFin":"12:10","IDObra":2784008,"NombreObra":"RUBA BOSQUES DE BREDA","IDClienteSAE":2784,"NombreCliente":"RUBA DESARROLLOS","IDUso":18,"NombreUso":"Loza de Azotea","IDProducto":2841,"NombreProducto":"CONCRETO f\u0027c=200 Ag=10 Rev=14 B 28","Remision":"L1/41020","CveCiudad":"LEON","NombreVendedor":"OFICINA MATRIZ"},{"Id_Viaje":3038734,"IDPedido":582728,"CargaViaje":7,"IDPlanta":34,"NombrePlantaViaje":"A2-San Francisco","IDUnidad":112,"NombreUnidad":"CR-154 TRE","IDOperador":1504,"NombreOperador":"HUGO MEDINA","IDEstatusViaje":1,"NombreEstatus":"Despachado","FechaInicio":"2/12/2026 12:00:00 AM","HoraInicio":"12:00","HoraFin":"14:00","IDObra":4582008,"NombreObra":"ALTEZA","IDClienteSAE":4582,"NombreCliente":"CASAS JAVER","IDUso":25,"NombreUso":"Pavimento","IDProducto":1158,"NombreProducto":"CONCRETO MR= 38 Ag=40 Rev 10 A1 D","Remision":"A2/41586","CveCiudad":"AGS","NombreVendedor":"HECTOR VILLANUEVA"},{"Id_Viaje":3038736,"IDPedido":582352,"CargaViaje":4,"IDPlanta":8,"NombrePlantaViaje":"M3-Santa","IDUnidad":35,"NombreUnidad":"CR-051","IDOperador":1477,"NombreOperador":"JONATHAN PABLO ROJAS","IDEstatusViaje":2,"NombreEstatus":"Entregado","FechaInicio":"2/12/2026 12:00:00 AM","HoraInicio":"12:40","HoraFin":"14:40","IDObra":4947069,"NombreObra":"CASAIRE","IDClienteSAE":4947,"NombreCliente":"CONCRETOS DELESE","IDUso":63,"NombreUso":"Pluvial","IDProducto":560,"NombreProducto":"CONCRETO f\u0027c=200 Ag=20 Rev=08 A1 D","Remision":"M3/42713","CveCiudad":"MTY","NombreVendedor":"OMAR HECTOR ARTEAGA"},{"Id_Viaje":3038747,"IDPedido":582765,"CargaViaje":7,"IDPlanta":36,"NombrePlantaViaje":"Q1-Apaseo","IDUnidad":260,"NombreUnidad":"CR-206","IDOperador":1484,"NombreOperador":"JOSE HIPOLITO MEJIA","IDEstatusViaje":2,"NombreEstatus":"Entregado","FechaInicio":"2/12/2026 12:00:00 AM","HoraInicio":"13:00","HoraFin":"15:00","IDObra":927001,"NombreObra":"el faro de los cisnes","IDClienteSAE":927,"NombreCliente":"CONSTRUCTORA EL FARO DE LOS CISNES","IDUso":15,"NombreUso":"Zapatas","IDProducto":4355,"NombreProducto":"CONCRETO f\u0027c=250 Ag=20 Rev=10 D 28","Remision":"Q1/11479","CveCiudad":"QRO","NombreVendedor":"MIGUEL ANGEL GUTIERREZ"},{"Id_Viaje":3038749,"IDPedido":582765,"CargaViaje":6,"IDPlanta":36,"NombrePlantaViaje":"Q1-Apaseo","IDUnidad":275,"NombreUnidad":"CR-209","IDOperador":1488,"NombreOperador":"RAMON HERNANDEZ","IDEstatusViaje":2,"NombreEstatus":"Entregado","FechaInicio":"2/12/2026 12:00:00 AM","HoraInicio":"13:10","HoraFin":"15:10","IDObra":927001,"NombreObra":"el faro de los cisnes","IDClienteSAE":927,"NombreCliente":"CONSTRUCTORA EL FARO DE LOS CISNES","IDUso":15,"NombreUso":"Zapatas","IDProducto":4355,"NombreProducto":"CONCRETO f\u0027c=250 Ag=20 Rev=10 D 28","Remision":"Q1/11482","CveCiudad":"QRO","NombreVendedor":"MIGUEL ANGEL GUTIERREZ"},{"Id_Viaje":3038751,"IDPedido":582720,"CargaViaje":7,"IDPlanta":20,"NombrePlantaViaje":"A1-Ojo Caliente","IDUnidad":112,"NombreUnidad":"CR-154 TRE","IDOperador":1504,"NombreOperador":"HUGO MEDINA","IDEstatusViaje":1,"NombreEstatus":"Despachado","FechaInicio":"2/12/2026 12:00:00 AM","HoraInicio":"02:00","HoraFin":"04:00","IDObra":4582002,"NombreObra":"PASEOS DEL SUR","IDClienteSAE":4582,"NombreCliente":"CASAS JAVER","IDUso":1,"NombreUso":"Banqueta","IDProducto":1012,"NombreProducto":"CONCRETO f\u0027c:150 Ag=20 Rev:10 A1 D","Remision":"A1/96451","CveCiudad":"AGS","NombreVendedor":"HECTOR VILLANUEVA"},{"Id_Viaje":3038753,"IDPedido":582722,"CargaViaje":3.5,"IDPlanta":20,"NombrePlantaViaje":"A1-Ojo Caliente","IDUnidad":122,"NombreUnidad":"CR-043-","IDOperador":1067,"NombreOperador":"JUAN HUMBERTO MARQUEZ","IDEstatusViaje":1,"NombreEstatus":"Despachado","FechaInicio":"2/12/2026 12:00:00 AM","HoraInicio":"02:10","HoraFin":"04:10","IDObra":4955005,"NombreObra":"META","IDClienteSAE":4955,"NombreCliente":"CONSTRUCTORA DOVERA","IDUso":39,"NombreUso":"Dado","IDProducto":2549,"NombreProducto":"CONCRETO f\u0027c:250 Ag=20 Rev:10 RR3 D","Remision":"A1/96452","CveCiudad":"AGS","NombreVendedor":"HECTOR VILLANUEVA"},{"Id_Viaje":3038755,"IDPedido":582723,"CargaViaje":8,"IDPlanta":20,"NombrePlantaViaje":"A1-Ojo Caliente","IDUnidad":108,"NombreUnidad":"CR-098 2RD","IDOperador":1503,"NombreOperador":"ALBERTO HERNANDEZ","IDEstatusViaje":1,"NombreEstatus":"Despachado","FechaInicio":"2/12/2026 12:00:00 AM","HoraInicio":"02:20","HoraFin":"04:20","IDObra":4582006,"NombreObra":"ZEKKEI II","IDClienteSAE":4582,"NombreCliente":"CASAS JAVER","IDUso":2,"NombreUso":"Cimentacion","IDProducto":1014,"NombreProducto":"CONCRETO f\u0027c:200 Ag=20. Rev: 10 A1 D","Remision":"A1/96453","CveCiudad":"AGS","NombreVendedor":"HECTOR VILLANUEVA"},{"Id_Viaje":3038759,"IDPedido":582766,"CargaViaje":7,"IDPlanta":30,"NombrePlantaViaje":"P1-Coronango","IDUnidad":196,"NombreUnidad":"CR-159","IDOperador":1013,"NombreOperador":"ALEJANDRO ARCE","IDEstatusViaje":1,"NombreEstatus":"Despachado","FechaInicio":"2/12/2026 12:00:00 AM","HoraInicio":"13:00","HoraFin":"15:00","IDObra":1491005,"NombreObra":"SANTA CATARINA COATEPEC","IDClienteSAE":1491,"NombreCliente":"GRUPO CONSTRUCTOR MATEOS CABRERA","IDUso":2,"NombreUso":"Cimentacion","IDProducto":10975,"NombreProducto":"CONCRETO f\u0027c: 250 Ag=20 Rev.14 A1 B","Remision":"P1/38538","CveCiudad":"PUE","NombreVendedor":"GUADALUPE HERNANDEZ"},{"Id_Viaje":3038761,"IDPedido":582766,"CargaViaje":7,"IDPlanta":30,"NombrePlantaViaje":"P1-Coronango","IDUnidad":197,"NombreUnidad":"CR-160","IDOperador":1016,"NombreOperador":"FRANCISCO MANUEL PARDO","IDEstatusViaje":1,"NombreEstatus":"Despachado","FechaInicio":"2/12/2026 12:00:00 AM","HoraInicio":"13:10","HoraFin":"15:10","IDObra":1491005,"NombreObra":"SANTA CATARINA COATEPEC","IDClienteSAE":1491,"NombreCliente":"GRUPO CONSTRUCTOR MATEOS CABRERA","IDUso":2,"NombreUso":"Cimentacion","IDProducto":10975,"NombreProducto":"CONCRETO f\u0027c: 250 Ag=20 Rev.14 A1 B","Remision":"P1/38539","CveCiudad":"PUE","NombreVendedor":"GUADALUPE HERNANDEZ"},{"Id_Viaje":3038763,"IDPedido":582712,"CargaViaje":1,"IDPlanta":23,"NombrePlantaViaje":"L1-Leon","IDUnidad":292,"NombreUnidad":"CR-210 JRG","IDOperador":1609,"NombreOperador":"ANDRES GONZALEZ","IDEstatusViaje":1,"NombreEstatus":"Despachado","FechaInicio":"2/12/2026 12:00:00 AM","HoraInicio":"13:00","HoraFin":"15:00","IDObra":1004013,"NombreObra":"sacromonte 7","IDClienteSAE":1004,"NombreCliente":"INMOBILIARIA GESTORIA Y ASESORIA","IDUso":15,"NombreUso":"Zapatas","IDProducto":1219,"NombreProducto":"CONCRETO f\u0027c:200 Ag=20. Rev: 10 A1 D","Remision":"L1/41022","CveCiudad":"LEON","NombreVendedor":"OFICINA MATRIZ"},{"Id_Viaje":3038765,"IDPedido":582412,"CargaViaje":7,"IDPlanta":7,"NombrePlantaViaje":"M2-Escobedo","IDUnidad":339,"NombreUnidad":"CR- 243","IDOperador":1552,"NombreOperador":"JOSE ISAIAS ROCHA","IDEstatusViaje":2,"NombreEstatus":"Entregado","FechaInicio":"2/12/2026 12:00:00 AM","HoraInicio":"14:00","HoraFin":"16:00","IDObra":8894025,"NombreObra":"cumbres platino","IDClienteSAE":8894,"NombreCliente":"ACRE PROMOTORA","IDUso":15,"NombreUso":"Zapatas","IDProducto":575,"NombreProducto":"CONCRETO f\u0027c=200 Ag=20 Rev=12 A1 D","Remision":"M2/79902","CveCiudad":"MTY","NombreVendedor":"SILVIA LOZANO"},{"Id_Viaje":3038767,"IDPedido":582729,"CargaViaje":4,"IDPlanta":34,"NombrePlantaViaje":"A2-San Francisco","IDUnidad":328,"NombreUnidad":"CR-178","IDOperador":916,"NombreOperador":"CESAR DIAZ DE LEON","IDEstatusViaje":1,"NombreEstatus":"Despachado","FechaInicio":"2/12/2026 12:00:00 AM","HoraInicio":"13:30","HoraFin":"15:30","IDObra":2983007,"NombreObra":"LA CARTUJA","IDClienteSAE":2983,"NombreCliente":"GRUPO CONSTRUCTOR LUMAVI","IDUso":8,"NombreUso":"Losa","IDProducto":2528,"NombreProducto":"CONCRETO f\u0027c:200 Ag=20 Rev:14 RR B","Remision":"A2/41587","CveCiudad":"AGS","NombreVendedor":"CASA CASA"},{"Id_Viaje":3038769,"IDPedido":582767,"CargaViaje":6,"IDPlanta":36,"NombrePlantaViaje":"Q1-Apaseo","IDUnidad":276,"NombreUnidad":"CR-212","IDOperador":1614,"NombreOperador":"MANUEL VARGAS","IDEstatusViaje":2,"NombreEstatus":"Entregado","FechaInicio":"2/12/2026 12:00:00 AM","HoraInicio":"13:30","HoraFin":"15:30","IDObra":196001,"NombreObra":"LOCARNO RESIDENCIAL","IDClienteSAE":196,"NombreCliente":"LAEESA SOLUTIONS","IDUso":8,"NombreUso":"Losa","IDProducto":4401,"NombreProducto":"CONCRETO f\u0027c=200 Ag=20 Rev=14 B 28","Remision":"Q1/11480","CveCiudad":"QRO","NombreVendedor":"MIGUEL ANGEL GUTIERREZ"},{"Id_Viaje":3038771,"IDPedido":582767,"CargaViaje":5,"IDPlanta":36,"NombrePlantaViaje":"Q1-Apaseo","IDUnidad":278,"NombreUnidad":"CR-218","IDOperador":1068,"NombreOperador":"HONORIO ISIDRO LOPEZ","IDEstatusViaje":2,"NombreEstatus":"Entregado","FechaInicio":"2/12/2026 12:00:00 AM","HoraInicio":"13:40","HoraFin":"15:40","IDObra":196001,"NombreObra":"LOCARNO RESIDENCIAL","IDClienteSAE":196,"NombreCliente":"LAEESA SOLUTIONS","IDUso":8,"NombreUso":"Losa","IDProducto":4401,"NombreProducto":"CONCRETO f\u0027c=200 Ag=20 Rev=14 B 28","Remision":"Q1/11481","CveCiudad":"QRO","NombreVendedor":"MIGUEL ANGEL GUTIERREZ"},{"Id_Viaje":3038773,"IDPedido":582684,"CargaViaje":7,"IDPlanta":31,"NombrePlantaViaje":"G3-Tlajomulco","IDUnidad":150,"NombreUnidad":"CR-109","IDOperador":180,"NombreOperador":"EDUARDO ORTIZ","IDEstatusViaje":1,"NombreEstatus":"Despachado","FechaInicio":"2/12/2026 12:00:00 AM","HoraInicio":"12:30","HoraFin":"14:30","IDObra":6309004,"NombreObra":"ZACOALCO 2","IDClienteSAE":6309,"NombreCliente":"ARCH-VISION","IDUso":8,"NombreUso":"Losa","IDProducto":2773,"NombreProducto":"CONCRETO MR:45 Ag=40 Rev:10 A1 D","Remision":"G3/49883","CveCiudad":"GDL","NombreVendedor":"RODOLFO ARREDONDO"},{"Id_Viaje":3038779,"IDPedido":582666,"CargaViaje":7,"IDPlanta":8,"NombrePlantaViaje":"M3-Santa","IDUnidad":371,"NombreUnidad":"CR-008","IDOperador":1199,"NombreOperador":"GABRIEL RIVERA","IDEstatusViaje":2,"NombreEstatus":"Entregado","FechaInicio":"2/12/2026 12:00:00 AM","HoraInicio":"23:10","HoraFin":"23:40","IDObra":11235003,"NombreObra":"parque garcia","IDClienteSAE":11235,"NombreCliente":"PROPIEDADES SIERRA","IDUso":24,"NombreUso":"Pilotes","IDProducto":511,"NombreProducto":"CONCRETO f\u0027c=250 Ag=20 Rev=14 A1 B","Remision":"M3/42714","CveCiudad":"MTY","NombreVendedor":"GUILLERMO RAMA HERRERA"},{"Id_Viaje":3038781,"IDPedido":582660,"CargaViaje":5,"IDPlanta":16,"NombrePlantaViaje":"M6-Juarez","IDUnidad":133,"NombreUnidad":"CR-124","IDOperador":1546,"NombreOperador":"VICTOR ADRIAN HERNANDEZ","IDEstatusViaje":2,"NombreEstatus":"Entregado","FechaInicio":"2/12/2026 12:00:00 AM","HoraInicio":"14:30","HoraFin":"16:30","IDObra":4947068,"NombreObra":"valle real","IDClienteSAE":4947,"NombreCliente":"CONCRETOS DELESE","IDUso":8,"NombreUso":"Losa","IDProducto":1544,"NombreProducto":"CONCRETO f\u0027c=200 Ag=20 Rev=18 A1 D","Remision":"M6/67087","CveCiudad":"MTY","NombreVendedor":"OMAR HECTOR ARTEAGA"},{"Id_Viaje":3038783,"IDPedido":582660,"CargaViaje":4,"IDPlanta":16,"NombrePlantaViaje":"M6-Juarez","IDUnidad":231,"NombreUnidad":"CR-151","IDOperador":1581,"NombreOperador":"FRANCISCO JAVIER GONZALEZ","IDEstatusViaje":2,"NombreEstatus":"Entregado","FechaInicio":"2/12/2026 12:00:00 AM","HoraInicio":"14:40","HoraFin":"16:40","IDObra":4947068,"NombreObra":"valle real","IDClienteSAE":4947,"NombreCliente":"CONCRETOS DELESE","IDUso":8,"NombreUso":"Losa","IDProducto":1544,"NombreProducto":"CONCRETO f\u0027c=200 Ag=20 Rev=18 A1 D","Remision":"M6/67088","CveCiudad":"MTY","NombreVendedor":"OMAR HECTOR ARTEAGA"},{"Id_Viaje":3038785,"IDPedido":582713,"CargaViaje":2.5,"IDPlanta":23,"NombrePlantaViaje":"L1-Leon","IDUnidad":290,"NombreUnidad":"CR-215 RRF","IDOperador":1578,"NombreOperador":"JOSE FLORENTINO TORRES","IDEstatusViaje":1,"NombreEstatus":"Despachado","FechaInicio":"2/12/2026 12:00:00 AM","HoraInicio":"15:00","HoraFin":"17:00","IDObra":1004013,"NombreObra":"sacromonte 7","IDClienteSAE":1004,"NombreCliente":"INMOBILIARIA GESTORIA Y ASESORIA","IDUso":21,"NombreUso":"Castillos","IDProducto":11361,"NombreProducto":"CONCRETO f\u0027c=150 Ag=10 Rev=14 D 28","Remision":"L1/41023","CveCiudad":"LEON","NombreVendedor":"OFICINA MATRIZ"},{"Id_Viaje":3038787,"IDPedido":582769,"CargaViaje":2.5,"IDPlanta":36,"NombrePlantaViaje":"Q1-Apaseo","IDUnidad":279,"NombreUnidad":"CR-228","IDOperador":1612,"NombreOperador":"LUIS ALBERTO REYES","IDEstatusViaje":2,"NombreEstatus":"Entregado","FechaInicio":"2/12/2026 12:00:00 AM","HoraInicio":"15:00","HoraFin":"17:00","IDObra":1012001,"NombreObra":"arimatea - meseta habitatt","IDClienteSAE":1012,"NombreCliente":"INMOBILIARIA GESTORIA Y ASESORIA","IDUso":21,"NombreUso":"Castillos","IDProducto":10455,"NombreProducto":"CONCRETO f\u0027c=150 Ag=10 Rev=10 D 28","Remision":"Q1/11483","CveCiudad":"QRO","NombreVendedor":"YIMI EDUARDO VAZQUEZ"},{"Id_Viaje":3038793,"IDPedido":582771,"CargaViaje":6,"IDPlanta":36,"NombrePlantaViaje":"Q1-Apaseo","IDUnidad":382,"NombreUnidad":"CR-9RH","IDOperador":1586,"NombreOperador":"RAMIRO HERNANDEZ","IDEstatusViaje":2,"NombreEstatus":"Entregado","FechaInicio":"2/12/2026 12:00:00 AM","HoraInicio":"15:00","HoraFin":"17:00","IDObra":313001,"NombreObra":"HACIENDA SUR","IDClienteSAE":313,"NombreCliente":"VALLE DE LOS MEZQUITES","IDUso":2,"NombreUso":"Cimentacion","IDProducto":4355,"NombreProducto":"CONCRETO f\u0027c=250 Ag=20 Rev=10 D 28","Remision":"Q1/11484","CveCiudad":"QRO","NombreVendedor":"YIMI EDUARDO VAZQUEZ"},{"Id_Viaje":3038799,"IDPedido":582704,"CargaViaje":6,"IDPlanta":31,"NombrePlantaViaje":"G3-Tlajomulco","IDUnidad":316,"NombreUnidad":"CR-013","IDOperador":40,"NombreOperador":"JUAN PABLO ESCOBAR","IDEstatusViaje":1,"NombreEstatus":"Despachado","FechaInicio":"2/12/2026 12:00:00 AM","HoraInicio":"15:00","HoraFin":"17:00","IDObra":4250010,"NombreObra":"acatlan 2","IDClienteSAE":4250,"NombreCliente":"CONSTRUCTORA SOLURG","IDUso":8,"NombreUso":"Losa","IDProducto":11448,"NombreProducto":"CONCRETO f\u0027c=250 Ag=20 Rev=10 D 28","Remision":"G3/49885","CveCiudad":"GDL","NombreVendedor":"RODOLFO ARREDONDO"},{"Id_Viaje":3038801,"IDPedido":582704,"CargaViaje":6,"IDPlanta":31,"NombrePlantaViaje":"G3-Tlajomulco","IDUnidad":191,"NombreUnidad":"CR-111","IDOperador":1635,"NombreOperador":"FERNANDO GIMENEZ","IDEstatusViaje":1,"NombreEstatus":"Despachado","FechaInicio":"2/12/2026 12:00:00 AM","HoraInicio":"15:10","HoraFin":"17:10","IDObra":4250010,"NombreObra":"acatlan 2","IDClienteSAE":4250,"NombreCliente":"CONSTRUCTORA SOLURG","IDUso":8,"NombreUso":"Losa","IDProducto":11448,"NombreProducto":"CONCRETO f\u0027c=250 Ag=20 Rev=10 D 28","Remision":"G3/49886","CveCiudad":"GDL","NombreVendedor":"RODOLFO ARREDONDO"},{"Id_Viaje":3038803,"IDPedido":582704,"CargaViaje":6,"IDPlanta":31,"NombrePlantaViaje":"G3-Tlajomulco","IDUnidad":85,"NombreUnidad":"CR-110","IDOperador":735,"NombreOperador":"J NICOLAS FRANCO","IDEstatusViaje":1,"NombreEstatus":"Despachado","FechaInicio":"2/12/2026 12:00:00 AM","HoraInicio":"15:20","HoraFin":"17:20","IDObra":4250010,"NombreObra":"acatlan 2","IDClienteSAE":4250,"NombreCliente":"CONSTRUCTORA SOLURG","IDUso":8,"NombreUso":"Losa","IDProducto":11448,"NombreProducto":"CONCRETO f\u0027c=250 Ag=20 Rev=10 D 28","Remision":"G3/49887","CveCiudad":"GDL","NombreVendedor":"RODOLFO ARREDONDO"},{"Id_Viaje":3038805,"IDPedido":582704,"CargaViaje":6,"IDPlanta":31,"NombrePlantaViaje":"G3-Tlajomulco","IDUnidad":88,"NombreUnidad":"CR-113","IDOperador":487,"NombreOperador":"[LIBRE] X","IDEstatusViaje":1,"NombreEstatus":"Despachado","FechaInicio":"2/12/2026 12:00:00 AM","HoraInicio":"15:30","HoraFin":"17:30","IDObra":4250010,"NombreObra":"acatlan 2","IDClienteSAE":4250,"NombreCliente":"CONSTRUCTORA SOLURG","IDUso":8,"NombreUso":"Losa","IDProducto":11448,"NombreProducto":"CONCRETO f\u0027c=250 Ag=20 Rev=10 D 28","Remision":"G3/49888","CveCiudad":"GDL","NombreVendedor":"RODOLFO ARREDONDO"},{"Id_Viaje":3038811,"IDPedido":582773,"CargaViaje":5,"IDPlanta":11,"NombrePlantaViaje":"M4-Centro","IDUnidad":78,"NombreUnidad":"CR-062","IDOperador":1478,"NombreOperador":"VICTOR HUGO MARTINEZ","IDEstatusViaje":2,"NombreEstatus":"Entregado","FechaInicio":"2/12/2026 12:00:00 AM","HoraInicio":"16:00","HoraFin":"18:00","IDObra":10580001,"NombreObra":"catehua","IDClienteSAE":10580,"NombreCliente":"LEMURA VIVIENDA","IDUso":9,"NombreUso":"Muro","IDProducto":9970,"NombreProducto":"CONCRETO f\u0027c=450 Ag=20 Rev=18 B 28","Remision":"M4/89130","CveCiudad":"MTY","NombreVendedor":"BLANCA P. GARZA"},{"Id_Viaje":3038813,"IDPedido":582773,"CargaViaje":7,"IDPlanta":11,"NombrePlantaViaje":"M4-Centro","IDUnidad":213,"NombreUnidad":"CR-171","IDOperador":1610,"NombreOperador":"MOISES ISRAEL HERNANDEZ","IDEstatusViaje":2,"NombreEstatus":"Entregado","FechaInicio":"2/12/2026 12:00:00 AM","HoraInicio":"16:10","HoraFin":"18:10","IDObra":10580001,"NombreObra":"catehua","IDClienteSAE":10580,"NombreCliente":"LEMURA VIVIENDA","IDUso":9,"NombreUso":"Muro","IDProducto":9970,"NombreProducto":"CONCRETO f\u0027c=450 Ag=20 Rev=18 B 28","Remision":"M4/89129","CveCiudad":"MTY","NombreVendedor":"BLANCA P. GARZA"}]