[{"Id_Viaje":3033457,"IDPedido":581622,"CargaViaje":7,"IDPlanta":16,"NombrePlantaViaje":"M6-Juarez","IDUnidad":371,"NombreUnidad":"CR-008","IDOperador":1199,"NombreOperador":"GABRIEL RIVERA","IDEstatusViaje":2,"NombreEstatus":"Entregado","FechaInicio":"2/7/2026 12:00:00 AM","HoraInicio":"09:00","HoraFin":"11:00","IDObra":9876034,"NombreObra":"corfu residencial","IDClienteSAE":9876,"NombreCliente":"MX CONSTRUCCIONES","IDUso":24,"NombreUso":"Pilotes","IDProducto":483,"NombreProducto":"CONCRETO f\u0027c=200 Ag=20. Rev=10 A1 D","Remision":"M6/67052","CveCiudad":"MTY","NombreVendedor":"ENRIQUE ALVAREZ"},{"Id_Viaje":3035748,"IDPedido":582079,"CargaViaje":7,"IDPlanta":11,"NombrePlantaViaje":"M4-Centro","IDUnidad":78,"NombreUnidad":"CR-062","IDOperador":1478,"NombreOperador":"VICTOR HUGO MARTINEZ","IDEstatusViaje":2,"NombreEstatus":"Entregado","FechaInicio":"2/7/2026 12:00:00 AM","HoraInicio":"08:00","HoraFin":"10:00","IDObra":9997001,"NombreObra":"coca-cola guadalupe","IDClienteSAE":9997,"NombreCliente":"SERVICIOS INDUSTRIALES MIRAMONTES","IDUso":7,"NombreUso":"Firme","IDProducto":1567,"NombreProducto":"CONCRETO f\u0027c=300 Ag=20 Rev=10 A1 D","Remision":"M4/89063","CveCiudad":"MTY","NombreVendedor":"ENRIQUE ALVAREZ"},{"Id_Viaje":3036081,"IDPedido":582173,"CargaViaje":7,"IDPlanta":19,"NombrePlantaViaje":"M1-Apodaca","IDUnidad":71,"NombreUnidad":"CR-038","IDOperador":1508,"NombreOperador":"VICTOR MANUEL CAMARILLO","IDEstatusViaje":2,"NombreEstatus":"Entregado","FechaInicio":"2/7/2026 12:00:00 AM","HoraInicio":"07:00","HoraFin":"09:00","IDObra":12142002,"NombreObra":"casa blanca","IDClienteSAE":12142,"NombreCliente":"F \u0026 C CONSULTORIA Y CONSTRUCCION","IDUso":1,"NombreUso":"Banqueta","IDProducto":1526,"NombreProducto":"CONCRETO f\u0027c=150 Ag=20 Rev=14 A1","Remision":"M1/91154","CveCiudad":"MTY","NombreVendedor":"CESAR LUNA"},{"Id_Viaje":3036897,"IDPedido":582335,"CargaViaje":2.5,"IDPlanta":19,"NombrePlantaViaje":"M1-Apodaca","IDUnidad":332,"NombreUnidad":"CR-026","IDOperador":1458,"NombreOperador":"MIGUEL ANGEL LUGO","IDEstatusViaje":2,"NombreEstatus":"Entregado","FechaInicio":"2/7/2026 12:00:00 AM","HoraInicio":"11:00","HoraFin":"13:00","IDObra":541067,"NombreObra":"pcm finsa guadalupe","IDClienteSAE":541,"NombreCliente":"DESARROLLOS LOCSA","IDUso":8,"NombreUso":"Losa","IDProducto":483,"NombreProducto":"CONCRETO f\u0027c=200 Ag=20. Rev=10 A1 D","Remision":"M1/91111","CveCiudad":"MTY","NombreVendedor":"GUILLERMO RAMA HERRERA"},{"Id_Viaje":3036903,"IDPedido":582334,"CargaViaje":2.5,"IDPlanta":19,"NombrePlantaViaje":"M1-Apodaca","IDUnidad":348,"NombreUnidad":"CR-070","IDOperador":1536,"NombreOperador":"JESUS LOPEZ","IDEstatusViaje":2,"NombreEstatus":"Entregado","FechaInicio":"2/7/2026 12:00:00 AM","HoraInicio":"07:30","HoraFin":"09:30","IDObra":6940043,"NombreObra":"COSMOPOLIS NAVE NIVA","IDClienteSAE":6940,"NombreCliente":"CONSTRUCTORA Y URBANIZADORA JVM DEL NORTE","IDUso":1,"NombreUso":"Banqueta","IDProducto":575,"NombreProducto":"CONCRETO f\u0027c=200 Ag=20 Rev=12 A1 D","Remision":"M1/91101","CveCiudad":"MTY","NombreVendedor":"ENRIQUE ALVAREZ"},{"Id_Viaje":3036921,"IDPedido":582355,"CargaViaje":7,"IDPlanta":8,"NombrePlantaViaje":"M3-Santa","IDUnidad":35,"NombreUnidad":"CR-051","IDOperador":1477,"NombreOperador":"JONATHAN PABLO ROJAS","IDEstatusViaje":2,"NombreEstatus":"Entregado","FechaInicio":"2/7/2026 12:00:00 AM","HoraInicio":"09:30","HoraFin":"11:30","IDObra":9882014,"NombreObra":"magna park","IDClienteSAE":9882,"NombreCliente":"FINISTERRE CAPITAL","IDUso":15,"NombreUso":"Zapatas","IDProducto":483,"NombreProducto":"CONCRETO f\u0027c=200 Ag=20. Rev=10 A1 D","Remision":"M3/42691","CveCiudad":"MTY","NombreVendedor":"ENRIQUE ALVAREZ"},{"Id_Viaje":3036923,"IDPedido":582355,"CargaViaje":7,"IDPlanta":8,"NombrePlantaViaje":"M3-Santa","IDUnidad":337,"NombreUnidad":"CR-200","IDOperador":1462,"NombreOperador":"JOSE LUIS RODRIGUEZ","IDEstatusViaje":2,"NombreEstatus":"Entregado","FechaInicio":"2/7/2026 12:00:00 AM","HoraInicio":"09:40","HoraFin":"11:40","IDObra":9882014,"NombreObra":"magna park","IDClienteSAE":9882,"NombreCliente":"FINISTERRE CAPITAL","IDUso":15,"NombreUso":"Zapatas","IDProducto":483,"NombreProducto":"CONCRETO f\u0027c=200 Ag=20. Rev=10 A1 D","Remision":"M3/42693","CveCiudad":"MTY","NombreVendedor":"ENRIQUE ALVAREZ"},{"Id_Viaje":3036931,"IDPedido":582358,"CargaViaje":3.5,"IDPlanta":7,"NombrePlantaViaje":"M2-Escobedo","IDUnidad":339,"NombreUnidad":"CR- 243","IDOperador":1552,"NombreOperador":"JOSE ISAIAS ROCHA","IDEstatusViaje":2,"NombreEstatus":"Entregado","FechaInicio":"2/7/2026 12:00:00 AM","HoraInicio":"08:30","HoraFin":"10:30","IDObra":9727008,"NombreObra":"fracc. vistas de las mitras","IDClienteSAE":9727,"NombreCliente":"CONCRETA ESPACIOS HABITACIONALES","IDUso":1,"NombreUso":"Banqueta","IDProducto":480,"NombreProducto":"CONCRETO f\u0027c=100 Ag=20 Rev=10 A1 D","Remision":"M2/79872","CveCiudad":"MTY","NombreVendedor":"ENRIQUE ALVAREZ"},{"Id_Viaje":3036938,"IDPedido":582360,"CargaViaje":7,"IDPlanta":7,"NombrePlantaViaje":"M2-Escobedo","IDUnidad":309,"NombreUnidad":"CR-117","IDOperador":1470,"NombreOperador":"ERICK BENJAMIN HERRERA","IDEstatusViaje":2,"NombreEstatus":"Entregado","FechaInicio":"2/7/2026 12:00:00 AM","HoraInicio":"09:00","HoraFin":"11:00","IDObra":8894025,"NombreObra":"cumbres platino","IDClienteSAE":8894,"NombreCliente":"ACRE PROMOTORA","IDUso":8,"NombreUso":"Losa","IDProducto":491,"NombreProducto":"CONCRETO f\u0027c=200 Ag=20 Rev=14 A1 B","Remision":"M2/79873","CveCiudad":"MTY","NombreVendedor":"SILVIA LOZANO"},{"Id_Viaje":3036940,"IDPedido":582360,"CargaViaje":7,"IDPlanta":7,"NombrePlantaViaje":"M2-Escobedo","IDUnidad":38,"NombreUnidad":"CR-120","IDOperador":1517,"NombreOperador":"JESUS ALBERTO SAUCEDA","IDEstatusViaje":2,"NombreEstatus":"Entregado","FechaInicio":"2/7/2026 12:00:00 AM","HoraInicio":"09:10","HoraFin":"11:10","IDObra":8894025,"NombreObra":"cumbres platino","IDClienteSAE":8894,"NombreCliente":"ACRE PROMOTORA","IDUso":8,"NombreUso":"Losa","IDProducto":491,"NombreProducto":"CONCRETO f\u0027c=200 Ag=20 Rev=14 A1 B","Remision":"M2/79874","CveCiudad":"MTY","NombreVendedor":"SILVIA LOZANO"},{"Id_Viaje":3037098,"IDPedido":581821,"CargaViaje":5.5,"IDPlanta":19,"NombrePlantaViaje":"M1-Apodaca","IDUnidad":261,"NombreUnidad":"CR-213","IDOperador":1631,"NombreOperador":"IVAN SANCHEZ","IDEstatusViaje":2,"NombreEstatus":"Entregado","FechaInicio":"2/7/2026 12:00:00 AM","HoraInicio":"08:30","HoraFin":"10:30","IDObra":11302015,"NombreObra":"casa blanca","IDClienteSAE":11302,"NombreCliente":"LUZ DE PARIS","IDUso":1,"NombreUso":"Banqueta","IDProducto":1526,"NombreProducto":"CONCRETO f\u0027c=150 Ag=20 Rev=14 A1","Remision":"M1/91104","CveCiudad":"MTY","NombreVendedor":"BLANCA P. GARZA"},{"Id_Viaje":3037100,"IDPedido":581987,"CargaViaje":4.5,"IDPlanta":18,"NombrePlantaViaje":"M7-Salinas","IDUnidad":242,"NombreUnidad":"CR - 150","IDOperador":1750,"NombreOperador":"BARTOLO HERNANDEZ","IDEstatusViaje":2,"NombreEstatus":"Entregado","FechaInicio":"2/7/2026 12:00:00 AM","HoraInicio":"09:00","HoraFin":"11:00","IDObra":8153050,"NombreObra":"CASTILLA DIAMANTE","IDClienteSAE":8153,"NombreCliente":"CONSTRUCTORA OBREGON FERNANDEZ","IDUso":2,"NombreUso":"Cimentacion","IDProducto":575,"NombreProducto":"CONCRETO f\u0027c=200 Ag=20 Rev=12 A1 D","Remision":"M7/41041","CveCiudad":"MTY","NombreVendedor":"CESAR LUNA"},{"Id_Viaje":3037102,"IDPedido":582359,"CargaViaje":7,"IDPlanta":19,"NombrePlantaViaje":"M1-Apodaca","IDUnidad":314,"NombreUnidad":"CR-229","IDOperador":1529,"NombreOperador":"ENRIQUE YESCAS","IDEstatusViaje":2,"NombreEstatus":"Entregado","FechaInicio":"2/7/2026 12:00:00 AM","HoraInicio":"07:20","HoraFin":"09:20","IDObra":11302015,"NombreObra":"casa blanca","IDClienteSAE":11302,"NombreCliente":"LUZ DE PARIS","IDUso":2,"NombreUso":"Cimentacion","IDProducto":491,"NombreProducto":"CONCRETO f\u0027c=200 Ag=20 Rev=14 A1 B","Remision":"M1/91100","CveCiudad":"MTY","NombreVendedor":"BLANCA P. GARZA"},{"Id_Viaje":3037107,"IDPedido":582401,"CargaViaje":7,"IDPlanta":11,"NombrePlantaViaje":"M4-Centro","IDUnidad":173,"NombreUnidad":"CR-165","IDOperador":1758,"NombreOperador":"CESAR MICHEL CARREON","IDEstatusViaje":2,"NombreEstatus":"Entregado","FechaInicio":"2/7/2026 12:00:00 AM","HoraInicio":"07:30","HoraFin":"09:30","IDObra":11235010,"NombreObra":"PLAZA LAS TORRES","IDClienteSAE":11235,"NombreCliente":"PROPIEDADES SIERRA","IDUso":24,"NombreUso":"Pilotes","IDProducto":511,"NombreProducto":"CONCRETO f\u0027c=250 Ag=20 Rev=14 A1 B","Remision":"M4/89061","CveCiudad":"MTY","NombreVendedor":"GUILLERMO RAMA HERRERA"},{"Id_Viaje":3037109,"IDPedido":582401,"CargaViaje":7,"IDPlanta":11,"NombrePlantaViaje":"M4-Centro","IDUnidad":214,"NombreUnidad":"CR-170","IDOperador":1722,"NombreOperador":"EDGAR JAVIER MARROQUIN","IDEstatusViaje":2,"NombreEstatus":"Entregado","FechaInicio":"2/7/2026 12:00:00 AM","HoraInicio":"07:40","HoraFin":"09:40","IDObra":11235010,"NombreObra":"PLAZA LAS TORRES","IDClienteSAE":11235,"NombreCliente":"PROPIEDADES SIERRA","IDUso":24,"NombreUso":"Pilotes","IDProducto":511,"NombreProducto":"CONCRETO f\u0027c=250 Ag=20 Rev=14 A1 B","Remision":"M4/89058","CveCiudad":"MTY","NombreVendedor":"GUILLERMO RAMA HERRERA"},{"Id_Viaje":3037115,"IDPedido":582401,"CargaViaje":7,"IDPlanta":11,"NombrePlantaViaje":"M4-Centro","IDUnidad":206,"NombreUnidad":"CR-174","IDOperador":1692,"NombreOperador":"IVAN ENRIQUE PULGARIN","IDEstatusViaje":2,"NombreEstatus":"Entregado","FechaInicio":"2/7/2026 12:00:00 AM","HoraInicio":"08:10","HoraFin":"10:10","IDObra":11235010,"NombreObra":"PLAZA LAS TORRES","IDClienteSAE":11235,"NombreCliente":"PROPIEDADES SIERRA","IDUso":24,"NombreUso":"Pilotes","IDProducto":511,"NombreProducto":"CONCRETO f\u0027c=250 Ag=20 Rev=14 A1 B","Remision":"M4/89065","CveCiudad":"MTY","NombreVendedor":"GUILLERMO RAMA HERRERA"},{"Id_Viaje":3037117,"IDPedido":582401,"CargaViaje":7,"IDPlanta":11,"NombrePlantaViaje":"M4-Centro","IDUnidad":366,"NombreUnidad":"CR-235","IDOperador":1198,"NombreOperador":"ALEJANDRO TREVIÑO","IDEstatusViaje":2,"NombreEstatus":"Entregado","FechaInicio":"2/7/2026 12:00:00 AM","HoraInicio":"08:20","HoraFin":"10:20","IDObra":11235010,"NombreObra":"PLAZA LAS TORRES","IDClienteSAE":11235,"NombreCliente":"PROPIEDADES SIERRA","IDUso":24,"NombreUso":"Pilotes","IDProducto":511,"NombreProducto":"CONCRETO f\u0027c=250 Ag=20 Rev=14 A1 B","Remision":"M4/89060","CveCiudad":"MTY","NombreVendedor":"GUILLERMO RAMA HERRERA"},{"Id_Viaje":3037119,"IDPedido":582401,"CargaViaje":7,"IDPlanta":11,"NombrePlantaViaje":"M4-Centro","IDUnidad":8,"NombreUnidad":"CR-244","IDOperador":1151,"NombreOperador":"GERARDO GARCIA","IDEstatusViaje":2,"NombreEstatus":"Entregado","FechaInicio":"2/7/2026 12:00:00 AM","HoraInicio":"08:30","HoraFin":"10:30","IDObra":11235010,"NombreObra":"PLAZA LAS TORRES","IDClienteSAE":11235,"NombreCliente":"PROPIEDADES SIERRA","IDUso":24,"NombreUso":"Pilotes","IDProducto":511,"NombreProducto":"CONCRETO f\u0027c=250 Ag=20 Rev=14 A1 B","Remision":"M4/89059","CveCiudad":"MTY","NombreVendedor":"GUILLERMO RAMA HERRERA"},{"Id_Viaje":3037121,"IDPedido":582401,"CargaViaje":7,"IDPlanta":11,"NombrePlantaViaje":"M4-Centro","IDUnidad":376,"NombreUnidad":"CR-247","IDOperador":1466,"NombreOperador":"JOSE GUADALUPE ESMERALDA","IDEstatusViaje":2,"NombreEstatus":"Entregado","FechaInicio":"2/7/2026 12:00:00 AM","HoraInicio":"08:40","HoraFin":"10:40","IDObra":11235010,"NombreObra":"PLAZA LAS TORRES","IDClienteSAE":11235,"NombreCliente":"PROPIEDADES SIERRA","IDUso":24,"NombreUso":"Pilotes","IDProducto":511,"NombreProducto":"CONCRETO f\u0027c=250 Ag=20 Rev=14 A1 B","Remision":"M4/89062","CveCiudad":"MTY","NombreVendedor":"GUILLERMO RAMA HERRERA"},{"Id_Viaje":3037123,"IDPedido":582401,"CargaViaje":7,"IDPlanta":11,"NombrePlantaViaje":"M4-Centro","IDUnidad":315,"NombreUnidad":"CR-232","IDOperador":1452,"NombreOperador":"VICTOR LOPEZ","IDEstatusViaje":2,"NombreEstatus":"Entregado","FechaInicio":"2/7/2026 12:00:00 AM","HoraInicio":"06:00","HoraFin":"06:30","IDObra":11235010,"NombreObra":"PLAZA LAS TORRES","IDClienteSAE":11235,"NombreCliente":"PROPIEDADES SIERRA","IDUso":24,"NombreUso":"Pilotes","IDProducto":511,"NombreProducto":"CONCRETO f\u0027c=250 Ag=20 Rev=14 A1 B","Remision":"M4/89066","CveCiudad":"MTY","NombreVendedor":"GUILLERMO RAMA HERRERA"},{"Id_Viaje":3037125,"IDPedido":582401,"CargaViaje":7,"IDPlanta":11,"NombrePlantaViaje":"M4-Centro","IDUnidad":314,"NombreUnidad":"CR-229","IDOperador":1529,"NombreOperador":"ENRIQUE YESCAS","IDEstatusViaje":2,"NombreEstatus":"Entregado","FechaInicio":"2/7/2026 12:00:00 AM","HoraInicio":"06:30","HoraFin":"07:00","IDObra":11235010,"NombreObra":"PLAZA LAS TORRES","IDClienteSAE":11235,"NombreCliente":"PROPIEDADES SIERRA","IDUso":24,"NombreUso":"Pilotes","IDProducto":511,"NombreProducto":"CONCRETO f\u0027c=250 Ag=20 Rev=14 A1 B","Remision":"M4/89064","CveCiudad":"MTY","NombreVendedor":"GUILLERMO RAMA HERRERA"},{"Id_Viaje":3037134,"IDPedido":582422,"CargaViaje":7,"IDPlanta":13,"NombrePlantaViaje":"G1- VALLE DE LA MISERICORDIA","IDUnidad":317,"NombreUnidad":"CR-023","IDOperador":481,"NombreOperador":"[LIBRE] LIBRE","IDEstatusViaje":1,"NombreEstatus":"Despachado","FechaInicio":"2/7/2026 12:00:00 AM","HoraInicio":"07:00","HoraFin":"09:00","IDObra":3044076,"NombreObra":"Lopez Cotilla 45438 La Loma Jal.","IDClienteSAE":3044,"NombreCliente":"CUIBA CONSTRUCTORA","IDUso":8,"NombreUso":"Losa","IDProducto":2688,"NombreProducto":"CONCRETO f´c:250 Ag=20 Rev14 A1 B R3 85%","Remision":"G1/70656","CveCiudad":"GDL","NombreVendedor":"CASA CASA"},{"Id_Viaje":3037136,"IDPedido":582422,"CargaViaje":7,"IDPlanta":13,"NombrePlantaViaje":"G1- VALLE DE LA MISERICORDIA","IDUnidad":138,"NombreUnidad":"CR-028","IDOperador":484,"NombreOperador":"[LIBRE] X","IDEstatusViaje":1,"NombreEstatus":"Despachado","FechaInicio":"2/7/2026 12:00:00 AM","HoraInicio":"10:00","HoraFin":"12:00","IDObra":3044076,"NombreObra":"Lopez Cotilla 45438 La Loma Jal.","IDClienteSAE":3044,"NombreCliente":"CUIBA CONSTRUCTORA","IDUso":8,"NombreUso":"Losa","IDProducto":2688,"NombreProducto":"CONCRETO f´c:250 Ag=20 Rev14 A1 B R3 85%","Remision":"G1/70657","CveCiudad":"GDL","NombreVendedor":"CASA CASA"},{"Id_Viaje":3037138,"IDPedido":582422,"CargaViaje":7,"IDPlanta":13,"NombrePlantaViaje":"G1- VALLE DE LA MISERICORDIA","IDUnidad":319,"NombreUnidad":"CR-040","IDOperador":481,"NombreOperador":"[LIBRE] LIBRE","IDEstatusViaje":1,"NombreEstatus":"Despachado","FechaInicio":"2/7/2026 12:00:00 AM","HoraInicio":"13:00","HoraFin":"15:00","IDObra":3044076,"NombreObra":"Lopez Cotilla 45438 La Loma Jal.","IDClienteSAE":3044,"NombreCliente":"CUIBA CONSTRUCTORA","IDUso":8,"NombreUso":"Losa","IDProducto":2688,"NombreProducto":"CONCRETO f´c:250 Ag=20 Rev14 A1 B R3 85%","Remision":"G1/70658","CveCiudad":"GDL","NombreVendedor":"CASA CASA"},{"Id_Viaje":3037140,"IDPedido":582422,"CargaViaje":7,"IDPlanta":13,"NombrePlantaViaje":"G1- VALLE DE LA MISERICORDIA","IDUnidad":86,"NombreUnidad":"CR-049","IDOperador":93,"NombreOperador":"MARCO ANTONIO GUZMAN","IDEstatusViaje":1,"NombreEstatus":"Despachado","FechaInicio":"2/7/2026 12:00:00 AM","HoraInicio":"16:00","HoraFin":"18:00","IDObra":3044076,"NombreObra":"Lopez Cotilla 45438 La Loma Jal.","IDClienteSAE":3044,"NombreCliente":"CUIBA CONSTRUCTORA","IDUso":8,"NombreUso":"Losa","IDProducto":2688,"NombreProducto":"CONCRETO f´c:250 Ag=20 Rev14 A1 B R3 85%","Remision":"G1/70659","CveCiudad":"GDL","NombreVendedor":"CASA CASA"},{"Id_Viaje":3037142,"IDPedido":582422,"CargaViaje":7,"IDPlanta":13,"NombrePlantaViaje":"G1- VALLE DE LA MISERICORDIA","IDUnidad":85,"NombreUnidad":"CR-110","IDOperador":735,"NombreOperador":"J NICOLAS FRANCO","IDEstatusViaje":1,"NombreEstatus":"Despachado","FechaInicio":"2/7/2026 12:00:00 AM","HoraInicio":"19:00","HoraFin":"21:00","IDObra":3044076,"NombreObra":"Lopez Cotilla 45438 La Loma Jal.","IDClienteSAE":3044,"NombreCliente":"CUIBA CONSTRUCTORA","IDUso":8,"NombreUso":"Losa","IDProducto":2688,"NombreProducto":"CONCRETO f´c:250 Ag=20 Rev14 A1 B R3 85%","Remision":"G1/70660","CveCiudad":"GDL","NombreVendedor":"CASA CASA"},{"Id_Viaje":3037146,"IDPedido":582422,"CargaViaje":7,"IDPlanta":13,"NombrePlantaViaje":"G1- VALLE DE LA MISERICORDIA","IDUnidad":99,"NombreUnidad":"CR-119","IDOperador":704,"NombreOperador":"JUAN ISRAEL TORRES","IDEstatusViaje":1,"NombreEstatus":"Despachado","FechaInicio":"2/7/2026 12:00:00 AM","HoraInicio":"01:00","HoraFin":"03:00","IDObra":3044076,"NombreObra":"Lopez Cotilla 45438 La Loma Jal.","IDClienteSAE":3044,"NombreCliente":"CUIBA CONSTRUCTORA","IDUso":8,"NombreUso":"Losa","IDProducto":2688,"NombreProducto":"CONCRETO f´c:250 Ag=20 Rev14 A1 B R3 85%","Remision":"G1/70655","CveCiudad":"GDL","NombreVendedor":"CASA CASA"},{"Id_Viaje":3037148,"IDPedido":582423,"CargaViaje":7,"IDPlanta":31,"NombrePlantaViaje":"G3-Tlajomulco","IDUnidad":316,"NombreUnidad":"CR-013","IDOperador":40,"NombreOperador":"JUAN PABLO ESCOBAR","IDEstatusViaje":1,"NombreEstatus":"Despachado","FechaInicio":"2/7/2026 12:00:00 AM","HoraInicio":"08:30","HoraFin":"10:30","IDObra":6309004,"NombreObra":"ZACOALCO 2","IDClienteSAE":6309,"NombreCliente":"ARCH-VISION","IDUso":8,"NombreUso":"Losa","IDProducto":2773,"NombreProducto":"CONCRETO MR:45 Ag=40 Rev:10 A1 D","Remision":"G3/49849","CveCiudad":"GDL","NombreVendedor":"RODOLFO ARREDONDO"},{"Id_Viaje":3037152,"IDPedido":582425,"CargaViaje":7,"IDPlanta":31,"NombrePlantaViaje":"G3-Tlajomulco","IDUnidad":151,"NombreUnidad":"CR-086","IDOperador":102,"NombreOperador":"ALFONSO OVALLE","IDEstatusViaje":1,"NombreEstatus":"Despachado","FechaInicio":"2/7/2026 12:00:00 AM","HoraInicio":"09:30","HoraFin":"11:30","IDObra":4268034,"NombreObra":"CALLE CLAVEL ENTRE HORTENSIA Y GLADIOLA COLONIA LA TIJERA","IDClienteSAE":4268,"NombreCliente":"JAVIER AVALOS MARQUEZ","IDUso":60,"NombreUso":"Machuelo","IDProducto":11448,"NombreProducto":"CONCRETO f\u0027c=250 Ag=20 Rev=10 D 28","Remision":"G3/49850","CveCiudad":"GDL","NombreVendedor":"RODOLFO ARREDONDO"},{"Id_Viaje":3037154,"IDPedido":582426,"CargaViaje":7,"IDPlanta":23,"NombrePlantaViaje":"L1-Leon","IDUnidad":351,"NombreUnidad":"CR-237-DRH","IDOperador":1623,"NombreOperador":"JORGE IGNACIO NEGRETE","IDEstatusViaje":1,"NombreEstatus":"Despachado","FechaInicio":"2/7/2026 12:00:00 AM","HoraInicio":"05:30","HoraFin":"07:30","IDObra":3156001,"NombreObra":"COPACHISA IND. COLINAS DE LEON","IDClienteSAE":3156,"NombreCliente":"COPACHISA","IDUso":9,"NombreUso":"Muro","IDProducto":12109,"NombreProducto":"CONCRETO f\u0027c=280 Ag=20 Rev=14 B 28","Remision":"L1/40961","CveCiudad":"LEON","NombreVendedor":"OFICINA MATRIZ"},{"Id_Viaje":3037156,"IDPedido":582426,"CargaViaje":7,"IDPlanta":23,"NombrePlantaViaje":"L1-Leon","IDUnidad":352,"NombreUnidad":"CR-246-NRH","IDOperador":522,"NombreOperador":"[LIBRE] .","IDEstatusViaje":1,"NombreEstatus":"Despachado","FechaInicio":"2/7/2026 12:00:00 AM","HoraInicio":"05:40","HoraFin":"07:40","IDObra":3156001,"NombreObra":"COPACHISA IND. COLINAS DE LEON","IDClienteSAE":3156,"NombreCliente":"COPACHISA","IDUso":9,"NombreUso":"Muro","IDProducto":12109,"NombreProducto":"CONCRETO f\u0027c=280 Ag=20 Rev=14 B 28","Remision":"L1/40962","CveCiudad":"LEON","NombreVendedor":"OFICINA MATRIZ"},{"Id_Viaje":3037158,"IDPedido":582426,"CargaViaje":7,"IDPlanta":23,"NombrePlantaViaje":"L1-Leon","IDUnidad":165,"NombreUnidad":"CR-207 FRG","IDOperador":1634,"NombreOperador":"JOSE GUADALUPE POZOS","IDEstatusViaje":1,"NombreEstatus":"Despachado","FechaInicio":"2/7/2026 12:00:00 AM","HoraInicio":"05:50","HoraFin":"07:50","IDObra":3156001,"NombreObra":"COPACHISA IND. COLINAS DE LEON","IDClienteSAE":3156,"NombreCliente":"COPACHISA","IDUso":9,"NombreUso":"Muro","IDProducto":12109,"NombreProducto":"CONCRETO f\u0027c=280 Ag=20 Rev=14 B 28","Remision":"L1/40963","CveCiudad":"LEON","NombreVendedor":"OFICINA MATRIZ"},{"Id_Viaje":3037160,"IDPedido":582426,"CargaViaje":7,"IDPlanta":23,"NombrePlantaViaje":"L1-Leon","IDUnidad":292,"NombreUnidad":"CR-210 JRG","IDOperador":1609,"NombreOperador":"ANDRES GONZALEZ","IDEstatusViaje":1,"NombreEstatus":"Despachado","FechaInicio":"2/7/2026 12:00:00 AM","HoraInicio":"06:00","HoraFin":"08:00","IDObra":3156001,"NombreObra":"COPACHISA IND. COLINAS DE LEON","IDClienteSAE":3156,"NombreCliente":"COPACHISA","IDUso":9,"NombreUso":"Muro","IDProducto":12109,"NombreProducto":"CONCRETO f\u0027c=280 Ag=20 Rev=14 B 28","Remision":"L1/40964","CveCiudad":"LEON","NombreVendedor":"OFICINA MATRIZ"},{"Id_Viaje":3037162,"IDPedido":582426,"CargaViaje":7,"IDPlanta":23,"NombrePlantaViaje":"L1-Leon","IDUnidad":290,"NombreUnidad":"CR-215 RRF","IDOperador":1578,"NombreOperador":"JOSE FLORENTINO TORRES","IDEstatusViaje":1,"NombreEstatus":"Despachado","FechaInicio":"2/7/2026 12:00:00 AM","HoraInicio":"06:10","HoraFin":"08:10","IDObra":3156001,"NombreObra":"COPACHISA IND. COLINAS DE LEON","IDClienteSAE":3156,"NombreCliente":"COPACHISA","IDUso":9,"NombreUso":"Muro","IDProducto":12109,"NombreProducto":"CONCRETO f\u0027c=280 Ag=20 Rev=14 B 28","Remision":"L1/40965","CveCiudad":"LEON","NombreVendedor":"OFICINA MATRIZ"},{"Id_Viaje":3037164,"IDPedido":582427,"CargaViaje":7,"IDPlanta":30,"NombrePlantaViaje":"P1-Coronango","IDUnidad":195,"NombreUnidad":"CR-158","IDOperador":1006,"NombreOperador":"VICTOR MANUEL HERNANDEZ","IDEstatusViaje":1,"NombreEstatus":"Despachado","FechaInicio":"2/7/2026 12:00:00 AM","HoraInicio":"06:00","HoraFin":"08:00","IDObra":1491005,"NombreObra":"SANTA CATARINA COATEPEC","IDClienteSAE":1491,"NombreCliente":"GRUPO CONSTRUCTOR MATEOS CABRERA","IDUso":8,"NombreUso":"Losa","IDProducto":11183,"NombreProducto":"CONCRETO F.C. 250 AG 10 REV 16 D 07","Remision":"P1/38477","CveCiudad":"PUE","NombreVendedor":"GUADALUPE HERNANDEZ"},{"Id_Viaje":3037166,"IDPedido":582427,"CargaViaje":7,"IDPlanta":30,"NombrePlantaViaje":"P1-Coronango","IDUnidad":196,"NombreUnidad":"CR-159","IDOperador":1013,"NombreOperador":"ALEJANDRO ARCE","IDEstatusViaje":1,"NombreEstatus":"Despachado","FechaInicio":"2/7/2026 12:00:00 AM","HoraInicio":"06:10","HoraFin":"08:10","IDObra":1491005,"NombreObra":"SANTA CATARINA COATEPEC","IDClienteSAE":1491,"NombreCliente":"GRUPO CONSTRUCTOR MATEOS CABRERA","IDUso":8,"NombreUso":"Losa","IDProducto":11183,"NombreProducto":"CONCRETO F.C. 250 AG 10 REV 16 D 07","Remision":"P1/38478","CveCiudad":"PUE","NombreVendedor":"GUADALUPE HERNANDEZ"},{"Id_Viaje":3037168,"IDPedido":582427,"CargaViaje":7,"IDPlanta":30,"NombrePlantaViaje":"P1-Coronango","IDUnidad":197,"NombreUnidad":"CR-160","IDOperador":1016,"NombreOperador":"FRANCISCO MANUEL PARDO","IDEstatusViaje":1,"NombreEstatus":"Despachado","FechaInicio":"2/7/2026 12:00:00 AM","HoraInicio":"06:20","HoraFin":"08:20","IDObra":1491005,"NombreObra":"SANTA CATARINA COATEPEC","IDClienteSAE":1491,"NombreCliente":"GRUPO CONSTRUCTOR MATEOS CABRERA","IDUso":8,"NombreUso":"Losa","IDProducto":11183,"NombreProducto":"CONCRETO F.C. 250 AG 10 REV 16 D 07","Remision":"P1/38479","CveCiudad":"PUE","NombreVendedor":"GUADALUPE HERNANDEZ"},{"Id_Viaje":3037170,"IDPedido":582427,"CargaViaje":7,"IDPlanta":30,"NombrePlantaViaje":"P1-Coronango","IDUnidad":198,"NombreUnidad":"CR-161","IDOperador":1008,"NombreOperador":"CARLOS ARMAS","IDEstatusViaje":1,"NombreEstatus":"Despachado","FechaInicio":"2/7/2026 12:00:00 AM","HoraInicio":"06:30","HoraFin":"08:30","IDObra":1491005,"NombreObra":"SANTA CATARINA COATEPEC","IDClienteSAE":1491,"NombreCliente":"GRUPO CONSTRUCTOR MATEOS CABRERA","IDUso":8,"NombreUso":"Losa","IDProducto":11183,"NombreProducto":"CONCRETO F.C. 250 AG 10 REV 16 D 07","Remision":"P1/38480","CveCiudad":"PUE","NombreVendedor":"GUADALUPE HERNANDEZ"},{"Id_Viaje":3037172,"IDPedido":582427,"CargaViaje":7,"IDPlanta":30,"NombrePlantaViaje":"P1-Coronango","IDUnidad":199,"NombreUnidad":"CR-162","IDOperador":1005,"NombreOperador":"DAVID FLORES","IDEstatusViaje":1,"NombreEstatus":"Despachado","FechaInicio":"2/7/2026 12:00:00 AM","HoraInicio":"06:40","HoraFin":"08:40","IDObra":1491005,"NombreObra":"SANTA CATARINA COATEPEC","IDClienteSAE":1491,"NombreCliente":"GRUPO CONSTRUCTOR MATEOS CABRERA","IDUso":8,"NombreUso":"Losa","IDProducto":11183,"NombreProducto":"CONCRETO F.C. 250 AG 10 REV 16 D 07","Remision":"P1/38482","CveCiudad":"PUE","NombreVendedor":"GUADALUPE HERNANDEZ"},{"Id_Viaje":3037174,"IDPedido":582427,"CargaViaje":7,"IDPlanta":30,"NombrePlantaViaje":"P1-Coronango","IDUnidad":200,"NombreUnidad":"CR-163","IDOperador":1186,"NombreOperador":"AARON GUTIERREZ","IDEstatusViaje":1,"NombreEstatus":"Despachado","FechaInicio":"2/7/2026 12:00:00 AM","HoraInicio":"06:50","HoraFin":"08:50","IDObra":1491005,"NombreObra":"SANTA CATARINA COATEPEC","IDClienteSAE":1491,"NombreCliente":"GRUPO CONSTRUCTOR MATEOS CABRERA","IDUso":8,"NombreUso":"Losa","IDProducto":11183,"NombreProducto":"CONCRETO F.C. 250 AG 10 REV 16 D 07","Remision":"P1/38483","CveCiudad":"PUE","NombreVendedor":"GUADALUPE HERNANDEZ"},{"Id_Viaje":3037176,"IDPedido":582427,"CargaViaje":7,"IDPlanta":30,"NombrePlantaViaje":"P1-Coronango","IDUnidad":201,"NombreUnidad":"CR-164","IDOperador":1014,"NombreOperador":"NAHUM ROMERO","IDEstatusViaje":1,"NombreEstatus":"Despachado","FechaInicio":"2/7/2026 12:00:00 AM","HoraInicio":"07:00","HoraFin":"09:00","IDObra":1491005,"NombreObra":"SANTA CATARINA COATEPEC","IDClienteSAE":1491,"NombreCliente":"GRUPO CONSTRUCTOR MATEOS CABRERA","IDUso":8,"NombreUso":"Losa","IDProducto":11183,"NombreProducto":"CONCRETO F.C. 250 AG 10 REV 16 D 07","Remision":"P1/38485","CveCiudad":"PUE","NombreVendedor":"GUADALUPE HERNANDEZ"},{"Id_Viaje":3037178,"IDPedido":582427,"CargaViaje":7,"IDPlanta":30,"NombrePlantaViaje":"P1-Coronango","IDUnidad":249,"NombreUnidad":"CR-175","IDOperador":1009,"NombreOperador":"ALBERTO CORTEZ","IDEstatusViaje":1,"NombreEstatus":"Despachado","FechaInicio":"2/7/2026 12:00:00 AM","HoraInicio":"07:10","HoraFin":"09:10","IDObra":1491005,"NombreObra":"SANTA CATARINA COATEPEC","IDClienteSAE":1491,"NombreCliente":"GRUPO CONSTRUCTOR MATEOS CABRERA","IDUso":8,"NombreUso":"Losa","IDProducto":11183,"NombreProducto":"CONCRETO F.C. 250 AG 10 REV 16 D 07","Remision":"P1/38486","CveCiudad":"PUE","NombreVendedor":"GUADALUPE HERNANDEZ"},{"Id_Viaje":3037180,"IDPedido":582427,"CargaViaje":7,"IDPlanta":30,"NombrePlantaViaje":"P1-Coronango","IDUnidad":250,"NombreUnidad":"CR-180","IDOperador":1011,"NombreOperador":"ALBERTO JESUS ALVAREZ","IDEstatusViaje":1,"NombreEstatus":"Despachado","FechaInicio":"2/7/2026 12:00:00 AM","HoraInicio":"07:20","HoraFin":"09:20","IDObra":1491005,"NombreObra":"SANTA CATARINA COATEPEC","IDClienteSAE":1491,"NombreCliente":"GRUPO CONSTRUCTOR MATEOS CABRERA","IDUso":8,"NombreUso":"Losa","IDProducto":11183,"NombreProducto":"CONCRETO F.C. 250 AG 10 REV 16 D 07","Remision":"P1/38488","CveCiudad":"PUE","NombreVendedor":"GUADALUPE HERNANDEZ"},{"Id_Viaje":3037182,"IDPedido":582427,"CargaViaje":7,"IDPlanta":30,"NombrePlantaViaje":"P1-Coronango","IDUnidad":251,"NombreUnidad":"CR-183","IDOperador":1209,"NombreOperador":"IVAN RAMOS","IDEstatusViaje":1,"NombreEstatus":"Despachado","FechaInicio":"2/7/2026 12:00:00 AM","HoraInicio":"07:30","HoraFin":"09:30","IDObra":1491005,"NombreObra":"SANTA CATARINA COATEPEC","IDClienteSAE":1491,"NombreCliente":"GRUPO CONSTRUCTOR MATEOS CABRERA","IDUso":8,"NombreUso":"Losa","IDProducto":11183,"NombreProducto":"CONCRETO F.C. 250 AG 10 REV 16 D 07","Remision":"P1/38489","CveCiudad":"PUE","NombreVendedor":"GUADALUPE HERNANDEZ"},{"Id_Viaje":3037184,"IDPedido":582431,"CargaViaje":7,"IDPlanta":34,"NombrePlantaViaje":"A2-San Francisco","IDUnidad":122,"NombreUnidad":"CR-043-","IDOperador":1067,"NombreOperador":"JUAN HUMBERTO MARQUEZ","IDEstatusViaje":1,"NombreEstatus":"Despachado","FechaInicio":"2/7/2026 12:00:00 AM","HoraInicio":"07:00","HoraFin":"09:00","IDObra":3891003,"NombreObra":"SAN PANCHO","IDClienteSAE":3891,"NombreCliente":"MAOFRE GRUPO CONSTRUCTOR","IDUso":25,"NombreUso":"Pavimento","IDProducto":2602,"NombreProducto":"CONCRETO MR= 38 Ag=40 Rev 10 R7 D","Remision":"A2/41537","CveCiudad":"AGS","NombreVendedor":"CASA CASA"},{"Id_Viaje":3037186,"IDPedido":582431,"CargaViaje":7,"IDPlanta":34,"NombrePlantaViaje":"A2-San Francisco","IDUnidad":350,"NombreUnidad":"CR-047","IDOperador":1076,"NombreOperador":"EZEQUIEL SANDOVAL","IDEstatusViaje":1,"NombreEstatus":"Despachado","FechaInicio":"2/7/2026 12:00:00 AM","HoraInicio":"07:10","HoraFin":"09:10","IDObra":3891003,"NombreObra":"SAN PANCHO","IDClienteSAE":3891,"NombreCliente":"MAOFRE GRUPO CONSTRUCTOR","IDUso":25,"NombreUso":"Pavimento","IDProducto":2602,"NombreProducto":"CONCRETO MR= 38 Ag=40 Rev 10 R7 D","Remision":"A2/41538","CveCiudad":"AGS","NombreVendedor":"CASA CASA"},{"Id_Viaje":3037188,"IDPedido":582431,"CargaViaje":7,"IDPlanta":34,"NombrePlantaViaje":"A2-San Francisco","IDUnidad":48,"NombreUnidad":"CR-063 ZRB","IDOperador":1500,"NombreOperador":"RICARDO CHAVEZ","IDEstatusViaje":1,"NombreEstatus":"Despachado","FechaInicio":"2/7/2026 12:00:00 AM","HoraInicio":"07:20","HoraFin":"09:20","IDObra":3891003,"NombreObra":"SAN PANCHO","IDClienteSAE":3891,"NombreCliente":"MAOFRE GRUPO CONSTRUCTOR","IDUso":25,"NombreUso":"Pavimento","IDProducto":2602,"NombreProducto":"CONCRETO MR= 38 Ag=40 Rev 10 R7 D","Remision":"A2/41540","CveCiudad":"AGS","NombreVendedor":"CASA CASA"},{"Id_Viaje":3037200,"IDPedido":582441,"CargaViaje":7,"IDPlanta":30,"NombrePlantaViaje":"P1-Coronango","IDUnidad":253,"NombreUnidad":"CR-185","IDOperador":868,"NombreOperador":"EDGAR ROMERO","IDEstatusViaje":1,"NombreEstatus":"Despachado","FechaInicio":"2/7/2026 12:00:00 AM","HoraInicio":"09:10","HoraFin":"11:10","IDObra":1847001,"NombreObra":"CBTIS 300","IDClienteSAE":1847,"NombreCliente":"ESPECIALISTAS EN ACABADOS PROFESIONALES","IDUso":7,"NombreUso":"Firme","IDProducto":11315,"NombreProducto":"CONCRETO f\u0027c=200 Ag=10 Rev=14 D 28","Remision":"P1/38484","CveCiudad":"PUE","NombreVendedor":"GUADALUPE HERNANDEZ"},{"Id_Viaje":3037202,"IDPedido":582441,"CargaViaje":7,"IDPlanta":30,"NombrePlantaViaje":"P1-Coronango","IDUnidad":254,"NombreUnidad":"CR-187","IDOperador":1186,"NombreOperador":"AARON GUTIERREZ","IDEstatusViaje":1,"NombreEstatus":"Despachado","FechaInicio":"2/7/2026 12:00:00 AM","HoraInicio":"09:20","HoraFin":"11:20","IDObra":1847001,"NombreObra":"CBTIS 300","IDClienteSAE":1847,"NombreCliente":"ESPECIALISTAS EN ACABADOS PROFESIONALES","IDUso":7,"NombreUso":"Firme","IDProducto":11315,"NombreProducto":"CONCRETO f\u0027c=200 Ag=10 Rev=14 D 28","Remision":"P1/38487","CveCiudad":"PUE","NombreVendedor":"GUADALUPE HERNANDEZ"},{"Id_Viaje":3037204,"IDPedido":582441,"CargaViaje":7,"IDPlanta":30,"NombrePlantaViaje":"P1-Coronango","IDUnidad":9,"NombreUnidad":"CR-192","IDOperador":868,"NombreOperador":"EDGAR ROMERO","IDEstatusViaje":1,"NombreEstatus":"Despachado","FechaInicio":"2/7/2026 12:00:00 AM","HoraInicio":"09:30","HoraFin":"11:30","IDObra":1847001,"NombreObra":"CBTIS 300","IDClienteSAE":1847,"NombreCliente":"ESPECIALISTAS EN ACABADOS PROFESIONALES","IDUso":7,"NombreUso":"Firme","IDProducto":11315,"NombreProducto":"CONCRETO f\u0027c=200 Ag=10 Rev=14 D 28","Remision":"P1/38490","CveCiudad":"PUE","NombreVendedor":"GUADALUPE HERNANDEZ"},{"Id_Viaje":3037206,"IDPedido":582441,"CargaViaje":5,"IDPlanta":30,"NombrePlantaViaje":"P1-Coronango","IDUnidad":195,"NombreUnidad":"CR-158","IDOperador":1006,"NombreOperador":"VICTOR MANUEL HERNANDEZ","IDEstatusViaje":1,"NombreEstatus":"Despachado","FechaInicio":"2/7/2026 12:00:00 AM","HoraInicio":"09:40","HoraFin":"11:40","IDObra":1847001,"NombreObra":"CBTIS 300","IDClienteSAE":1847,"NombreCliente":"ESPECIALISTAS EN ACABADOS PROFESIONALES","IDUso":7,"NombreUso":"Firme","IDProducto":11315,"NombreProducto":"CONCRETO f\u0027c=200 Ag=10 Rev=14 D 28","Remision":"P1/38491","CveCiudad":"PUE","NombreVendedor":"GUADALUPE HERNANDEZ"},{"Id_Viaje":3037208,"IDPedido":582333,"CargaViaje":4,"IDPlanta":16,"NombrePlantaViaje":"M6-Juarez","IDUnidad":133,"NombreUnidad":"CR-124","IDOperador":1546,"NombreOperador":"VICTOR ADRIAN HERNANDEZ","IDEstatusViaje":2,"NombreEstatus":"Entregado","FechaInicio":"2/7/2026 12:00:00 AM","HoraInicio":"07:00","HoraFin":"09:00","IDObra":4947068,"NombreObra":"valle real","IDClienteSAE":4947,"NombreCliente":"CONCRETOS DELESE","IDUso":7,"NombreUso":"Firme","IDProducto":1513,"NombreProducto":"CONCRETO f\u0027c=100 Ag=20 Rev=18 A1 D","Remision":"M6/67051","CveCiudad":"MTY","NombreVendedor":"OMAR HECTOR ARTEAGA"},{"Id_Viaje":3037210,"IDPedido":582432,"CargaViaje":7,"IDPlanta":34,"NombrePlantaViaje":"A2-San Francisco","IDUnidad":108,"NombreUnidad":"CR-098 2RD","IDOperador":1503,"NombreOperador":"ALBERTO HERNANDEZ","IDEstatusViaje":1,"NombreEstatus":"Despachado","FechaInicio":"2/7/2026 12:00:00 AM","HoraInicio":"08:00","HoraFin":"10:00","IDObra":4510002,"NombreObra":"CONSTITUCION","IDClienteSAE":4510,"NombreCliente":"MARIA MAGDALENA CULEBRO PINTO","IDUso":7,"NombreUso":"Firme","IDProducto":11921,"NombreProducto":"CONCRETO f\u0027c=280 Ag=20 Rev=10 D 28","Remision":"A2/41539","CveCiudad":"AGS","NombreVendedor":"HECTOR VILLANUEVA"},{"Id_Viaje":3037212,"IDPedido":582107,"CargaViaje":7,"IDPlanta":19,"NombrePlantaViaje":"M1-Apodaca","IDUnidad":345,"NombreUnidad":"CR-231","IDOperador":1551,"NombreOperador":"ROGELIO MARTINEZ","IDEstatusViaje":2,"NombreEstatus":"Entregado","FechaInicio":"2/7/2026 12:00:00 AM","HoraInicio":"10:00","HoraFin":"12:00","IDObra":8808027,"NombreObra":"patio lermas","IDClienteSAE":8808,"NombreCliente":"PAVIMENTOS CONSERVACION Y MICROSUPERFICIE","IDUso":7,"NombreUso":"Firme","IDProducto":513,"NombreProducto":"CONCRETO f\u0027c=200 Ag=20 Rev=14 A1 D","Remision":"M1/91107","CveCiudad":"MTY","NombreVendedor":"CESAR LUNA"},{"Id_Viaje":3037216,"IDPedido":582429,"CargaViaje":2,"IDPlanta":23,"NombrePlantaViaje":"L1-Leon","IDUnidad":353,"NombreUnidad":"CR-221 XRG","IDOperador":1624,"NombreOperador":"JUAN VICTOR PEREZ","IDEstatusViaje":1,"NombreEstatus":"Despachado","FechaInicio":"2/7/2026 12:00:00 AM","HoraInicio":"08:00","HoraFin":"10:00","IDObra":1004013,"NombreObra":"sacromonte 7","IDClienteSAE":1004,"NombreCliente":"INMOBILIARIA GESTORIA Y ASESORIA","IDUso":21,"NombreUso":"Castillos","IDProducto":11361,"NombreProducto":"CONCRETO f\u0027c=150 Ag=10 Rev=14 D 28","Remision":"L1/40966","CveCiudad":"LEON","NombreVendedor":"OFICINA MATRIZ"},{"Id_Viaje":3037218,"IDPedido":582442,"CargaViaje":5.5,"IDPlanta":23,"NombrePlantaViaje":"L1-Leon","IDUnidad":354,"NombreUnidad":"CR-226 2RH","IDOperador":1329,"NombreOperador":"CHRISTIAN ALEJANDRO ARENAS","IDEstatusViaje":1,"NombreEstatus":"Despachado","FechaInicio":"2/7/2026 12:00:00 AM","HoraInicio":"08:00","HoraFin":"10:00","IDObra":3027001,"NombreObra":"OPTUMUM MOLDS LOMAS DE COMANJILLA","IDClienteSAE":3027,"NombreCliente":"OPTIMUM MOLDS SOLUTIONS","IDUso":15,"NombreUso":"Zapatas","IDProducto":2861,"NombreProducto":"CONCRETO f\u0027c:250 Ag=20 Rev:14 A1 B","Remision":"L1/40967","CveCiudad":"LEON","NombreVendedor":"OFICINA MATRIZ"},{"Id_Viaje":3037220,"IDPedido":582435,"CargaViaje":5,"IDPlanta":20,"NombrePlantaViaje":"A1-Ojo Caliente","IDUnidad":48,"NombreUnidad":"CR-063 ZRB","IDOperador":1500,"NombreOperador":"RICARDO CHAVEZ","IDEstatusViaje":1,"NombreEstatus":"Despachado","FechaInicio":"2/7/2026 12:00:00 AM","HoraInicio":"00:00","HoraFin":"02:00","IDObra":4955005,"NombreObra":"META","IDClienteSAE":4955,"NombreCliente":"CONSTRUCTORA DOVERA","IDUso":15,"NombreUso":"Zapatas","IDProducto":2549,"NombreProducto":"CONCRETO f\u0027c:250 Ag=20 Rev:10 RR3 D","Remision":"A1/96396","CveCiudad":"AGS","NombreVendedor":"HECTOR VILLANUEVA"},{"Id_Viaje":3037222,"IDPedido":582435,"CargaViaje":4,"IDPlanta":20,"NombrePlantaViaje":"A1-Ojo Caliente","IDUnidad":108,"NombreUnidad":"CR-098 2RD","IDOperador":1503,"NombreOperador":"ALBERTO HERNANDEZ","IDEstatusViaje":1,"NombreEstatus":"Despachado","FechaInicio":"2/7/2026 12:00:00 AM","HoraInicio":"00:10","HoraFin":"02:10","IDObra":4955005,"NombreObra":"META","IDClienteSAE":4955,"NombreCliente":"CONSTRUCTORA DOVERA","IDUso":15,"NombreUso":"Zapatas","IDProducto":2549,"NombreProducto":"CONCRETO f\u0027c:250 Ag=20 Rev:10 RR3 D","Remision":"A1/96398","CveCiudad":"AGS","NombreVendedor":"HECTOR VILLANUEVA"},{"Id_Viaje":3037224,"IDPedido":582385,"CargaViaje":3,"IDPlanta":11,"NombrePlantaViaje":"M4-Centro","IDUnidad":213,"NombreUnidad":"CR-171","IDOperador":1610,"NombreOperador":"MOISES ISRAEL HERNANDEZ","IDEstatusViaje":2,"NombreEstatus":"Entregado","FechaInicio":"2/7/2026 12:00:00 AM","HoraInicio":"10:00","HoraFin":"12:00","IDObra":12202001,"NombreObra":"bodega cfe estacion y griega","IDClienteSAE":12202,"NombreCliente":"EMPRESAS ASOCIADAS DEL NORESTE","IDUso":86,"NombreUso":"Pretil","IDProducto":1573,"NombreProducto":"CONCRETO f\u0027c=350 Ag=20 Rev=14 A1 D","Remision":"M4/89068","CveCiudad":"MTY","NombreVendedor":"ENRIQUE ALVAREZ"},{"Id_Viaje":3037226,"IDPedido":582436,"CargaViaje":4,"IDPlanta":20,"NombrePlantaViaje":"A1-Ojo Caliente","IDUnidad":122,"NombreUnidad":"CR-043-","IDOperador":1067,"NombreOperador":"JUAN HUMBERTO MARQUEZ","IDEstatusViaje":1,"NombreEstatus":"Despachado","FechaInicio":"2/7/2026 12:00:00 AM","HoraInicio":"00:20","HoraFin":"02:20","IDObra":5019001,"NombreObra":"RANCHO QUINTA LUNA","IDClienteSAE":5019,"NombreCliente":"EVERARDO DUEÑAS VEGA","IDUso":11,"NombreUso":"Piso","IDProducto":1014,"NombreProducto":"CONCRETO f\u0027c:200 Ag=20. Rev: 10 A1 D","Remision":"A1/96397","CveCiudad":"AGS","NombreVendedor":"CASA CASA"},{"Id_Viaje":3037231,"IDPedido":582437,"CargaViaje":5,"IDPlanta":20,"NombrePlantaViaje":"A1-Ojo Caliente","IDUnidad":295,"NombreUnidad":"CR-065","IDOperador":675,"NombreOperador":"JUAN ANTONIO HERRERA","IDEstatusViaje":1,"NombreEstatus":"Despachado","FechaInicio":"2/7/2026 12:00:00 AM","HoraInicio":"01:00","HoraFin":"03:00","IDObra":4582005,"NombreObra":"ZEKKEI 1","IDClienteSAE":4582,"NombreCliente":"CASAS JAVER","IDUso":8,"NombreUso":"Losa","IDProducto":1022,"NombreProducto":"CONCRETO f\u0027c:200 Ag=20 Rev:14 A1 B","Remision":"A1/96399","CveCiudad":"AGS","NombreVendedor":"HECTOR VILLANUEVA"},{"Id_Viaje":3037233,"IDPedido":582428,"CargaViaje":3,"IDPlanta":23,"NombrePlantaViaje":"L1-Leon","IDUnidad":77,"NombreUnidad":"CR193-1RG","IDOperador":1623,"NombreOperador":"JORGE IGNACIO NEGRETE","IDEstatusViaje":1,"NombreEstatus":"Despachado","FechaInicio":"2/7/2026 12:00:00 AM","HoraInicio":"08:30","HoraFin":"10:30","IDObra":2494001,"NombreObra":"salon de fiesta","IDClienteSAE":2494,"NombreCliente":"MILIA ARISTA INMOBILIARIA","IDUso":7,"NombreUso":"Firme","IDProducto":1219,"NombreProducto":"CONCRETO f\u0027c:200 Ag=20. Rev: 10 A1 D","Remision":"L1/40968","CveCiudad":"LEON","NombreVendedor":"JESSICA GAYTAN"},{"Id_Viaje":3037235,"IDPedido":581979,"CargaViaje":7,"IDPlanta":19,"NombrePlantaViaje":"M1-Apodaca","IDUnidad":40,"NombreUnidad":"CR-031","IDOperador":1157,"NombreOperador":"JUAN JOSE ROSARIO LOPEZ","IDEstatusViaje":2,"NombreEstatus":"Entregado","FechaInicio":"2/7/2026 12:00:00 AM","HoraInicio":"08:00","HoraFin":"10:00","IDObra":12154003,"NombreObra":"heb la fe","IDClienteSAE":12154,"NombreCliente":"EDIFICADORA INDUSTRIAL DEL RIO","IDUso":1,"NombreUso":"Banqueta","IDProducto":513,"NombreProducto":"CONCRETO f\u0027c=200 Ag=20 Rev=14 A1 D","Remision":"M1/91103","CveCiudad":"MTY","NombreVendedor":"CESAR LUNA"},{"Id_Viaje":3037237,"IDPedido":581979,"CargaViaje":7,"IDPlanta":19,"NombrePlantaViaje":"M1-Apodaca","IDUnidad":332,"NombreUnidad":"CR-026","IDOperador":1458,"NombreOperador":"MIGUEL ANGEL LUGO","IDEstatusViaje":2,"NombreEstatus":"Entregado","FechaInicio":"2/7/2026 12:00:00 AM","HoraInicio":"08:10","HoraFin":"10:10","IDObra":12154003,"NombreObra":"heb la fe","IDClienteSAE":12154,"NombreCliente":"EDIFICADORA INDUSTRIAL DEL RIO","IDUso":1,"NombreUso":"Banqueta","IDProducto":513,"NombreProducto":"CONCRETO f\u0027c=200 Ag=20 Rev=14 A1 D","Remision":"M1/91108","CveCiudad":"MTY","NombreVendedor":"CESAR LUNA"},{"Id_Viaje":3037239,"IDPedido":582079,"CargaViaje":4.5,"IDPlanta":11,"NombrePlantaViaje":"M4-Centro","IDUnidad":371,"NombreUnidad":"CR-008","IDOperador":1199,"NombreOperador":"GABRIEL RIVERA","IDEstatusViaje":2,"NombreEstatus":"Entregado","FechaInicio":"2/7/2026 12:00:00 AM","HoraInicio":"23:20","HoraFin":"23:50","IDObra":9997001,"NombreObra":"coca-cola guadalupe","IDClienteSAE":9997,"NombreCliente":"SERVICIOS INDUSTRIALES MIRAMONTES","IDUso":7,"NombreUso":"Firme","IDProducto":1567,"NombreProducto":"CONCRETO f\u0027c=300 Ag=20 Rev=10 A1 D","Remision":"M4/89067","CveCiudad":"MTY","NombreVendedor":"ENRIQUE ALVAREZ"},{"Id_Viaje":3037241,"IDPedido":582286,"CargaViaje":6,"IDPlanta":16,"NombrePlantaViaje":"M6-Juarez","IDUnidad":347,"NombreUnidad":"CR-099","IDOperador":1190,"NombreOperador":"SAUL GUAJARDO","IDEstatusViaje":2,"NombreEstatus":"Entregado","FechaInicio":"2/7/2026 12:00:00 AM","HoraInicio":"10:00","HoraFin":"12:00","IDObra":541061,"NombreObra":"ANTIGUA SUR","IDClienteSAE":541,"NombreCliente":"DESARROLLOS LOCSA","IDUso":5,"NombreUso":"Cordon","IDProducto":483,"NombreProducto":"CONCRETO f\u0027c=200 Ag=20. Rev=10 A1 D","Remision":"M6/67053","CveCiudad":"MTY","NombreVendedor":"GUILLERMO RAMA HERRERA"},{"Id_Viaje":3037243,"IDPedido":582432,"CargaViaje":7,"IDPlanta":34,"NombrePlantaViaje":"A2-San Francisco","IDUnidad":107,"NombreUnidad":"CR-050","IDOperador":677,"NombreOperador":"EDMUNDO DE LOERA","IDEstatusViaje":1,"NombreEstatus":"Despachado","FechaInicio":"2/7/2026 12:00:00 AM","HoraInicio":"08:00","HoraFin":"10:00","IDObra":4510002,"NombreObra":"CONSTITUCION","IDClienteSAE":4510,"NombreCliente":"MARIA MAGDALENA CULEBRO PINTO","IDUso":7,"NombreUso":"Firme","IDProducto":11921,"NombreProducto":"CONCRETO f\u0027c=280 Ag=20 Rev=10 D 28","Remision":"A2/41541","CveCiudad":"AGS","NombreVendedor":"HECTOR VILLANUEVA"},{"Id_Viaje":3037245,"IDPedido":582444,"CargaViaje":1,"IDPlanta":23,"NombrePlantaViaje":"L1-Leon","IDUnidad":351,"NombreUnidad":"CR-237-DRH","IDOperador":1623,"NombreOperador":"JORGE IGNACIO NEGRETE","IDEstatusViaje":1,"NombreEstatus":"Despachado","FechaInicio":"2/7/2026 12:00:00 AM","HoraInicio":"10:00","HoraFin":"12:00","IDObra":2863002,"NombreObra":"HUMBERTO BUSTOS LOPEZ MATEOS","IDClienteSAE":2863,"NombreCliente":"TOMAS HUMBERTO BUSTOS SOLIS","IDUso":7,"NombreUso":"Firme","IDProducto":2889,"NombreProducto":"CONCRETO f\u0027c:300 Ag=20 Rev:10 R3 D","Remision":"L1/40969","CveCiudad":"LEON","NombreVendedor":"OFICINA MATRIZ"},{"Id_Viaje":3037247,"IDPedido":582359,"CargaViaje":7,"IDPlanta":19,"NombrePlantaViaje":"M1-Apodaca","IDUnidad":40,"NombreUnidad":"CR-031","IDOperador":1157,"NombreOperador":"JUAN JOSE ROSARIO LOPEZ","IDEstatusViaje":2,"NombreEstatus":"Entregado","FechaInicio":"2/7/2026 12:00:00 AM","HoraInicio":"23:20","HoraFin":"23:50","IDObra":11302015,"NombreObra":"casa blanca","IDClienteSAE":11302,"NombreCliente":"LUZ DE PARIS","IDUso":2,"NombreUso":"Cimentacion","IDProducto":491,"NombreProducto":"CONCRETO f\u0027c=200 Ag=20 Rev=14 A1 B","Remision":"M1/91105","CveCiudad":"MTY","NombreVendedor":"BLANCA P. GARZA"},{"Id_Viaje":3037249,"IDPedido":582431,"CargaViaje":7,"IDPlanta":34,"NombrePlantaViaje":"A2-San Francisco","IDUnidad":350,"NombreUnidad":"CR-047","IDOperador":1076,"NombreOperador":"EZEQUIEL SANDOVAL","IDEstatusViaje":1,"NombreEstatus":"Despachado","FechaInicio":"2/7/2026 12:00:00 AM","HoraInicio":"10:00","HoraFin":"12:00","IDObra":3891003,"NombreObra":"SAN PANCHO","IDClienteSAE":3891,"NombreCliente":"MAOFRE GRUPO CONSTRUCTOR","IDUso":25,"NombreUso":"Pavimento","IDProducto":2602,"NombreProducto":"CONCRETO MR= 38 Ag=40 Rev 10 R7 D","Remision":"A2/41542","CveCiudad":"AGS","NombreVendedor":"CASA CASA"},{"Id_Viaje":3037251,"IDPedido":582439,"CargaViaje":5,"IDPlanta":20,"NombrePlantaViaje":"A1-Ojo Caliente","IDUnidad":327,"NombreUnidad":"CR-201 9RG","IDOperador":1502,"NombreOperador":"JUAN FELIPE MARENTES","IDEstatusViaje":1,"NombreEstatus":"Despachado","FechaInicio":"2/7/2026 12:00:00 AM","HoraInicio":"01:10","HoraFin":"03:10","IDObra":4964002,"NombreObra":"BOSQUES PROVIDENCIA","IDClienteSAE":4964,"NombreCliente":"CONSTRUCTORA SAN JOSE PREMIER","IDUso":75,"NombreUso":"Cadena","IDProducto":1014,"NombreProducto":"CONCRETO f\u0027c:200 Ag=20. Rev: 10 A1 D","Remision":"A1/96400","CveCiudad":"AGS","NombreVendedor":"HECTOR VILLANUEVA"},{"Id_Viaje":3037255,"IDPedido":582434,"CargaViaje":6.5,"IDPlanta":34,"NombrePlantaViaje":"A2-San Francisco","IDUnidad":112,"NombreUnidad":"CR-154 TRE","IDOperador":1504,"NombreOperador":"HUGO MEDINA","IDEstatusViaje":1,"NombreEstatus":"Despachado","FechaInicio":"2/7/2026 12:00:00 AM","HoraInicio":"10:10","HoraFin":"12:10","IDObra":4582001,"NombreObra":"caranday","IDClienteSAE":4582,"NombreCliente":"CASAS JAVER","IDUso":2,"NombreUso":"Cimentacion","IDProducto":1014,"NombreProducto":"CONCRETO f\u0027c:200 Ag=20. Rev: 10 A1 D","Remision":"A2/41543","CveCiudad":"AGS","NombreVendedor":"HECTOR VILLANUEVA"},{"Id_Viaje":3037305,"IDPedido":581622,"CargaViaje":7,"IDPlanta":16,"NombrePlantaViaje":"M6-Juarez","IDUnidad":71,"NombreUnidad":"CR-038","IDOperador":1508,"NombreOperador":"VICTOR MANUEL CAMARILLO","IDEstatusViaje":2,"NombreEstatus":"Entregado","FechaInicio":"2/7/2026 12:00:00 AM","HoraInicio":"23:20","HoraFin":"23:50","IDObra":9876034,"NombreObra":"corfu residencial","IDClienteSAE":9876,"NombreCliente":"MX CONSTRUCCIONES","IDUso":24,"NombreUso":"Pilotes","IDProducto":483,"NombreProducto":"CONCRETO f\u0027c=200 Ag=20. Rev=10 A1 D","Remision":"M6/67054","CveCiudad":"MTY","NombreVendedor":"ENRIQUE ALVAREZ"},{"Id_Viaje":3037307,"IDPedido":581798,"CargaViaje":4,"IDPlanta":8,"NombrePlantaViaje":"M3-Santa","IDUnidad":315,"NombreUnidad":"CR-232","IDOperador":1452,"NombreOperador":"VICTOR LOPEZ","IDEstatusViaje":2,"NombreEstatus":"Entregado","FechaInicio":"2/7/2026 12:00:00 AM","HoraInicio":"13:00","HoraFin":"13:30","IDObra":4947069,"NombreObra":"CASAIRE","IDClienteSAE":4947,"NombreCliente":"CONCRETOS DELESE","IDUso":63,"NombreUso":"Pluvial","IDProducto":1559,"NombreProducto":"CONCRETO f\u0027c=250 Ag=20 Rev=08 A1 D","Remision":"M3/42692","CveCiudad":"MTY","NombreVendedor":"OMAR HECTOR ARTEAGA"},{"Id_Viaje":3037338,"IDPedido":582438,"CargaViaje":5,"IDPlanta":20,"NombrePlantaViaje":"A1-Ojo Caliente","IDUnidad":113,"NombreUnidad":"CR-140 CRE","IDOperador":1501,"NombreOperador":"ANTONIO NAVARRO","IDEstatusViaje":1,"NombreEstatus":"Despachado","FechaInicio":"2/7/2026 12:00:00 AM","HoraInicio":"01:20","HoraFin":"03:20","IDObra":2820038,"NombreObra":"GPE PERALTA","IDClienteSAE":2820,"NombreCliente":"URBANIZACIONES ARGU","IDUso":32,"NombreUso":"Guarnicion","IDProducto":1014,"NombreProducto":"CONCRETO f\u0027c:200 Ag=20. Rev: 10 A1 D","Remision":"A1/96401","CveCiudad":"AGS","NombreVendedor":"CASA CASA"},{"Id_Viaje":3037349,"IDPedido":582432,"CargaViaje":7,"IDPlanta":34,"NombrePlantaViaje":"A2-San Francisco","IDUnidad":329,"NombreUnidad":"CR-179","IDOperador":790,"NombreOperador":"JOSE RAUL DE LEON","IDEstatusViaje":1,"NombreEstatus":"Despachado","FechaInicio":"2/7/2026 12:00:00 AM","HoraInicio":"11:10","HoraFin":"13:10","IDObra":4510002,"NombreObra":"CONSTITUCION","IDClienteSAE":4510,"NombreCliente":"MARIA MAGDALENA CULEBRO PINTO","IDUso":7,"NombreUso":"Firme","IDProducto":11921,"NombreProducto":"CONCRETO f\u0027c=280 Ag=20 Rev=10 D 28","Remision":"A2/41545","CveCiudad":"AGS","NombreVendedor":"HECTOR VILLANUEVA"},{"Id_Viaje":3037351,"IDPedido":582440,"CargaViaje":4,"IDPlanta":20,"NombrePlantaViaje":"A1-Ojo Caliente","IDUnidad":350,"NombreUnidad":"CR-047","IDOperador":1076,"NombreOperador":"EZEQUIEL SANDOVAL","IDEstatusViaje":1,"NombreEstatus":"Despachado","FechaInicio":"2/7/2026 12:00:00 AM","HoraInicio":"01:30","HoraFin":"03:30","IDObra":4674005,"NombreObra":"BODEGA MERCADO LIBRE","IDClienteSAE":4674,"NombreCliente":"ASPE Y ASOCIADOS","IDUso":7,"NombreUso":"Firme","IDProducto":2546,"NombreProducto":"CONCRETO f\u0027c:250 Ag=20 Rev:10 A1 D","Remision":"A1/96402","CveCiudad":"AGS","NombreVendedor":"HECTOR VILLANUEVA"},{"Id_Viaje":3037353,"IDPedido":582458,"CargaViaje":7,"IDPlanta":30,"NombrePlantaViaje":"P1-Coronango","IDUnidad":196,"NombreUnidad":"CR-159","IDOperador":1013,"NombreOperador":"ALEJANDRO ARCE","IDEstatusViaje":1,"NombreEstatus":"Despachado","FechaInicio":"2/7/2026 12:00:00 AM","HoraInicio":"11:00","HoraFin":"13:00","IDObra":1491004,"NombreObra":"upaep 2","IDClienteSAE":1491,"NombreCliente":"GRUPO CONSTRUCTOR MATEOS CABRERA","IDUso":9,"NombreUso":"Muro","IDProducto":10661,"NombreProducto":"CONCRETO FC:300 AG=20 REV 18","Remision":"P1/38492","CveCiudad":"PUE","NombreVendedor":"GUADALUPE HERNANDEZ"},{"Id_Viaje":3037355,"IDPedido":582457,"CargaViaje":1,"IDPlanta":20,"NombrePlantaViaje":"A1-Ojo Caliente","IDUnidad":116,"NombreUnidad":"CR-098","IDOperador":44,"NombreOperador":"ALBERTO HERRERA","IDEstatusViaje":1,"NombreEstatus":"Despachado","FechaInicio":"2/7/2026 12:00:00 AM","HoraInicio":"01:40","HoraFin":"03:40","IDObra":4582004,"NombreObra":"VISTA SERENA","IDClienteSAE":4582,"NombreCliente":"CASAS JAVER","IDUso":25,"NombreUso":"Pavimento","IDProducto":1158,"NombreProducto":"CONCRETO MR= 38 Ag=40 Rev 10 A1 D","Remision":"A1/96403","CveCiudad":"AGS","NombreVendedor":"HECTOR VILLANUEVA"},{"Id_Viaje":3037377,"IDPedido":582177,"CargaViaje":6,"IDPlanta":19,"NombrePlantaViaje":"M1-Apodaca","IDUnidad":309,"NombreUnidad":"CR-117","IDOperador":1470,"NombreOperador":"ERICK BENJAMIN HERRERA","IDEstatusViaje":2,"NombreEstatus":"Entregado","FechaInicio":"2/7/2026 12:00:00 AM","HoraInicio":"23:10","HoraFin":"23:40","IDObra":12214001,"NombreObra":"wabtec","IDClienteSAE":12214,"NombreCliente":"PV \u0026 P INDUSTRIES","IDUso":2,"NombreUso":"Cimentacion","IDProducto":1573,"NombreProducto":"CONCRETO f\u0027c=350 Ag=20 Rev=14 A1 D","Remision":"M1/91109","CveCiudad":"MTY","NombreVendedor":"CESAR LUNA"},{"Id_Viaje":3037379,"IDPedido":582459,"CargaViaje":6,"IDPlanta":20,"NombrePlantaViaje":"A1-Ojo Caliente","IDUnidad":115,"NombreUnidad":"CR-069","IDOperador":209,"NombreOperador":"MARCO DE LEON","IDEstatusViaje":1,"NombreEstatus":"Despachado","FechaInicio":"2/7/2026 12:00:00 AM","HoraInicio":"10:30","HoraFin":"12:30","IDObra":4582001,"NombreObra":"caranday","IDClienteSAE":4582,"NombreCliente":"CASAS JAVER","IDUso":2,"NombreUso":"Cimentacion","IDProducto":1014,"NombreProducto":"CONCRETO f\u0027c:200 Ag=20. Rev: 10 A1 D","Remision":"A1/96404","CveCiudad":"AGS","NombreVendedor":"HECTOR VILLANUEVA"},{"Id_Viaje":3037381,"IDPedido":582460,"CargaViaje":7,"IDPlanta":30,"NombrePlantaViaje":"P1-Coronango","IDUnidad":197,"NombreUnidad":"CR-160","IDOperador":1016,"NombreOperador":"FRANCISCO MANUEL PARDO","IDEstatusViaje":1,"NombreEstatus":"Despachado","FechaInicio":"2/7/2026 12:00:00 AM","HoraInicio":"11:00","HoraFin":"13:00","IDObra":1491004,"NombreObra":"upaep 2","IDClienteSAE":1491,"NombreCliente":"GRUPO CONSTRUCTOR MATEOS CABRERA","IDUso":9,"NombreUso":"Muro","IDProducto":10348,"NombreProducto":"CONCRETO f\u0027c: 300 Ag=20 Rev 14 A1 B","Remision":"P1/38495","CveCiudad":"PUE","NombreVendedor":"GUADALUPE HERNANDEZ"},{"Id_Viaje":3037383,"IDPedido":582461,"CargaViaje":7,"IDPlanta":30,"NombrePlantaViaje":"P1-Coronango","IDUnidad":198,"NombreUnidad":"CR-161","IDOperador":1008,"NombreOperador":"CARLOS ARMAS","IDEstatusViaje":1,"NombreEstatus":"Despachado","FechaInicio":"2/7/2026 12:00:00 AM","HoraInicio":"12:30","HoraFin":"14:30","IDObra":1491004,"NombreObra":"upaep 2","IDClienteSAE":1491,"NombreCliente":"GRUPO CONSTRUCTOR MATEOS CABRERA","IDUso":2,"NombreUso":"Cimentacion","IDProducto":10661,"NombreProducto":"CONCRETO FC:300 AG=20 REV 18","Remision":"P1/38494","CveCiudad":"PUE","NombreVendedor":"GUADALUPE HERNANDEZ"},{"Id_Viaje":3037389,"IDPedido":582463,"CargaViaje":1,"IDPlanta":7,"NombrePlantaViaje":"M2-Escobedo","IDUnidad":369,"NombreUnidad":"CR-199","IDOperador":1444,"NombreOperador":"HUMBERTO GONZALEZ","IDEstatusViaje":2,"NombreEstatus":"Entregado","FechaInicio":"2/7/2026 12:00:00 AM","HoraInicio":"11:00","HoraFin":"13:00","IDObra":8894025,"NombreObra":"cumbres platino","IDClienteSAE":8894,"NombreCliente":"ACRE PROMOTORA","IDUso":8,"NombreUso":"Losa","IDProducto":491,"NombreProducto":"CONCRETO f\u0027c=200 Ag=20 Rev=14 A1 B","Remision":"M2/79875","CveCiudad":"MTY","NombreVendedor":"SILVIA LOZANO"},{"Id_Viaje":3037392,"IDPedido":582107,"CargaViaje":3,"IDPlanta":19,"NombrePlantaViaje":"M1-Apodaca","IDUnidad":315,"NombreUnidad":"CR-232","IDOperador":1452,"NombreOperador":"VICTOR LOPEZ","IDEstatusViaje":2,"NombreEstatus":"Entregado","FechaInicio":"2/7/2026 12:00:00 AM","HoraInicio":"23:30","HoraFin":"01:30","IDObra":8808027,"NombreObra":"patio lermas","IDClienteSAE":8808,"NombreCliente":"PAVIMENTOS CONSERVACION Y MICROSUPERFICIE","IDUso":7,"NombreUso":"Firme","IDProducto":513,"NombreProducto":"CONCRETO f\u0027c=200 Ag=20 Rev=14 A1 D","Remision":"M1/91110","CveCiudad":"MTY","NombreVendedor":"CESAR LUNA"},{"Id_Viaje":3037394,"IDPedido":582464,"CargaViaje":4,"IDPlanta":30,"NombrePlantaViaje":"P1-Coronango","IDUnidad":199,"NombreUnidad":"CR-162","IDOperador":1005,"NombreOperador":"DAVID FLORES","IDEstatusViaje":1,"NombreEstatus":"Despachado","FechaInicio":"2/7/2026 12:00:00 AM","HoraInicio":"13:00","HoraFin":"15:00","IDObra":845011,"NombreObra":"fracc platiniO","IDClienteSAE":845,"NombreCliente":"GRUPO BRECASA","IDUso":21,"NombreUso":"Castillos","IDProducto":11315,"NombreProducto":"CONCRETO f\u0027c=200 Ag=10 Rev=14 D 28","Remision":"P1/38493","CveCiudad":"PUE","NombreVendedor":"VENDEDOR PUEBLA ."},{"Id_Viaje":3037422,"IDPedido":582474,"CargaViaje":7,"IDPlanta":30,"NombrePlantaViaje":"P1-Coronango","IDUnidad":200,"NombreUnidad":"CR-163","IDOperador":1186,"NombreOperador":"AARON GUTIERREZ","IDEstatusViaje":1,"NombreEstatus":"Despachado","FechaInicio":"2/7/2026 12:00:00 AM","HoraInicio":"13:00","HoraFin":"15:00","IDObra":1491004,"NombreObra":"upaep 2","IDClienteSAE":1491,"NombreCliente":"GRUPO CONSTRUCTOR MATEOS CABRERA","IDUso":9,"NombreUso":"Muro","IDProducto":10661,"NombreProducto":"CONCRETO FC:300 AG=20 REV 18","Remision":"P1/38496","CveCiudad":"PUE","NombreVendedor":"GUADALUPE HERNANDEZ"},{"Id_Viaje":3037424,"IDPedido":582475,"CargaViaje":7,"IDPlanta":30,"NombrePlantaViaje":"P1-Coronango","IDUnidad":201,"NombreUnidad":"CR-164","IDOperador":1014,"NombreOperador":"NAHUM ROMERO","IDEstatusViaje":1,"NombreEstatus":"Despachado","FechaInicio":"2/7/2026 12:00:00 AM","HoraInicio":"13:30","HoraFin":"15:30","IDObra":1491004,"NombreObra":"upaep 2","IDClienteSAE":1491,"NombreCliente":"GRUPO CONSTRUCTOR MATEOS CABRERA","IDUso":2,"NombreUso":"Cimentacion","IDProducto":10348,"NombreProducto":"CONCRETO f\u0027c: 300 Ag=20 Rev 14 A1 B","Remision":"P1/38497","CveCiudad":"PUE","NombreVendedor":"GUADALUPE HERNANDEZ"},{"Id_Viaje":3037426,"IDPedido":582475,"CargaViaje":7,"IDPlanta":30,"NombrePlantaViaje":"P1-Coronango","IDUnidad":249,"NombreUnidad":"CR-175","IDOperador":1009,"NombreOperador":"ALBERTO CORTEZ","IDEstatusViaje":1,"NombreEstatus":"Despachado","FechaInicio":"2/7/2026 12:00:00 AM","HoraInicio":"13:40","HoraFin":"15:40","IDObra":1491004,"NombreObra":"upaep 2","IDClienteSAE":1491,"NombreCliente":"GRUPO CONSTRUCTOR MATEOS CABRERA","IDUso":2,"NombreUso":"Cimentacion","IDProducto":10348,"NombreProducto":"CONCRETO f\u0027c: 300 Ag=20 Rev 14 A1 B","Remision":"P1/38498","CveCiudad":"PUE","NombreVendedor":"GUADALUPE HERNANDEZ"}]