[{"Id_Viaje":3036715,"IDPedido":582292,"CargaViaje":6,"IDPlanta":15,"NombrePlantaViaje":"M5-Santiago","IDUnidad":28,"NombreUnidad":"CR-241","IDOperador":1509,"NombreOperador":"JUAN LUIS ROCHA","IDEstatusViaje":2,"NombreEstatus":"Entregado","FechaInicio":"2/10/2026 12:00:00 AM","HoraInicio":"14:00","HoraFin":"16:00","IDObra":541061,"NombreObra":"ANTIGUA SUR","IDClienteSAE":541,"NombreCliente":"DESARROLLOS LOCSA","IDUso":5,"NombreUso":"Cordon","IDProducto":483,"NombreProducto":"CONCRETO f\u0027c=200 Ag=20. Rev=10 A1 D","Remision":"M5/37074","CveCiudad":"MTY","NombreVendedor":"GUILLERMO RAMA HERRERA"},{"Id_Viaje":3036909,"IDPedido":582353,"CargaViaje":4,"IDPlanta":16,"NombrePlantaViaje":"M6-Juarez","IDUnidad":371,"NombreUnidad":"CR-008","IDOperador":1199,"NombreOperador":"GABRIEL RIVERA","IDEstatusViaje":2,"NombreEstatus":"Entregado","FechaInicio":"2/10/2026 12:00:00 AM","HoraInicio":"07:30","HoraFin":"09:30","IDObra":12040002,"NombreObra":"dalias ii residencial","IDClienteSAE":12040,"NombreCliente":"BLANCA NELLY HERRERA FLORES","IDUso":1,"NombreUso":"Banqueta","IDProducto":1512,"NombreProducto":"CONCRETO f\u0027c=100 Ag=20 Rev=14 A1 D","Remision":"M6/67062","CveCiudad":"MTY","NombreVendedor":"OMAR HECTOR ARTEAGA"},{"Id_Viaje":3037486,"IDPedido":582498,"CargaViaje":7,"IDPlanta":16,"NombrePlantaViaje":"M6-Juarez","IDUnidad":342,"NombreUnidad":"CR-223","IDOperador":1143,"NombreOperador":"FERNANDO TEY","IDEstatusViaje":2,"NombreEstatus":"Entregado","FechaInicio":"2/10/2026 12:00:00 AM","HoraInicio":"10:30","HoraFin":"12:30","IDObra":8153024,"NombreObra":"VISTAS DEL SEMINARIO","IDClienteSAE":8153,"NombreCliente":"CONSTRUCTORA OBREGON FERNANDEZ","IDUso":2,"NombreUso":"Cimentacion","IDProducto":575,"NombreProducto":"CONCRETO f\u0027c=200 Ag=20 Rev=12 A1 D","Remision":"M6/67075","CveCiudad":"MTY","NombreVendedor":"CESAR LUNA"},{"Id_Viaje":3037514,"IDPedido":582512,"CargaViaje":7,"IDPlanta":19,"NombrePlantaViaje":"M1-Apodaca","IDUnidad":332,"NombreUnidad":"CR-026","IDOperador":1458,"NombreOperador":"MIGUEL ANGEL LUGO","IDEstatusViaje":2,"NombreEstatus":"Entregado","FechaInicio":"2/10/2026 12:00:00 AM","HoraInicio":"07:30","HoraFin":"09:30","IDObra":4191042,"NombreObra":"subestacion alebrije","IDClienteSAE":4191,"NombreCliente":"SEPISA","IDUso":7,"NombreUso":"Firme","IDProducto":511,"NombreProducto":"CONCRETO f\u0027c=250 Ag=20 Rev=14 A1 B","Remision":"M1/91119","CveCiudad":"MTY","NombreVendedor":"GUILLERMO RAMA HERRERA"},{"Id_Viaje":3037532,"IDPedido":582446,"CargaViaje":7,"IDPlanta":19,"NombrePlantaViaje":"M1-Apodaca","IDUnidad":144,"NombreUnidad":"CR-060","IDOperador":1535,"NombreOperador":"CRUZ HUMBERTO TREVIÑO","IDEstatusViaje":2,"NombreEstatus":"Entregado","FechaInicio":"2/10/2026 12:00:00 AM","HoraInicio":"08:00","HoraFin":"10:00","IDObra":12154003,"NombreObra":"heb la fe","IDClienteSAE":12154,"NombreCliente":"EDIFICADORA INDUSTRIAL DEL RIO","IDUso":1,"NombreUso":"Banqueta","IDProducto":513,"NombreProducto":"CONCRETO f\u0027c=200 Ag=20 Rev=14 A1 D","Remision":"M1/91118","CveCiudad":"MTY","NombreVendedor":"CESAR LUNA"},{"Id_Viaje":3037536,"IDPedido":582364,"CargaViaje":7,"IDPlanta":19,"NombrePlantaViaje":"M1-Apodaca","IDUnidad":348,"NombreUnidad":"CR-070","IDOperador":1536,"NombreOperador":"JESUS LOPEZ","IDEstatusViaje":2,"NombreEstatus":"Entregado","FechaInicio":"2/10/2026 12:00:00 AM","HoraInicio":"09:00","HoraFin":"11:00","IDObra":11623002,"NombreObra":"sungwoo hitech apartament","IDClienteSAE":11623,"NombreCliente":"TAEINS MEXICO","IDUso":1,"NombreUso":"Banqueta","IDProducto":483,"NombreProducto":"CONCRETO f\u0027c=200 Ag=20. Rev=10 A1 D","Remision":"M1/91120","CveCiudad":"MTY","NombreVendedor":"CASA PROGRAMACION"},{"Id_Viaje":3037542,"IDPedido":582465,"CargaViaje":5,"IDPlanta":7,"NombrePlantaViaje":"M2-Escobedo","IDUnidad":339,"NombreUnidad":"CR- 243","IDOperador":1552,"NombreOperador":"JOSE ISAIAS ROCHA","IDEstatusViaje":2,"NombreEstatus":"Entregado","FechaInicio":"2/10/2026 12:00:00 AM","HoraInicio":"09:00","HoraFin":"11:00","IDObra":8153049,"NombreObra":"RINCON DE LA SIERRA","IDClienteSAE":8153,"NombreCliente":"CONSTRUCTORA OBREGON FERNANDEZ","IDUso":7,"NombreUso":"Firme","IDProducto":589,"NombreProducto":"CONCRETO f\u0027c=150 Ag=20 Rev=12 A1 D","Remision":"M2/79883","CveCiudad":"MTY","NombreVendedor":"CESAR LUNA"},{"Id_Viaje":3037544,"IDPedido":582410,"CargaViaje":4,"IDPlanta":7,"NombrePlantaViaje":"M2-Escobedo","IDUnidad":309,"NombreUnidad":"CR-117","IDOperador":1470,"NombreOperador":"ERICK BENJAMIN HERRERA","IDEstatusViaje":2,"NombreEstatus":"Entregado","FechaInicio":"2/10/2026 12:00:00 AM","HoraInicio":"10:00","HoraFin":"12:00","IDObra":8894025,"NombreObra":"cumbres platino","IDClienteSAE":8894,"NombreCliente":"ACRE PROMOTORA","IDUso":15,"NombreUso":"Zapatas","IDProducto":575,"NombreProducto":"CONCRETO f\u0027c=200 Ag=20 Rev=12 A1 D","Remision":"M2/79885","CveCiudad":"MTY","NombreVendedor":"SILVIA LOZANO"},{"Id_Viaje":3037546,"IDPedido":582409,"CargaViaje":4,"IDPlanta":7,"NombrePlantaViaje":"M2-Escobedo","IDUnidad":38,"NombreUnidad":"CR-120","IDOperador":1517,"NombreOperador":"JESUS ALBERTO SAUCEDA","IDEstatusViaje":2,"NombreEstatus":"Entregado","FechaInicio":"2/10/2026 12:00:00 AM","HoraInicio":"14:00","HoraFin":"16:00","IDObra":8894025,"NombreObra":"cumbres platino","IDClienteSAE":8894,"NombreCliente":"ACRE PROMOTORA","IDUso":15,"NombreUso":"Zapatas","IDProducto":575,"NombreProducto":"CONCRETO f\u0027c=200 Ag=20 Rev=12 A1 D","Remision":"M2/79887","CveCiudad":"MTY","NombreVendedor":"SILVIA LOZANO"},{"Id_Viaje":3037548,"IDPedido":582416,"CargaViaje":7,"IDPlanta":7,"NombrePlantaViaje":"M2-Escobedo","IDUnidad":375,"NombreUnidad":"CR-121","IDOperador":78,"NombreOperador":"CARLOS ALBERTO VILLARREAL","IDEstatusViaje":2,"NombreEstatus":"Entregado","FechaInicio":"2/10/2026 12:00:00 AM","HoraInicio":"14:30","HoraFin":"16:30","IDObra":8894025,"NombreObra":"cumbres platino","IDClienteSAE":8894,"NombreCliente":"ACRE PROMOTORA","IDUso":7,"NombreUso":"Firme","IDProducto":576,"NombreProducto":"CONCRETO f\u0027c=100 Ag=20 Rev=12 A1 D","Remision":"M2/79888","CveCiudad":"MTY","NombreVendedor":"SILVIA LOZANO"},{"Id_Viaje":3037562,"IDPedido":582516,"CargaViaje":1,"IDPlanta":11,"NombrePlantaViaje":"M4-Centro","IDUnidad":213,"NombreUnidad":"CR-171","IDOperador":1610,"NombreOperador":"MOISES ISRAEL HERNANDEZ","IDEstatusViaje":2,"NombreEstatus":"Entregado","FechaInicio":"2/10/2026 12:00:00 AM","HoraInicio":"13:30","HoraFin":"15:30","IDObra":10580001,"NombreObra":"catehua","IDClienteSAE":10580,"NombreCliente":"LEMURA VIVIENDA","IDUso":26,"NombreUso":"Mortero","IDProducto":2451,"NombreProducto":"MORTERO f\u0027c=100 Ag=A4 Rev=18 A1-B","Remision":"M4/89095","CveCiudad":"MTY","NombreVendedor":"BLANCA P. GARZA"},{"Id_Viaje":3037565,"IDPedido":582506,"CargaViaje":6,"IDPlanta":15,"NombrePlantaViaje":"M5-Santiago","IDUnidad":216,"NombreUnidad":"CR-227","IDOperador":1468,"NombreOperador":"JOSE LUIS ESPARZA","IDEstatusViaje":2,"NombreEstatus":"Entregado","FechaInicio":"2/10/2026 12:00:00 AM","HoraInicio":"07:30","HoraFin":"09:30","IDObra":12191002,"NombreObra":"los encinos","IDClienteSAE":12191,"NombreCliente":"INGENIERIA DE PAVIMENTOS ASFALTICOS Y TOPOGRAFIA","IDUso":1,"NombreUso":"Banqueta","IDProducto":513,"NombreProducto":"CONCRETO f\u0027c=200 Ag=20 Rev=14 A1 D","Remision":"M5/37068","CveCiudad":"MTY","NombreVendedor":"CASA PROGRAMACION"},{"Id_Viaje":3037567,"IDPedido":582291,"CargaViaje":6,"IDPlanta":15,"NombrePlantaViaje":"M5-Santiago","IDUnidad":28,"NombreUnidad":"CR-241","IDOperador":1509,"NombreOperador":"JUAN LUIS ROCHA","IDEstatusViaje":2,"NombreEstatus":"Entregado","FechaInicio":"2/10/2026 12:00:00 AM","HoraInicio":"10:00","HoraFin":"12:00","IDObra":541061,"NombreObra":"ANTIGUA SUR","IDClienteSAE":541,"NombreCliente":"DESARROLLOS LOCSA","IDUso":5,"NombreUso":"Cordon","IDProducto":483,"NombreProducto":"CONCRETO f\u0027c=200 Ag=20. Rev=10 A1 D","Remision":"M5/37071","CveCiudad":"MTY","NombreVendedor":"GUILLERMO RAMA HERRERA"},{"Id_Viaje":3037569,"IDPedido":582406,"CargaViaje":4,"IDPlanta":15,"NombrePlantaViaje":"M5-Santiago","IDUnidad":216,"NombreUnidad":"CR-227","IDOperador":1468,"NombreOperador":"JOSE LUIS ESPARZA","IDEstatusViaje":2,"NombreEstatus":"Entregado","FechaInicio":"2/10/2026 12:00:00 AM","HoraInicio":"13:30","HoraFin":"15:30","IDObra":8894027,"NombreObra":"residencial viento nuevo","IDClienteSAE":8894,"NombreCliente":"ACRE PROMOTORA","IDUso":14,"NombreUso":"Viga","IDProducto":575,"NombreProducto":"CONCRETO f\u0027c=200 Ag=20 Rev=12 A1 D","Remision":"M5/37073","CveCiudad":"MTY","NombreVendedor":"ENRIQUE ALVAREZ"},{"Id_Viaje":3037574,"IDPedido":582518,"CargaViaje":7,"IDPlanta":11,"NombrePlantaViaje":"M4-Centro","IDUnidad":43,"NombreUnidad":"CR-173","IDOperador":1563,"NombreOperador":"JOSE ALFREDO DE LEON","IDEstatusViaje":2,"NombreEstatus":"Entregado","FechaInicio":"2/10/2026 12:00:00 AM","HoraInicio":"14:30","HoraFin":"16:30","IDObra":10580001,"NombreObra":"catehua","IDClienteSAE":10580,"NombreCliente":"LEMURA VIVIENDA","IDUso":3,"NombreUso":"Columnas","IDProducto":9970,"NombreProducto":"CONCRETO f\u0027c=450 Ag=20 Rev=18 B 28","Remision":"M4/89097","CveCiudad":"MTY","NombreVendedor":"BLANCA P. GARZA"},{"Id_Viaje":3037576,"IDPedido":582518,"CargaViaje":7,"IDPlanta":11,"NombrePlantaViaje":"M4-Centro","IDUnidad":206,"NombreUnidad":"CR-174","IDOperador":1692,"NombreOperador":"IVAN ENRIQUE PULGARIN","IDEstatusViaje":2,"NombreEstatus":"Entregado","FechaInicio":"2/10/2026 12:00:00 AM","HoraInicio":"14:40","HoraFin":"16:40","IDObra":10580001,"NombreObra":"catehua","IDClienteSAE":10580,"NombreCliente":"LEMURA VIVIENDA","IDUso":3,"NombreUso":"Columnas","IDProducto":9970,"NombreProducto":"CONCRETO f\u0027c=450 Ag=20 Rev=18 B 28","Remision":"M4/89096","CveCiudad":"MTY","NombreVendedor":"BLANCA P. GARZA"},{"Id_Viaje":3037579,"IDPedido":582503,"CargaViaje":4,"IDPlanta":11,"NombrePlantaViaje":"M4-Centro","IDUnidad":366,"NombreUnidad":"CR-235","IDOperador":1198,"NombreOperador":"ALEJANDRO TREVIÑO","IDEstatusViaje":2,"NombreEstatus":"Entregado","FechaInicio":"2/10/2026 12:00:00 AM","HoraInicio":"15:00","HoraFin":"17:00","IDObra":11455004,"NombreObra":"luno departamentos","IDClienteSAE":11455,"NombreCliente":"ALFA ARQUITECTURA BIENES RAICES","IDUso":2,"NombreUso":"Cimentacion","IDProducto":513,"NombreProducto":"CONCRETO f\u0027c=200 Ag=20 Rev=14 A1 D","Remision":"M4/89092","CveCiudad":"MTY","NombreVendedor":"CESAR LUNA"},{"Id_Viaje":3037587,"IDPedido":582092,"CargaViaje":7,"IDPlanta":16,"NombrePlantaViaje":"M6-Juarez","IDUnidad":338,"NombreUnidad":"CR-204","IDOperador":1117,"NombreOperador":"JUAN FERNANDO TOBIAS","IDEstatusViaje":1,"NombreEstatus":"Despachado","FechaInicio":"2/10/2026 12:00:00 AM","HoraInicio":"13:00","HoraFin":"15:00","IDObra":9876034,"NombreObra":"corfu residencial","IDClienteSAE":9876,"NombreCliente":"MX CONSTRUCCIONES","IDUso":7,"NombreUso":"Firme","IDProducto":483,"NombreProducto":"CONCRETO f\u0027c=200 Ag=20. Rev=10 A1 D","Remision":"M6/67067","CveCiudad":"MTY","NombreVendedor":"ENRIQUE ALVAREZ"},{"Id_Viaje":3037595,"IDPedido":582522,"CargaViaje":7,"IDPlanta":15,"NombrePlantaViaje":"M5-Santiago","IDUnidad":315,"NombreUnidad":"CR-232","IDOperador":1452,"NombreOperador":"VICTOR LOPEZ","IDEstatusViaje":2,"NombreEstatus":"Entregado","FechaInicio":"2/10/2026 12:00:00 AM","HoraInicio":"10:30","HoraFin":"11:00","IDObra":12150004,"NombreObra":"SANTTE","IDClienteSAE":12150,"NombreCliente":"MAQUINARIA Y CONSTRUCTORA SEPULVEDA DE MONTERREY","IDUso":8,"NombreUso":"Losa","IDProducto":491,"NombreProducto":"CONCRETO f\u0027c=200 Ag=20 Rev=14 A1 B","Remision":"M5/37069","CveCiudad":"MTY","NombreVendedor":"CESAR LUNA"},{"Id_Viaje":3037597,"IDPedido":582522,"CargaViaje":7,"IDPlanta":15,"NombrePlantaViaje":"M5-Santiago","IDUnidad":314,"NombreUnidad":"CR-229","IDOperador":1529,"NombreOperador":"ENRIQUE YESCAS","IDEstatusViaje":2,"NombreEstatus":"Entregado","FechaInicio":"2/10/2026 12:00:00 AM","HoraInicio":"11:00","HoraFin":"11:30","IDObra":12150004,"NombreObra":"SANTTE","IDClienteSAE":12150,"NombreCliente":"MAQUINARIA Y CONSTRUCTORA SEPULVEDA DE MONTERREY","IDUso":8,"NombreUso":"Losa","IDProducto":491,"NombreProducto":"CONCRETO f\u0027c=200 Ag=20 Rev=14 A1 B","Remision":"M5/37070","CveCiudad":"MTY","NombreVendedor":"CESAR LUNA"},{"Id_Viaje":3037633,"IDPedido":582529,"CargaViaje":7,"IDPlanta":19,"NombrePlantaViaje":"M1-Apodaca","IDUnidad":33,"NombreUnidad":"CR-168","IDOperador":1157,"NombreOperador":"JUAN JOSE ROSARIO LOPEZ","IDEstatusViaje":2,"NombreEstatus":"Entregado","FechaInicio":"2/10/2026 12:00:00 AM","HoraInicio":"13:30","HoraFin":"15:30","IDObra":11302015,"NombreObra":"casa blanca","IDClienteSAE":11302,"NombreCliente":"LUZ DE PARIS","IDUso":8,"NombreUso":"Losa","IDProducto":491,"NombreProducto":"CONCRETO f\u0027c=200 Ag=20 Rev=14 A1 B","Remision":"M1/91127","CveCiudad":"MTY","NombreVendedor":"BLANCA P. GARZA"},{"Id_Viaje":3037642,"IDPedido":582398,"CargaViaje":5,"IDPlanta":19,"NombrePlantaViaje":"M1-Apodaca","IDUnidad":26,"NombreUnidad":"CR-20","IDOperador":32,"NombreOperador":"ARMANDO MARTINEZ DELGADO","IDEstatusViaje":2,"NombreEstatus":"Entregado","FechaInicio":"2/10/2026 12:00:00 AM","HoraInicio":"10:00","HoraFin":"12:00","IDObra":11687007,"NombreObra":"ALTERRA - PLUVIAL","IDClienteSAE":11687,"NombreCliente":"CONSTRUCCIONES INTEGRALES PAYAN MORENO","IDUso":9,"NombreUso":"Muro","IDProducto":513,"NombreProducto":"CONCRETO f\u0027c=200 Ag=20 Rev=14 A1 D","Remision":"M1/91121","CveCiudad":"MTY","NombreVendedor":"ENRIQUE ALVAREZ"},{"Id_Viaje":3037646,"IDPedido":582531,"CargaViaje":5,"IDPlanta":19,"NombrePlantaViaje":"M1-Apodaca","IDUnidad":261,"NombreUnidad":"CR-213","IDOperador":1631,"NombreOperador":"IVAN SANCHEZ","IDEstatusViaje":2,"NombreEstatus":"Entregado","FechaInicio":"2/10/2026 12:00:00 AM","HoraInicio":"06:30","HoraFin":"08:30","IDObra":11701002,"NombreObra":"montalto","IDClienteSAE":11701,"NombreCliente":"KEYZER CONSTRUCCIONES","IDUso":26,"NombreUso":"Mortero","IDProducto":2455,"NombreProducto":"MORTERO f\u0027c= 150 Kgf/cm2 Ag=4 Rev.14 A1D","Remision":"M1/91117","CveCiudad":"MTY","NombreVendedor":"CESAR LUNA"},{"Id_Viaje":3037650,"IDPedido":582532,"CargaViaje":7,"IDPlanta":11,"NombrePlantaViaje":"M4-Centro","IDUnidad":8,"NombreUnidad":"CR-244","IDOperador":1151,"NombreOperador":"GERARDO GARCIA","IDEstatusViaje":2,"NombreEstatus":"Entregado","FechaInicio":"2/10/2026 12:00:00 AM","HoraInicio":"13:20","HoraFin":"15:20","IDObra":12202001,"NombreObra":"bodega cfe estacion y griega","IDClienteSAE":12202,"NombreCliente":"EMPRESAS ASOCIADAS DEL NORESTE","IDUso":8,"NombreUso":"Losa","IDProducto":1572,"NombreProducto":"CONCRETO f\u0027c=350 Ag=20 Rev=14 A1 B","Remision":"M4/89091","CveCiudad":"MTY","NombreVendedor":"ENRIQUE ALVAREZ"},{"Id_Viaje":3037653,"IDPedido":582533,"CargaViaje":7,"IDPlanta":13,"NombrePlantaViaje":"G1- VALLE DE LA MISERICORDIA","IDUnidad":317,"NombreUnidad":"CR-023","IDOperador":481,"NombreOperador":"[LIBRE] LIBRE","IDEstatusViaje":1,"NombreEstatus":"Despachado","FechaInicio":"2/10/2026 12:00:00 AM","HoraInicio":"09:00","HoraFin":"11:00","IDObra":4268034,"NombreObra":"CALLE CLAVEL ENTRE HORTENSIA Y GLADIOLA COLONIA LA TIJERA","IDClienteSAE":4268,"NombreCliente":"JAVIER AVALOS MARQUEZ","IDUso":80,"NombreUso":"Banqueta Lavada","IDProducto":3279,"NombreProducto":"CONCRETO f\u0027c:200 Ag=10 Rev:10 A1 D","Remision":"G1/70664","CveCiudad":"GDL","NombreVendedor":"RODOLFO ARREDONDO"},{"Id_Viaje":3037655,"IDPedido":582534,"CargaViaje":7,"IDPlanta":31,"NombrePlantaViaje":"G3-Tlajomulco","IDUnidad":316,"NombreUnidad":"CR-013","IDOperador":40,"NombreOperador":"JUAN PABLO ESCOBAR","IDEstatusViaje":1,"NombreEstatus":"Despachado","FechaInicio":"2/10/2026 12:00:00 AM","HoraInicio":"08:00","HoraFin":"10:00","IDObra":6309004,"NombreObra":"ZACOALCO 2","IDClienteSAE":6309,"NombreCliente":"ARCH-VISION","IDUso":1,"NombreUso":"Banqueta","IDProducto":11453,"NombreProducto":"CONCRETO f\u0027c=200 Ag=20 Rev=10 D 28","Remision":"G3/49854","CveCiudad":"GDL","NombreVendedor":"RODOLFO ARREDONDO"},{"Id_Viaje":3037657,"IDPedido":582536,"CargaViaje":5,"IDPlanta":31,"NombrePlantaViaje":"G3-Tlajomulco","IDUnidad":190,"NombreUnidad":"CR-081","IDOperador":102,"NombreOperador":"ALFONSO OVALLE","IDEstatusViaje":1,"NombreEstatus":"Despachado","FechaInicio":"2/10/2026 12:00:00 AM","HoraInicio":"08:30","HoraFin":"10:30","IDObra":6309001,"NombreObra":"ACATLAN","IDClienteSAE":6309,"NombreCliente":"ARCH-VISION","IDUso":8,"NombreUso":"Losa","IDProducto":11453,"NombreProducto":"CONCRETO f\u0027c=200 Ag=20 Rev=10 D 28","Remision":"G3/49855","CveCiudad":"GDL","NombreVendedor":"RODOLFO ARREDONDO"},{"Id_Viaje":3037659,"IDPedido":582535,"CargaViaje":7,"IDPlanta":31,"NombrePlantaViaje":"G3-Tlajomulco","IDUnidad":151,"NombreUnidad":"CR-086","IDOperador":102,"NombreOperador":"ALFONSO OVALLE","IDEstatusViaje":1,"NombreEstatus":"Despachado","FechaInicio":"2/10/2026 12:00:00 AM","HoraInicio":"10:00","HoraFin":"12:00","IDObra":6309004,"NombreObra":"ZACOALCO 2","IDClienteSAE":6309,"NombreCliente":"ARCH-VISION","IDUso":8,"NombreUso":"Losa","IDProducto":2773,"NombreProducto":"CONCRETO MR:45 Ag=40 Rev:10 A1 D","Remision":"G3/49856","CveCiudad":"GDL","NombreVendedor":"RODOLFO ARREDONDO"},{"Id_Viaje":3037661,"IDPedido":582537,"CargaViaje":5,"IDPlanta":31,"NombrePlantaViaje":"G3-Tlajomulco","IDUnidad":149,"NombreUnidad":"CR-102","IDOperador":102,"NombreOperador":"ALFONSO OVALLE","IDEstatusViaje":1,"NombreEstatus":"Despachado","FechaInicio":"2/10/2026 12:00:00 AM","HoraInicio":"11:00","HoraFin":"13:00","IDObra":6309001,"NombreObra":"ACATLAN","IDClienteSAE":6309,"NombreCliente":"ARCH-VISION","IDUso":8,"NombreUso":"Losa","IDProducto":11453,"NombreProducto":"CONCRETO f\u0027c=200 Ag=20 Rev=10 D 28","Remision":"G3/49857","CveCiudad":"GDL","NombreVendedor":"RODOLFO ARREDONDO"},{"Id_Viaje":3037663,"IDPedido":582538,"CargaViaje":5,"IDPlanta":31,"NombrePlantaViaje":"G3-Tlajomulco","IDUnidad":150,"NombreUnidad":"CR-109","IDOperador":180,"NombreOperador":"EDUARDO ORTIZ","IDEstatusViaje":1,"NombreEstatus":"Despachado","FechaInicio":"2/10/2026 12:00:00 AM","HoraInicio":"14:30","HoraFin":"16:30","IDObra":6309001,"NombreObra":"ACATLAN","IDClienteSAE":6309,"NombreCliente":"ARCH-VISION","IDUso":80,"NombreUso":"Banqueta Lavada","IDProducto":2646,"NombreProducto":"CONCRETO f\u0027c:150 Ag=10 Rev:10 A1 D","Remision":"G3/49860","CveCiudad":"GDL","NombreVendedor":"RODOLFO ARREDONDO"},{"Id_Viaje":3037673,"IDPedido":582510,"CargaViaje":7,"IDPlanta":23,"NombrePlantaViaje":"L1-Leon","IDUnidad":351,"NombreUnidad":"CR-237-DRH","IDOperador":1623,"NombreOperador":"JORGE IGNACIO NEGRETE","IDEstatusViaje":1,"NombreEstatus":"Despachado","FechaInicio":"2/10/2026 12:00:00 AM","HoraInicio":"04:00","HoraFin":"06:00","IDObra":3156001,"NombreObra":"COPACHISA IND. COLINAS DE LEON","IDClienteSAE":3156,"NombreCliente":"COPACHISA","IDUso":7,"NombreUso":"Firme","IDProducto":11778,"NombreProducto":"CONCRETO MR=42 Ag=40 Rev=12 D 28","Remision":"L1/40978","CveCiudad":"LEON","NombreVendedor":"OFICINA MATRIZ"},{"Id_Viaje":3037675,"IDPedido":582510,"CargaViaje":7,"IDPlanta":23,"NombrePlantaViaje":"L1-Leon","IDUnidad":352,"NombreUnidad":"CR-246-NRH","IDOperador":522,"NombreOperador":"[LIBRE] .","IDEstatusViaje":1,"NombreEstatus":"Despachado","FechaInicio":"2/10/2026 12:00:00 AM","HoraInicio":"04:10","HoraFin":"06:10","IDObra":3156001,"NombreObra":"COPACHISA IND. COLINAS DE LEON","IDClienteSAE":3156,"NombreCliente":"COPACHISA","IDUso":7,"NombreUso":"Firme","IDProducto":11778,"NombreProducto":"CONCRETO MR=42 Ag=40 Rev=12 D 28","Remision":"L1/40979","CveCiudad":"LEON","NombreVendedor":"OFICINA MATRIZ"},{"Id_Viaje":3037677,"IDPedido":582510,"CargaViaje":7,"IDPlanta":23,"NombrePlantaViaje":"L1-Leon","IDUnidad":165,"NombreUnidad":"CR-207 FRG","IDOperador":1634,"NombreOperador":"JOSE GUADALUPE POZOS","IDEstatusViaje":1,"NombreEstatus":"Despachado","FechaInicio":"2/10/2026 12:00:00 AM","HoraInicio":"04:20","HoraFin":"06:20","IDObra":3156001,"NombreObra":"COPACHISA IND. COLINAS DE LEON","IDClienteSAE":3156,"NombreCliente":"COPACHISA","IDUso":7,"NombreUso":"Firme","IDProducto":11778,"NombreProducto":"CONCRETO MR=42 Ag=40 Rev=12 D 28","Remision":"L1/40980","CveCiudad":"LEON","NombreVendedor":"OFICINA MATRIZ"},{"Id_Viaje":3037679,"IDPedido":582510,"CargaViaje":7,"IDPlanta":23,"NombrePlantaViaje":"L1-Leon","IDUnidad":292,"NombreUnidad":"CR-210 JRG","IDOperador":1609,"NombreOperador":"ANDRES GONZALEZ","IDEstatusViaje":1,"NombreEstatus":"Despachado","FechaInicio":"2/10/2026 12:00:00 AM","HoraInicio":"04:30","HoraFin":"06:30","IDObra":3156001,"NombreObra":"COPACHISA IND. COLINAS DE LEON","IDClienteSAE":3156,"NombreCliente":"COPACHISA","IDUso":7,"NombreUso":"Firme","IDProducto":11778,"NombreProducto":"CONCRETO MR=42 Ag=40 Rev=12 D 28","Remision":"L1/40981","CveCiudad":"LEON","NombreVendedor":"OFICINA MATRIZ"},{"Id_Viaje":3037681,"IDPedido":582510,"CargaViaje":7,"IDPlanta":23,"NombrePlantaViaje":"L1-Leon","IDUnidad":290,"NombreUnidad":"CR-215 RRF","IDOperador":1578,"NombreOperador":"JOSE FLORENTINO TORRES","IDEstatusViaje":1,"NombreEstatus":"Despachado","FechaInicio":"2/10/2026 12:00:00 AM","HoraInicio":"04:40","HoraFin":"06:40","IDObra":3156001,"NombreObra":"COPACHISA IND. COLINAS DE LEON","IDClienteSAE":3156,"NombreCliente":"COPACHISA","IDUso":7,"NombreUso":"Firme","IDProducto":11778,"NombreProducto":"CONCRETO MR=42 Ag=40 Rev=12 D 28","Remision":"L1/40982","CveCiudad":"LEON","NombreVendedor":"OFICINA MATRIZ"},{"Id_Viaje":3037683,"IDPedido":582510,"CargaViaje":7,"IDPlanta":23,"NombrePlantaViaje":"L1-Leon","IDUnidad":353,"NombreUnidad":"CR-221 XRG","IDOperador":1624,"NombreOperador":"JUAN VICTOR PEREZ","IDEstatusViaje":1,"NombreEstatus":"Despachado","FechaInicio":"2/10/2026 12:00:00 AM","HoraInicio":"04:50","HoraFin":"06:50","IDObra":3156001,"NombreObra":"COPACHISA IND. COLINAS DE LEON","IDClienteSAE":3156,"NombreCliente":"COPACHISA","IDUso":7,"NombreUso":"Firme","IDProducto":11778,"NombreProducto":"CONCRETO MR=42 Ag=40 Rev=12 D 28","Remision":"L1/40983","CveCiudad":"LEON","NombreVendedor":"OFICINA MATRIZ"},{"Id_Viaje":3037685,"IDPedido":582510,"CargaViaje":3,"IDPlanta":23,"NombrePlantaViaje":"L1-Leon","IDUnidad":354,"NombreUnidad":"CR-226 2RH","IDOperador":1329,"NombreOperador":"CHRISTIAN ALEJANDRO ARENAS","IDEstatusViaje":1,"NombreEstatus":"Despachado","FechaInicio":"2/10/2026 12:00:00 AM","HoraInicio":"05:00","HoraFin":"07:00","IDObra":3156001,"NombreObra":"COPACHISA IND. COLINAS DE LEON","IDClienteSAE":3156,"NombreCliente":"COPACHISA","IDUso":7,"NombreUso":"Firme","IDProducto":11778,"NombreProducto":"CONCRETO MR=42 Ag=40 Rev=12 D 28","Remision":"L1/40986","CveCiudad":"LEON","NombreVendedor":"OFICINA MATRIZ"},{"Id_Viaje":3037687,"IDPedido":582539,"CargaViaje":7,"IDPlanta":23,"NombrePlantaViaje":"L1-Leon","IDUnidad":77,"NombreUnidad":"CR193-1RG","IDOperador":1623,"NombreOperador":"JORGE IGNACIO NEGRETE","IDEstatusViaje":1,"NombreEstatus":"Despachado","FechaInicio":"2/10/2026 12:00:00 AM","HoraInicio":"07:00","HoraFin":"09:00","IDObra":3156001,"NombreObra":"COPACHISA IND. COLINAS DE LEON","IDClienteSAE":3156,"NombreCliente":"COPACHISA","IDUso":9,"NombreUso":"Muro","IDProducto":12111,"NombreProducto":"CONCRETO f\u0027c=280 Ag=20 Rev=14 B 07","Remision":"L1/40984","CveCiudad":"LEON","NombreVendedor":"OFICINA MATRIZ"},{"Id_Viaje":3037689,"IDPedido":582539,"CargaViaje":7,"IDPlanta":23,"NombrePlantaViaje":"L1-Leon","IDUnidad":351,"NombreUnidad":"CR-237-DRH","IDOperador":1623,"NombreOperador":"JORGE IGNACIO NEGRETE","IDEstatusViaje":1,"NombreEstatus":"Despachado","FechaInicio":"2/10/2026 12:00:00 AM","HoraInicio":"07:10","HoraFin":"09:10","IDObra":3156001,"NombreObra":"COPACHISA IND. COLINAS DE LEON","IDClienteSAE":3156,"NombreCliente":"COPACHISA","IDUso":9,"NombreUso":"Muro","IDProducto":12111,"NombreProducto":"CONCRETO f\u0027c=280 Ag=20 Rev=14 B 07","Remision":"L1/40985","CveCiudad":"LEON","NombreVendedor":"OFICINA MATRIZ"},{"Id_Viaje":3037691,"IDPedido":582539,"CargaViaje":7,"IDPlanta":23,"NombrePlantaViaje":"L1-Leon","IDUnidad":352,"NombreUnidad":"CR-246-NRH","IDOperador":522,"NombreOperador":"[LIBRE] .","IDEstatusViaje":1,"NombreEstatus":"Despachado","FechaInicio":"2/10/2026 12:00:00 AM","HoraInicio":"07:20","HoraFin":"09:20","IDObra":3156001,"NombreObra":"COPACHISA IND. COLINAS DE LEON","IDClienteSAE":3156,"NombreCliente":"COPACHISA","IDUso":9,"NombreUso":"Muro","IDProducto":12111,"NombreProducto":"CONCRETO f\u0027c=280 Ag=20 Rev=14 B 07","Remision":"L1/40987","CveCiudad":"LEON","NombreVendedor":"OFICINA MATRIZ"},{"Id_Viaje":3037693,"IDPedido":582539,"CargaViaje":7,"IDPlanta":23,"NombrePlantaViaje":"L1-Leon","IDUnidad":165,"NombreUnidad":"CR-207 FRG","IDOperador":1634,"NombreOperador":"JOSE GUADALUPE POZOS","IDEstatusViaje":1,"NombreEstatus":"Despachado","FechaInicio":"2/10/2026 12:00:00 AM","HoraInicio":"07:30","HoraFin":"09:30","IDObra":3156001,"NombreObra":"COPACHISA IND. COLINAS DE LEON","IDClienteSAE":3156,"NombreCliente":"COPACHISA","IDUso":9,"NombreUso":"Muro","IDProducto":12111,"NombreProducto":"CONCRETO f\u0027c=280 Ag=20 Rev=14 B 07","Remision":"L1/40988","CveCiudad":"LEON","NombreVendedor":"OFICINA MATRIZ"},{"Id_Viaje":3037695,"IDPedido":582543,"CargaViaje":5.5,"IDPlanta":36,"NombrePlantaViaje":"Q1-Apaseo","IDUnidad":104,"NombreUnidad":"CR-024","IDOperador":1524,"NombreOperador":"ALEJANDRO VALLEJO","IDEstatusViaje":2,"NombreEstatus":"Entregado","FechaInicio":"2/10/2026 12:00:00 AM","HoraInicio":"07:00","HoraFin":"09:00","IDObra":313001,"NombreObra":"HACIENDA SUR","IDClienteSAE":313,"NombreCliente":"VALLE DE LOS MEZQUITES","IDUso":2,"NombreUso":"Cimentacion","IDProducto":4351,"NombreProducto":"CONCRETO f\u0027c=200 Ag=20 Rev=10 D 28","Remision":"Q1/11450","CveCiudad":"QRO","NombreVendedor":"YIMI EDUARDO VAZQUEZ"},{"Id_Viaje":3037697,"IDPedido":582544,"CargaViaje":5,"IDPlanta":36,"NombrePlantaViaje":"Q1-Apaseo","IDUnidad":266,"NombreUnidad":"CR-136","IDOperador":1585,"NombreOperador":"CARLOS ANTONIO VILLALVA","IDEstatusViaje":2,"NombreEstatus":"Entregado","FechaInicio":"2/10/2026 12:00:00 AM","HoraInicio":"07:30","HoraFin":"09:30","IDObra":835002,"NombreObra":"PEDREGAL DE VISTA HERMOSA","IDClienteSAE":835,"NombreCliente":"SA KPMGS","IDUso":15,"NombreUso":"Zapatas","IDProducto":4409,"NombreProducto":"CONCRETO f\u0027c=250 Ag=20 Rev=14 B 28","Remision":"Q1/11451","CveCiudad":"QRO","NombreVendedor":"MIGUEL ANGEL GUTIERREZ"},{"Id_Viaje":3037699,"IDPedido":582544,"CargaViaje":5,"IDPlanta":36,"NombrePlantaViaje":"Q1-Apaseo","IDUnidad":268,"NombreUnidad":"CR-137","IDOperador":1684,"NombreOperador":"BENJAMIN ROMAN","IDEstatusViaje":2,"NombreEstatus":"Entregado","FechaInicio":"2/10/2026 12:00:00 AM","HoraInicio":"07:40","HoraFin":"09:40","IDObra":835002,"NombreObra":"PEDREGAL DE VISTA HERMOSA","IDClienteSAE":835,"NombreCliente":"SA KPMGS","IDUso":15,"NombreUso":"Zapatas","IDProducto":4409,"NombreProducto":"CONCRETO f\u0027c=250 Ag=20 Rev=14 B 28","Remision":"Q1/11452","CveCiudad":"QRO","NombreVendedor":"MIGUEL ANGEL GUTIERREZ"},{"Id_Viaje":3037701,"IDPedido":582540,"CargaViaje":8,"IDPlanta":20,"NombrePlantaViaje":"A1-Ojo Caliente","IDUnidad":122,"NombreUnidad":"CR-043-","IDOperador":1067,"NombreOperador":"JUAN HUMBERTO MARQUEZ","IDEstatusViaje":1,"NombreEstatus":"Despachado","FechaInicio":"2/10/2026 12:00:00 AM","HoraInicio":"00:00","HoraFin":"02:00","IDObra":4986001,"NombreObra":"VILLAS DE LAS NORIAS","IDClienteSAE":4986,"NombreCliente":"ARNULFO HERNANDEZ","IDUso":8,"NombreUso":"Losa","IDProducto":1022,"NombreProducto":"CONCRETO f\u0027c:200 Ag=20 Rev:14 A1 B","Remision":"A1/96414","CveCiudad":"AGS","NombreVendedor":"CASA CASA"},{"Id_Viaje":3037705,"IDPedido":582545,"CargaViaje":4.5,"IDPlanta":20,"NombrePlantaViaje":"A1-Ojo Caliente","IDUnidad":107,"NombreUnidad":"CR-050","IDOperador":677,"NombreOperador":"EDMUNDO DE LOERA","IDEstatusViaje":1,"NombreEstatus":"Despachado","FechaInicio":"2/10/2026 12:00:00 AM","HoraInicio":"00:20","HoraFin":"02:20","IDObra":2820038,"NombreObra":"GPE PERALTA","IDClienteSAE":2820,"NombreCliente":"URBANIZACIONES ARGU","IDUso":7,"NombreUso":"Firme","IDProducto":2546,"NombreProducto":"CONCRETO f\u0027c:250 Ag=20 Rev:10 A1 D","Remision":"A1/96415","CveCiudad":"AGS","NombreVendedor":"CASA CASA"},{"Id_Viaje":3037707,"IDPedido":582545,"CargaViaje":4,"IDPlanta":20,"NombrePlantaViaje":"A1-Ojo Caliente","IDUnidad":108,"NombreUnidad":"CR-098 2RD","IDOperador":1503,"NombreOperador":"ALBERTO HERNANDEZ","IDEstatusViaje":1,"NombreEstatus":"Despachado","FechaInicio":"2/10/2026 12:00:00 AM","HoraInicio":"00:30","HoraFin":"02:30","IDObra":2820038,"NombreObra":"GPE PERALTA","IDClienteSAE":2820,"NombreCliente":"URBANIZACIONES ARGU","IDUso":7,"NombreUso":"Firme","IDProducto":2546,"NombreProducto":"CONCRETO f\u0027c:250 Ag=20 Rev:10 A1 D","Remision":"A1/96417","CveCiudad":"AGS","NombreVendedor":"CASA CASA"},{"Id_Viaje":3037709,"IDPedido":582546,"CargaViaje":3.5,"IDPlanta":20,"NombrePlantaViaje":"A1-Ojo Caliente","IDUnidad":350,"NombreUnidad":"CR-047","IDOperador":1076,"NombreOperador":"EZEQUIEL SANDOVAL","IDEstatusViaje":1,"NombreEstatus":"Despachado","FechaInicio":"2/10/2026 12:00:00 AM","HoraInicio":"00:40","HoraFin":"02:40","IDObra":4510002,"NombreObra":"CONSTITUCION","IDClienteSAE":4510,"NombreCliente":"MARIA MAGDALENA CULEBRO PINTO","IDUso":30,"NombreUso":"Cisterna","IDProducto":2547,"NombreProducto":"CONCRETO f\u0027c:250 Ag=20 Rev:10 A1 D","Remision":"A1/96416","CveCiudad":"AGS","NombreVendedor":"HECTOR VILLANUEVA"},{"Id_Viaje":3037711,"IDPedido":582558,"CargaViaje":7,"IDPlanta":30,"NombrePlantaViaje":"P1-Coronango","IDUnidad":195,"NombreUnidad":"CR-158","IDOperador":1006,"NombreOperador":"VICTOR MANUEL HERNANDEZ","IDEstatusViaje":1,"NombreEstatus":"Despachado","FechaInicio":"2/10/2026 12:00:00 AM","HoraInicio":"07:30","HoraFin":"09:30","IDObra":845011,"NombreObra":"fracc platiniO","IDClienteSAE":845,"NombreCliente":"GRUPO BRECASA","IDUso":8,"NombreUso":"Losa","IDProducto":11089,"NombreProducto":"CONCRETO f\u0027c=200 Ag=10 Rev=14 B 28","Remision":"P1/38510","CveCiudad":"PUE","NombreVendedor":"VENDEDOR PUEBLA ."},{"Id_Viaje":3037713,"IDPedido":582558,"CargaViaje":7,"IDPlanta":30,"NombrePlantaViaje":"P1-Coronango","IDUnidad":196,"NombreUnidad":"CR-159","IDOperador":1013,"NombreOperador":"ALEJANDRO ARCE","IDEstatusViaje":1,"NombreEstatus":"Despachado","FechaInicio":"2/10/2026 12:00:00 AM","HoraInicio":"07:40","HoraFin":"09:40","IDObra":845011,"NombreObra":"fracc platiniO","IDClienteSAE":845,"NombreCliente":"GRUPO BRECASA","IDUso":8,"NombreUso":"Losa","IDProducto":11089,"NombreProducto":"CONCRETO f\u0027c=200 Ag=10 Rev=14 B 28","Remision":"P1/38511","CveCiudad":"PUE","NombreVendedor":"VENDEDOR PUEBLA ."},{"Id_Viaje":3037715,"IDPedido":582558,"CargaViaje":7,"IDPlanta":30,"NombrePlantaViaje":"P1-Coronango","IDUnidad":197,"NombreUnidad":"CR-160","IDOperador":1016,"NombreOperador":"FRANCISCO MANUEL PARDO","IDEstatusViaje":1,"NombreEstatus":"Despachado","FechaInicio":"2/10/2026 12:00:00 AM","HoraInicio":"07:50","HoraFin":"09:50","IDObra":845011,"NombreObra":"fracc platiniO","IDClienteSAE":845,"NombreCliente":"GRUPO BRECASA","IDUso":8,"NombreUso":"Losa","IDProducto":11089,"NombreProducto":"CONCRETO f\u0027c=200 Ag=10 Rev=14 B 28","Remision":"P1/38512","CveCiudad":"PUE","NombreVendedor":"VENDEDOR PUEBLA ."},{"Id_Viaje":3037717,"IDPedido":582558,"CargaViaje":7,"IDPlanta":30,"NombrePlantaViaje":"P1-Coronango","IDUnidad":198,"NombreUnidad":"CR-161","IDOperador":1008,"NombreOperador":"CARLOS ARMAS","IDEstatusViaje":1,"NombreEstatus":"Despachado","FechaInicio":"2/10/2026 12:00:00 AM","HoraInicio":"08:00","HoraFin":"10:00","IDObra":845011,"NombreObra":"fracc platiniO","IDClienteSAE":845,"NombreCliente":"GRUPO BRECASA","IDUso":8,"NombreUso":"Losa","IDProducto":11089,"NombreProducto":"CONCRETO f\u0027c=200 Ag=10 Rev=14 B 28","Remision":"P1/38513","CveCiudad":"PUE","NombreVendedor":"VENDEDOR PUEBLA ."},{"Id_Viaje":3037719,"IDPedido":582558,"CargaViaje":7,"IDPlanta":30,"NombrePlantaViaje":"P1-Coronango","IDUnidad":199,"NombreUnidad":"CR-162","IDOperador":1005,"NombreOperador":"DAVID FLORES","IDEstatusViaje":1,"NombreEstatus":"Despachado","FechaInicio":"2/10/2026 12:00:00 AM","HoraInicio":"08:10","HoraFin":"10:10","IDObra":845011,"NombreObra":"fracc platiniO","IDClienteSAE":845,"NombreCliente":"GRUPO BRECASA","IDUso":8,"NombreUso":"Losa","IDProducto":11089,"NombreProducto":"CONCRETO f\u0027c=200 Ag=10 Rev=14 B 28","Remision":"P1/38514","CveCiudad":"PUE","NombreVendedor":"VENDEDOR PUEBLA ."},{"Id_Viaje":3037721,"IDPedido":582553,"CargaViaje":7,"IDPlanta":34,"NombrePlantaViaje":"A2-San Francisco","IDUnidad":113,"NombreUnidad":"CR-140 CRE","IDOperador":1501,"NombreOperador":"ANTONIO NAVARRO","IDEstatusViaje":1,"NombreEstatus":"Despachado","FechaInicio":"2/10/2026 12:00:00 AM","HoraInicio":"08:00","HoraFin":"10:00","IDObra":3891003,"NombreObra":"SAN PANCHO","IDClienteSAE":3891,"NombreCliente":"MAOFRE GRUPO CONSTRUCTOR","IDUso":25,"NombreUso":"Pavimento","IDProducto":2602,"NombreProducto":"CONCRETO MR= 38 Ag=40 Rev 10 R7 D","Remision":"A2/41552","CveCiudad":"AGS","NombreVendedor":"CASA CASA"},{"Id_Viaje":3037723,"IDPedido":582553,"CargaViaje":7,"IDPlanta":34,"NombrePlantaViaje":"A2-San Francisco","IDUnidad":112,"NombreUnidad":"CR-154 TRE","IDOperador":1504,"NombreOperador":"HUGO MEDINA","IDEstatusViaje":1,"NombreEstatus":"Despachado","FechaInicio":"2/10/2026 12:00:00 AM","HoraInicio":"08:10","HoraFin":"10:10","IDObra":3891003,"NombreObra":"SAN PANCHO","IDClienteSAE":3891,"NombreCliente":"MAOFRE GRUPO CONSTRUCTOR","IDUso":25,"NombreUso":"Pavimento","IDProducto":2602,"NombreProducto":"CONCRETO MR= 38 Ag=40 Rev 10 R7 D","Remision":"A2/41554","CveCiudad":"AGS","NombreVendedor":"CASA CASA"},{"Id_Viaje":3037725,"IDPedido":582553,"CargaViaje":7,"IDPlanta":34,"NombrePlantaViaje":"A2-San Francisco","IDUnidad":328,"NombreUnidad":"CR-178","IDOperador":916,"NombreOperador":"CESAR DIAZ DE LEON","IDEstatusViaje":1,"NombreEstatus":"Despachado","FechaInicio":"2/10/2026 12:00:00 AM","HoraInicio":"08:20","HoraFin":"10:20","IDObra":3891003,"NombreObra":"SAN PANCHO","IDClienteSAE":3891,"NombreCliente":"MAOFRE GRUPO CONSTRUCTOR","IDUso":25,"NombreUso":"Pavimento","IDProducto":2602,"NombreProducto":"CONCRETO MR= 38 Ag=40 Rev 10 R7 D","Remision":"A2/41556","CveCiudad":"AGS","NombreVendedor":"CASA CASA"},{"Id_Viaje":3037727,"IDPedido":582559,"CargaViaje":2,"IDPlanta":34,"NombrePlantaViaje":"A2-San Francisco","IDUnidad":327,"NombreUnidad":"CR-201 9RG","IDOperador":1502,"NombreOperador":"JUAN FELIPE MARENTES","IDEstatusViaje":1,"NombreEstatus":"Despachado","FechaInicio":"2/10/2026 12:00:00 AM","HoraInicio":"08:00","HoraFin":"10:00","IDObra":4747004,"NombreObra":"SAN FRANCISCO DE LOS ROMOS","IDClienteSAE":4747,"NombreCliente":"DAPAC DISEÑO Y CONSTRUCCION","IDUso":8,"NombreUso":"Losa","IDProducto":1014,"NombreProducto":"CONCRETO f\u0027c:200 Ag=20. Rev: 10 A1 D","Remision":"A2/41553","CveCiudad":"AGS","NombreVendedor":"CASA CASA"},{"Id_Viaje":3037729,"IDPedido":582547,"CargaViaje":5,"IDPlanta":20,"NombrePlantaViaje":"A1-Ojo Caliente","IDUnidad":295,"NombreUnidad":"CR-065","IDOperador":675,"NombreOperador":"JUAN ANTONIO HERRERA","IDEstatusViaje":1,"NombreEstatus":"Despachado","FechaInicio":"2/10/2026 12:00:00 AM","HoraInicio":"08:30","HoraFin":"10:30","IDObra":2346015,"NombreObra":"DIF AGOSTADERO","IDClienteSAE":2346,"NombreCliente":"CONSTRUCTORA CALVILLO","IDUso":7,"NombreUso":"Firme","IDProducto":1014,"NombreProducto":"CONCRETO f\u0027c:200 Ag=20. Rev: 10 A1 D","Remision":"A1/96418","CveCiudad":"AGS","NombreVendedor":"HECTOR VILLANUEVA"},{"Id_Viaje":3037729,"IDPedido":582547,"CargaViaje":5,"IDPlanta":20,"NombrePlantaViaje":"A1-Ojo Caliente","IDUnidad":295,"NombreUnidad":"CR-065","IDOperador":675,"NombreOperador":"JUAN ANTONIO HERRERA","IDEstatusViaje":1,"NombreEstatus":"Despachado","FechaInicio":"2/10/2026 12:00:00 AM","HoraInicio":"08:30","HoraFin":"10:30","IDObra":2346015,"NombreObra":"DIF AGOSTADERO","IDClienteSAE":2346,"NombreCliente":"CONSTRUCTORA CALVILLO","IDUso":7,"NombreUso":"Firme","IDProducto":1014,"NombreProducto":"CONCRETO f\u0027c:200 Ag=20. Rev: 10 A1 D","Remision":"A1/96418","CveCiudad":"AGS","NombreVendedor":"HECTOR VILLANUEVA"},{"Id_Viaje":3037731,"IDPedido":582547,"CargaViaje":5,"IDPlanta":20,"NombrePlantaViaje":"A1-Ojo Caliente","IDUnidad":115,"NombreUnidad":"CR-069","IDOperador":209,"NombreOperador":"MARCO DE LEON","IDEstatusViaje":1,"NombreEstatus":"Despachado","FechaInicio":"2/10/2026 12:00:00 AM","HoraInicio":"08:40","HoraFin":"10:40","IDObra":2346015,"NombreObra":"DIF AGOSTADERO","IDClienteSAE":2346,"NombreCliente":"CONSTRUCTORA CALVILLO","IDUso":7,"NombreUso":"Firme","IDProducto":1014,"NombreProducto":"CONCRETO f\u0027c:200 Ag=20. Rev: 10 A1 D","Remision":"A1/96420","CveCiudad":"AGS","NombreVendedor":"HECTOR VILLANUEVA"},{"Id_Viaje":3037731,"IDPedido":582547,"CargaViaje":5,"IDPlanta":20,"NombrePlantaViaje":"A1-Ojo Caliente","IDUnidad":115,"NombreUnidad":"CR-069","IDOperador":209,"NombreOperador":"MARCO DE LEON","IDEstatusViaje":1,"NombreEstatus":"Despachado","FechaInicio":"2/10/2026 12:00:00 AM","HoraInicio":"08:40","HoraFin":"10:40","IDObra":2346015,"NombreObra":"DIF AGOSTADERO","IDClienteSAE":2346,"NombreCliente":"CONSTRUCTORA CALVILLO","IDUso":7,"NombreUso":"Firme","IDProducto":1014,"NombreProducto":"CONCRETO f\u0027c:200 Ag=20. Rev: 10 A1 D","Remision":"A1/96420","CveCiudad":"AGS","NombreVendedor":"HECTOR VILLANUEVA"},{"Id_Viaje":3037733,"IDPedido":582351,"CargaViaje":5,"IDPlanta":8,"NombrePlantaViaje":"M3-Santa","IDUnidad":35,"NombreUnidad":"CR-051","IDOperador":1477,"NombreOperador":"JONATHAN PABLO ROJAS","IDEstatusViaje":2,"NombreEstatus":"Entregado","FechaInicio":"2/10/2026 12:00:00 AM","HoraInicio":"13:00","HoraFin":"15:00","IDObra":4947069,"NombreObra":"CASAIRE","IDClienteSAE":4947,"NombreCliente":"CONCRETOS DELESE","IDUso":63,"NombreUso":"Pluvial","IDProducto":560,"NombreProducto":"CONCRETO f\u0027c=200 Ag=20 Rev=08 A1 D","Remision":"M3/42698","CveCiudad":"MTY","NombreVendedor":"OMAR HECTOR ARTEAGA"},{"Id_Viaje":3037735,"IDPedido":582555,"CargaViaje":7,"IDPlanta":34,"NombrePlantaViaje":"A2-San Francisco","IDUnidad":122,"NombreUnidad":"CR-043-","IDOperador":1067,"NombreOperador":"JUAN HUMBERTO MARQUEZ","IDEstatusViaje":1,"NombreEstatus":"Despachado","FechaInicio":"2/10/2026 12:00:00 AM","HoraInicio":"09:00","HoraFin":"11:00","IDObra":4510002,"NombreObra":"CONSTITUCION","IDClienteSAE":4510,"NombreCliente":"MARIA MAGDALENA CULEBRO PINTO","IDUso":7,"NombreUso":"Firme","IDProducto":11921,"NombreProducto":"CONCRETO f\u0027c=280 Ag=20 Rev=10 D 28","Remision":"A2/41555","CveCiudad":"AGS","NombreVendedor":"HECTOR VILLANUEVA"},{"Id_Viaje":3037737,"IDPedido":582562,"CargaViaje":6.5,"IDPlanta":20,"NombrePlantaViaje":"A1-Ojo Caliente","IDUnidad":113,"NombreUnidad":"CR-140 CRE","IDOperador":1501,"NombreOperador":"ANTONIO NAVARRO","IDEstatusViaje":1,"NombreEstatus":"Despachado","FechaInicio":"2/10/2026 12:00:00 AM","HoraInicio":"01:10","HoraFin":"03:10","IDObra":4429001,"NombreObra":"real del sol","IDClienteSAE":4429,"NombreCliente":"GIG VENTA DE MATERIALES","IDUso":2,"NombreUso":"Cimentacion","IDProducto":1014,"NombreProducto":"CONCRETO f\u0027c:200 Ag=20. Rev: 10 A1 D","Remision":"A1/96419","CveCiudad":"AGS","NombreVendedor":"HECTOR VILLANUEVA"},{"Id_Viaje":3037739,"IDPedido":582539,"CargaViaje":7,"IDPlanta":23,"NombrePlantaViaje":"L1-Leon","IDUnidad":296,"NombreUnidad":"CR-027","IDOperador":773,"NombreOperador":"OMAR RODRIGO FRANCO","IDEstatusViaje":1,"NombreEstatus":"Despachado","FechaInicio":"2/10/2026 12:00:00 AM","HoraInicio":"07:00","HoraFin":"09:00","IDObra":3156001,"NombreObra":"COPACHISA IND. COLINAS DE LEON","IDClienteSAE":3156,"NombreCliente":"COPACHISA","IDUso":9,"NombreUso":"Muro","IDProducto":12111,"NombreProducto":"CONCRETO f\u0027c=280 Ag=20 Rev=14 B 07","Remision":"L1/40989","CveCiudad":"LEON","NombreVendedor":"OFICINA MATRIZ"},{"Id_Viaje":3037743,"IDPedido":582499,"CargaViaje":7,"IDPlanta":16,"NombrePlantaViaje":"M6-Juarez","IDUnidad":371,"NombreUnidad":"CR-008","IDOperador":1199,"NombreOperador":"GABRIEL RIVERA","IDEstatusViaje":1,"NombreEstatus":"Despachado","FechaInicio":"2/10/2026 12:00:00 AM","HoraInicio":"12:00","HoraFin":"14:00","IDObra":9882010,"NombreObra":"LOS LERMAS","IDClienteSAE":9882,"NombreCliente":"FINISTERRE CAPITAL","IDUso":15,"NombreUso":"Zapatas","IDProducto":575,"NombreProducto":"CONCRETO f\u0027c=200 Ag=20 Rev=12 A1 D","Remision":"M6/67064","CveCiudad":"MTY","NombreVendedor":"ENRIQUE ALVAREZ"},{"Id_Viaje":3037757,"IDPedido":582568,"CargaViaje":7,"IDPlanta":31,"NombrePlantaViaje":"G3-Tlajomulco","IDUnidad":320,"NombreUnidad":"CR-131","IDOperador":736,"NombreOperador":"GREGORIO GONZALEZ","IDEstatusViaje":1,"NombreEstatus":"Despachado","FechaInicio":"2/10/2026 12:00:00 AM","HoraInicio":"15:00","HoraFin":"17:00","IDObra":6281001,"NombreObra":"CARRETERA ATEMAJAC DE BRIZUELA KM 2.5 COLONIA LA UREÑA C.P. 45766","IDClienteSAE":6281,"NombreCliente":"GAS LOS ALTOSS","IDUso":15,"NombreUso":"Zapatas","IDProducto":11453,"NombreProducto":"CONCRETO f\u0027c=200 Ag=20 Rev=10 D 28","Remision":"G3/49859","CveCiudad":"GDL","NombreVendedor":"RODOLFO ARREDONDO"},{"Id_Viaje":3037761,"IDPedido":582340,"CargaViaje":5,"IDPlanta":8,"NombrePlantaViaje":"M3-Santa","IDUnidad":337,"NombreUnidad":"CR-200","IDOperador":1462,"NombreOperador":"JOSE LUIS RODRIGUEZ","IDEstatusViaje":2,"NombreEstatus":"Entregado","FechaInicio":"2/10/2026 12:00:00 AM","HoraInicio":"10:00","HoraFin":"12:00","IDObra":4947069,"NombreObra":"CASAIRE","IDClienteSAE":4947,"NombreCliente":"CONCRETOS DELESE","IDUso":1,"NombreUso":"Banqueta","IDProducto":1512,"NombreProducto":"CONCRETO f\u0027c=100 Ag=20 Rev=14 A1 D","Remision":"M3/42696","CveCiudad":"MTY","NombreVendedor":"OMAR HECTOR ARTEAGA"},{"Id_Viaje":3037763,"IDPedido":582348,"CargaViaje":4,"IDPlanta":8,"NombrePlantaViaje":"M3-Santa","IDUnidad":345,"NombreUnidad":"CR-231","IDOperador":1551,"NombreOperador":"ROGELIO MARTINEZ","IDEstatusViaje":2,"NombreEstatus":"Entregado","FechaInicio":"2/10/2026 12:00:00 AM","HoraInicio":"15:00","HoraFin":"15:30","IDObra":4947069,"NombreObra":"CASAIRE","IDClienteSAE":4947,"NombreCliente":"CONCRETOS DELESE","IDUso":1,"NombreUso":"Banqueta","IDProducto":1512,"NombreProducto":"CONCRETO f\u0027c=100 Ag=20 Rev=14 A1 D","Remision":"M3/42697","CveCiudad":"MTY","NombreVendedor":"OMAR HECTOR ARTEAGA"},{"Id_Viaje":3037770,"IDPedido":582414,"CargaViaje":3.5,"IDPlanta":7,"NombrePlantaViaje":"M2-Escobedo","IDUnidad":371,"NombreUnidad":"CR-008","IDOperador":1199,"NombreOperador":"GABRIEL RIVERA","IDEstatusViaje":2,"NombreEstatus":"Entregado","FechaInicio":"2/10/2026 12:00:00 AM","HoraInicio":"23:20","HoraFin":"23:50","IDObra":8894025,"NombreObra":"cumbres platino","IDClienteSAE":8894,"NombreCliente":"ACRE PROMOTORA","IDUso":7,"NombreUso":"Firme","IDProducto":576,"NombreProducto":"CONCRETO f\u0027c=100 Ag=20 Rev=12 A1 D","Remision":"M2/79884","CveCiudad":"MTY","NombreVendedor":"SILVIA LOZANO"},{"Id_Viaje":3037772,"IDPedido":582575,"CargaViaje":2,"IDPlanta":36,"NombrePlantaViaje":"Q1-Apaseo","IDUnidad":383,"NombreUnidad":"CR-188","IDOperador":1655,"NombreOperador":"CARLOS ALARCÓN","IDEstatusViaje":2,"NombreEstatus":"Entregado","FechaInicio":"2/10/2026 12:00:00 AM","HoraInicio":"09:00","HoraFin":"11:00","IDObra":1389001,"NombreObra":"EL CASTILLO","IDClienteSAE":1389,"NombreCliente":"BIANCA NAYELI TELLO AGUILAR","IDUso":11,"NombreUso":"Piso","IDProducto":4428,"NombreProducto":"CONCRETO f\u0027c=250 Ag=20 Rev=14 D 03","Remision":"Q1/11453","CveCiudad":"QRO","NombreVendedor":"GERARDO DURAN"},{"Id_Viaje":3037786,"IDPedido":582548,"CargaViaje":7,"IDPlanta":20,"NombrePlantaViaje":"A1-Ojo Caliente","IDUnidad":101,"NombreUnidad":"CR-071","IDOperador":45,"NombreOperador":"BRANDON ESTRADA","IDEstatusViaje":1,"NombreEstatus":"Despachado","FechaInicio":"2/10/2026 12:00:00 AM","HoraInicio":"11:00","HoraFin":"13:00","IDObra":4582002,"NombreObra":"PASEOS DEL SUR","IDClienteSAE":4582,"NombreCliente":"CASAS JAVER","IDUso":25,"NombreUso":"Pavimento","IDProducto":1158,"NombreProducto":"CONCRETO MR= 38 Ag=40 Rev 10 A1 D","Remision":"A1/96421","CveCiudad":"AGS","NombreVendedor":"HECTOR VILLANUEVA"},{"Id_Viaje":3037788,"IDPedido":582548,"CargaViaje":7,"IDPlanta":20,"NombrePlantaViaje":"A1-Ojo Caliente","IDUnidad":116,"NombreUnidad":"CR-098","IDOperador":44,"NombreOperador":"ALBERTO HERRERA","IDEstatusViaje":1,"NombreEstatus":"Despachado","FechaInicio":"2/10/2026 12:00:00 AM","HoraInicio":"11:10","HoraFin":"13:10","IDObra":4582002,"NombreObra":"PASEOS DEL SUR","IDClienteSAE":4582,"NombreCliente":"CASAS JAVER","IDUso":25,"NombreUso":"Pavimento","IDProducto":1158,"NombreProducto":"CONCRETO MR= 38 Ag=40 Rev 10 A1 D","Remision":"A1/96422","CveCiudad":"AGS","NombreVendedor":"HECTOR VILLANUEVA"},{"Id_Viaje":3037794,"IDPedido":582578,"CargaViaje":5,"IDPlanta":34,"NombrePlantaViaje":"A2-San Francisco","IDUnidad":350,"NombreUnidad":"CR-047","IDOperador":1076,"NombreOperador":"EZEQUIEL SANDOVAL","IDEstatusViaje":1,"NombreEstatus":"Despachado","FechaInicio":"2/10/2026 12:00:00 AM","HoraInicio":"10:30","HoraFin":"12:30","IDObra":4964002,"NombreObra":"BOSQUES PROVIDENCIA","IDClienteSAE":4964,"NombreCliente":"CONSTRUCTORA SAN JOSE PREMIER","IDUso":7,"NombreUso":"Firme","IDProducto":1012,"NombreProducto":"CONCRETO f\u0027c:150 Ag=20 Rev:10 A1 D","Remision":"A2/41557","CveCiudad":"AGS","NombreVendedor":"HECTOR VILLANUEVA"},{"Id_Viaje":3037796,"IDPedido":582560,"CargaViaje":2.5,"IDPlanta":34,"NombrePlantaViaje":"A2-San Francisco","IDUnidad":48,"NombreUnidad":"CR-063 ZRB","IDOperador":1500,"NombreOperador":"RICARDO CHAVEZ","IDEstatusViaje":1,"NombreEstatus":"Despachado","FechaInicio":"2/10/2026 12:00:00 AM","HoraInicio":"11:00","HoraFin":"13:00","IDObra":4747004,"NombreObra":"SAN FRANCISCO DE LOS ROMOS","IDClienteSAE":4747,"NombreCliente":"DAPAC DISEÑO Y CONSTRUCCION","IDUso":8,"NombreUso":"Losa","IDProducto":1014,"NombreProducto":"CONCRETO f\u0027c:200 Ag=20. Rev: 10 A1 D","Remision":"A2/41558","CveCiudad":"AGS","NombreVendedor":"CASA CASA"},{"Id_Viaje":3037798,"IDPedido":582579,"CargaViaje":7.5,"IDPlanta":36,"NombrePlantaViaje":"Q1-Apaseo","IDUnidad":260,"NombreUnidad":"CR-206","IDOperador":1484,"NombreOperador":"JOSE HIPOLITO MEJIA","IDEstatusViaje":2,"NombreEstatus":"Entregado","FechaInicio":"2/10/2026 12:00:00 AM","HoraInicio":"10:30","HoraFin":"12:30","IDObra":196001,"NombreObra":"LOCARNO RESIDENCIAL","IDClienteSAE":196,"NombreCliente":"LAEESA SOLUTIONS","IDUso":8,"NombreUso":"Losa","IDProducto":10801,"NombreProducto":"Relleno Fluido f\u0027c=25 Ag=A4 Rev=18 B 28","Remision":"Q1/11455","CveCiudad":"QRO","NombreVendedor":"MIGUEL ANGEL GUTIERREZ"},{"Id_Viaje":3037800,"IDPedido":582579,"CargaViaje":0,"IDPlanta":36,"NombrePlantaViaje":"Q1-Apaseo","IDUnidad":274,"NombreUnidad":"CR-208","IDOperador":1647,"NombreOperador":"JOSE GUADALUPE LEDESMA","IDEstatusViaje":2,"NombreEstatus":"Entregado","FechaInicio":"2/10/2026 12:00:00 AM","HoraInicio":"10:40","HoraFin":"12:40","IDObra":196001,"NombreObra":"LOCARNO RESIDENCIAL","IDClienteSAE":196,"NombreCliente":"LAEESA SOLUTIONS","IDUso":8,"NombreUso":"Losa","IDProducto":10801,"NombreProducto":"Relleno Fluido f\u0027c=25 Ag=A4 Rev=18 B 28","Remision":"Q1/11454","CveCiudad":"QRO","NombreVendedor":"MIGUEL ANGEL GUTIERREZ"},{"Id_Viaje":3037802,"IDPedido":582446,"CargaViaje":7,"IDPlanta":19,"NombrePlantaViaje":"M1-Apodaca","IDUnidad":71,"NombreUnidad":"CR-038","IDOperador":1508,"NombreOperador":"VICTOR MANUEL CAMARILLO","IDEstatusViaje":2,"NombreEstatus":"Entregado","FechaInicio":"2/10/2026 12:00:00 AM","HoraInicio":"23:20","HoraFin":"23:50","IDObra":12154003,"NombreObra":"heb la fe","IDClienteSAE":12154,"NombreCliente":"EDIFICADORA INDUSTRIAL DEL RIO","IDUso":1,"NombreUso":"Banqueta","IDProducto":513,"NombreProducto":"CONCRETO f\u0027c=200 Ag=20 Rev=14 A1 D","Remision":"M1/91123","CveCiudad":"MTY","NombreVendedor":"CESAR LUNA"},{"Id_Viaje":3037804,"IDPedido":582580,"CargaViaje":7,"IDPlanta":7,"NombrePlantaViaje":"M2-Escobedo","IDUnidad":369,"NombreUnidad":"CR-199","IDOperador":1444,"NombreOperador":"HUMBERTO GONZALEZ","IDEstatusViaje":2,"NombreEstatus":"Entregado","FechaInicio":"2/10/2026 12:00:00 AM","HoraInicio":"11:00","HoraFin":"13:00","IDObra":1534016,"NombreObra":"PLANTA MOYEDA","IDClienteSAE":1534,"NombreCliente":"CONSTRUCTORA MOYEDA","IDUso":7,"NombreUso":"Firme","IDProducto":551,"NombreProducto":"CONCRETO f\u0027c=250 Ag=20 Rev=14 A1 D","Remision":"M2/79886","CveCiudad":"MTY","NombreVendedor":"CASA PROGRAMACION"},{"Id_Viaje":3037806,"IDPedido":582512,"CargaViaje":7,"IDPlanta":19,"NombrePlantaViaje":"M1-Apodaca","IDUnidad":347,"NombreUnidad":"CR-099","IDOperador":1190,"NombreOperador":"SAUL GUAJARDO","IDEstatusViaje":2,"NombreEstatus":"Entregado","FechaInicio":"2/10/2026 12:00:00 AM","HoraInicio":"23:20","HoraFin":"23:50","IDObra":4191042,"NombreObra":"subestacion alebrije","IDClienteSAE":4191,"NombreCliente":"SEPISA","IDUso":7,"NombreUso":"Firme","IDProducto":511,"NombreProducto":"CONCRETO f\u0027c=250 Ag=20 Rev=14 A1 B","Remision":"M1/91122","CveCiudad":"MTY","NombreVendedor":"GUILLERMO RAMA HERRERA"},{"Id_Viaje":3037831,"IDPedido":582553,"CargaViaje":5.5,"IDPlanta":34,"NombrePlantaViaje":"A2-San Francisco","IDUnidad":122,"NombreUnidad":"CR-043-","IDOperador":1067,"NombreOperador":"JUAN HUMBERTO MARQUEZ","IDEstatusViaje":1,"NombreEstatus":"Despachado","FechaInicio":"2/10/2026 12:00:00 AM","HoraInicio":"11:10","HoraFin":"13:10","IDObra":3891003,"NombreObra":"SAN PANCHO","IDClienteSAE":3891,"NombreCliente":"MAOFRE GRUPO CONSTRUCTOR","IDUso":25,"NombreUso":"Pavimento","IDProducto":2602,"NombreProducto":"CONCRETO MR= 38 Ag=40 Rev 10 R7 D","Remision":"A2/41559","CveCiudad":"AGS","NombreVendedor":"CASA CASA"},{"Id_Viaje":3037833,"IDPedido":582540,"CargaViaje":2,"IDPlanta":20,"NombrePlantaViaje":"A1-Ojo Caliente","IDUnidad":295,"NombreUnidad":"CR-065","IDOperador":675,"NombreOperador":"JUAN ANTONIO HERRERA","IDEstatusViaje":1,"NombreEstatus":"Despachado","FechaInicio":"2/10/2026 12:00:00 AM","HoraInicio":"01:40","HoraFin":"03:40","IDObra":4986001,"NombreObra":"VILLAS DE LAS NORIAS","IDClienteSAE":4986,"NombreCliente":"ARNULFO HERNANDEZ","IDUso":8,"NombreUso":"Losa","IDProducto":1022,"NombreProducto":"CONCRETO f\u0027c:200 Ag=20 Rev:14 A1 B","Remision":"A1/96423","CveCiudad":"AGS","NombreVendedor":"CASA CASA"},{"Id_Viaje":3037835,"IDPedido":582495,"CargaViaje":4,"IDPlanta":16,"NombrePlantaViaje":"M6-Juarez","IDUnidad":133,"NombreUnidad":"CR-124","IDOperador":1546,"NombreOperador":"VICTOR ADRIAN HERNANDEZ","IDEstatusViaje":2,"NombreEstatus":"Entregado","FechaInicio":"2/10/2026 12:00:00 AM","HoraInicio":"11:00","HoraFin":"13:00","IDObra":4947068,"NombreObra":"valle real","IDClienteSAE":4947,"NombreCliente":"CONCRETOS DELESE","IDUso":7,"NombreUso":"Firme","IDProducto":1544,"NombreProducto":"CONCRETO f\u0027c=200 Ag=20 Rev=18 A1 D","Remision":"M6/67065","CveCiudad":"MTY","NombreVendedor":"OMAR HECTOR ARTEAGA"},{"Id_Viaje":3037837,"IDPedido":582495,"CargaViaje":4.5,"IDPlanta":16,"NombrePlantaViaje":"M6-Juarez","IDUnidad":231,"NombreUnidad":"CR-151","IDOperador":1581,"NombreOperador":"FRANCISCO JAVIER GONZALEZ","IDEstatusViaje":2,"NombreEstatus":"Entregado","FechaInicio":"2/10/2026 12:00:00 AM","HoraInicio":"11:10","HoraFin":"13:10","IDObra":4947068,"NombreObra":"valle real","IDClienteSAE":4947,"NombreCliente":"CONCRETOS DELESE","IDUso":7,"NombreUso":"Firme","IDProducto":1544,"NombreProducto":"CONCRETO f\u0027c=200 Ag=20 Rev=18 A1 D","Remision":"M6/67063","CveCiudad":"MTY","NombreVendedor":"OMAR HECTOR ARTEAGA"},{"Id_Viaje":3037839,"IDPedido":582556,"CargaViaje":7,"IDPlanta":34,"NombrePlantaViaje":"A2-San Francisco","IDUnidad":108,"NombreUnidad":"CR-098 2RD","IDOperador":1503,"NombreOperador":"ALBERTO HERNANDEZ","IDEstatusViaje":1,"NombreEstatus":"Despachado","FechaInicio":"2/10/2026 12:00:00 AM","HoraInicio":"11:00","HoraFin":"13:00","IDObra":4582008,"NombreObra":"ALTEZA","IDClienteSAE":4582,"NombreCliente":"CASAS JAVER","IDUso":1,"NombreUso":"Banqueta","IDProducto":1014,"NombreProducto":"CONCRETO f\u0027c:200 Ag=20. Rev: 10 A1 D","Remision":"A2/41560","CveCiudad":"AGS","NombreVendedor":"HECTOR VILLANUEVA"},{"Id_Viaje":3037877,"IDPedido":582522,"CargaViaje":5,"IDPlanta":15,"NombrePlantaViaje":"M5-Santiago","IDUnidad":315,"NombreUnidad":"CR-232","IDOperador":1452,"NombreOperador":"VICTOR LOPEZ","IDEstatusViaje":2,"NombreEstatus":"Entregado","FechaInicio":"2/10/2026 12:00:00 AM","HoraInicio":"23:30","HoraFin":"01:30","IDObra":12150004,"NombreObra":"SANTTE","IDClienteSAE":12150,"NombreCliente":"MAQUINARIA Y CONSTRUCTORA SEPULVEDA DE MONTERREY","IDUso":8,"NombreUso":"Losa","IDProducto":491,"NombreProducto":"CONCRETO f\u0027c=200 Ag=20 Rev=14 A1 B","Remision":"M5/37072","CveCiudad":"MTY","NombreVendedor":"CESAR LUNA"},{"Id_Viaje":3037879,"IDPedido":582555,"CargaViaje":5,"IDPlanta":34,"NombrePlantaViaje":"A2-San Francisco","IDUnidad":329,"NombreUnidad":"CR-179","IDOperador":790,"NombreOperador":"JOSE RAUL DE LEON","IDEstatusViaje":1,"NombreEstatus":"Despachado","FechaInicio":"2/10/2026 12:00:00 AM","HoraInicio":"11:40","HoraFin":"13:40","IDObra":4510002,"NombreObra":"CONSTITUCION","IDClienteSAE":4510,"NombreCliente":"MARIA MAGDALENA CULEBRO PINTO","IDUso":7,"NombreUso":"Firme","IDProducto":11921,"NombreProducto":"CONCRETO f\u0027c=280 Ag=20 Rev=10 D 28","Remision":"A2/41561","CveCiudad":"AGS","NombreVendedor":"HECTOR VILLANUEVA"},{"Id_Viaje":3037883,"IDPedido":582585,"CargaViaje":7.5,"IDPlanta":36,"NombrePlantaViaje":"Q1-Apaseo","IDUnidad":275,"NombreUnidad":"CR-209","IDOperador":1488,"NombreOperador":"RAMON HERNANDEZ","IDEstatusViaje":2,"NombreEstatus":"Entregado","FechaInicio":"2/10/2026 12:00:00 AM","HoraInicio":"11:30","HoraFin":"13:30","IDObra":196001,"NombreObra":"LOCARNO RESIDENCIAL","IDClienteSAE":196,"NombreCliente":"LAEESA SOLUTIONS","IDUso":8,"NombreUso":"Losa","IDProducto":4401,"NombreProducto":"CONCRETO f\u0027c=200 Ag=20 Rev=14 B 28","Remision":"Q1/11457","CveCiudad":"QRO","NombreVendedor":"MIGUEL ANGEL GUTIERREZ"},{"Id_Viaje":3037885,"IDPedido":582585,"CargaViaje":0,"IDPlanta":36,"NombrePlantaViaje":"Q1-Apaseo","IDUnidad":276,"NombreUnidad":"CR-212","IDOperador":1614,"NombreOperador":"MANUEL VARGAS","IDEstatusViaje":2,"NombreEstatus":"Entregado","FechaInicio":"2/10/2026 12:00:00 AM","HoraInicio":"11:40","HoraFin":"13:40","IDObra":196001,"NombreObra":"LOCARNO RESIDENCIAL","IDClienteSAE":196,"NombreCliente":"LAEESA SOLUTIONS","IDUso":8,"NombreUso":"Losa","IDProducto":4401,"NombreProducto":"CONCRETO f\u0027c=200 Ag=20 Rev=14 B 28","Remision":"Q1/11456","CveCiudad":"QRO","NombreVendedor":"MIGUEL ANGEL GUTIERREZ"},{"Id_Viaje":3037889,"IDPedido":582549,"CargaViaje":3,"IDPlanta":20,"NombrePlantaViaje":"A1-Ojo Caliente","IDUnidad":122,"NombreUnidad":"CR-043-","IDOperador":1067,"NombreOperador":"JUAN HUMBERTO MARQUEZ","IDEstatusViaje":1,"NombreEstatus":"Despachado","FechaInicio":"2/10/2026 12:00:00 AM","HoraInicio":"02:00","HoraFin":"04:00","IDObra":2820038,"NombreObra":"GPE PERALTA","IDClienteSAE":2820,"NombreCliente":"URBANIZACIONES ARGU","IDUso":32,"NombreUso":"Guarnicion","IDProducto":1014,"NombreProducto":"CONCRETO f\u0027c:200 Ag=20. Rev: 10 A1 D","Remision":"A1/96425","CveCiudad":"AGS","NombreVendedor":"CASA CASA"},{"Id_Viaje":3037891,"IDPedido":582550,"CargaViaje":5,"IDPlanta":20,"NombrePlantaViaje":"A1-Ojo Caliente","IDUnidad":48,"NombreUnidad":"CR-063 ZRB","IDOperador":1500,"NombreOperador":"RICARDO CHAVEZ","IDEstatusViaje":1,"NombreEstatus":"Despachado","FechaInicio":"2/10/2026 12:00:00 AM","HoraInicio":"02:10","HoraFin":"04:10","IDObra":4955005,"NombreObra":"META","IDClienteSAE":4955,"NombreCliente":"CONSTRUCTORA DOVERA","IDUso":15,"NombreUso":"Zapatas","IDProducto":2549,"NombreProducto":"CONCRETO f\u0027c:250 Ag=20 Rev:10 RR3 D","Remision":"A1/96426","CveCiudad":"AGS","NombreVendedor":"HECTOR VILLANUEVA"},{"Id_Viaje":3037895,"IDPedido":582551,"CargaViaje":8,"IDPlanta":20,"NombrePlantaViaje":"A1-Ojo Caliente","IDUnidad":115,"NombreUnidad":"CR-069","IDOperador":209,"NombreOperador":"MARCO DE LEON","IDEstatusViaje":1,"NombreEstatus":"Despachado","FechaInicio":"2/10/2026 12:00:00 AM","HoraInicio":"02:20","HoraFin":"04:20","IDObra":4582006,"NombreObra":"ZEKKEI II","IDClienteSAE":4582,"NombreCliente":"CASAS JAVER","IDUso":2,"NombreUso":"Cimentacion","IDProducto":1014,"NombreProducto":"CONCRETO f\u0027c:200 Ag=20. Rev: 10 A1 D","Remision":"A1/96427","CveCiudad":"AGS","NombreVendedor":"HECTOR VILLANUEVA"},{"Id_Viaje":3037902,"IDPedido":582587,"CargaViaje":7,"IDPlanta":19,"NombrePlantaViaje":"M1-Apodaca","IDUnidad":378,"NombreUnidad":"CR-104","IDOperador":1534,"NombreOperador":"MIGUEL ANGEL ZAPATA","IDEstatusViaje":2,"NombreEstatus":"Entregado","FechaInicio":"2/10/2026 12:00:00 AM","HoraInicio":"12:00","HoraFin":"14:00","IDObra":9876033,"NombreObra":"privada mugnano","IDClienteSAE":9876,"NombreCliente":"MX CONSTRUCCIONES","IDUso":7,"NombreUso":"Firme","IDProducto":483,"NombreProducto":"CONCRETO f\u0027c=200 Ag=20. Rev=10 A1 D","Remision":"M1/91125","CveCiudad":"MTY","NombreVendedor":"ENRIQUE ALVAREZ"},{"Id_Viaje":3037904,"IDPedido":582564,"CargaViaje":5.5,"IDPlanta":23,"NombrePlantaViaje":"L1-Leon","IDUnidad":292,"NombreUnidad":"CR-210 JRG","IDOperador":1609,"NombreOperador":"ANDRES GONZALEZ","IDEstatusViaje":1,"NombreEstatus":"Despachado","FechaInicio":"2/10/2026 12:00:00 AM","HoraInicio":"12:00","HoraFin":"14:00","IDObra":2952001,"NombreObra":"PLAN DE AYALA","IDClienteSAE":2952,"NombreCliente":"MARCO ANTONIO HERNANDEZ PONS","IDUso":69,"NombreUso":"Moldes","IDProducto":11868,"NombreProducto":"F´C350 AG=10 REV:20 RR24 HRS","Remision":"L1/40990","CveCiudad":"LEON","NombreVendedor":"OFICINA MATRIZ"},{"Id_Viaje":3037906,"IDPedido":582588,"CargaViaje":7,"IDPlanta":36,"NombrePlantaViaje":"Q1-Apaseo","IDUnidad":278,"NombreUnidad":"CR-218","IDOperador":1068,"NombreOperador":"HONORIO ISIDRO LOPEZ","IDEstatusViaje":2,"NombreEstatus":"Entregado","FechaInicio":"2/10/2026 12:00:00 AM","HoraInicio":"11:30","HoraFin":"13:30","IDObra":1375001,"NombreObra":"SANTA MARIA MAGDALENA","IDClienteSAE":1375,"NombreCliente":"ARRENDADORA GOCA","IDUso":1,"NombreUso":"Banqueta","IDProducto":4347,"NombreProducto":"CONCRETO f\u0027c=150 Ag=20 Rev=10 D 28","Remision":"Q1/11458","CveCiudad":"QRO","NombreVendedor":"MIGUEL ANGEL GUTIERREZ"},{"Id_Viaje":3037912,"IDPedido":582399,"CargaViaje":6,"IDPlanta":19,"NombrePlantaViaje":"M1-Apodaca","IDUnidad":233,"NombreUnidad":"CR-152","IDOperador":1529,"NombreOperador":"ENRIQUE YESCAS","IDEstatusViaje":2,"NombreEstatus":"Entregado","FechaInicio":"2/10/2026 12:00:00 AM","HoraInicio":"13:00","HoraFin":"15:00","IDObra":11687007,"NombreObra":"ALTERRA - PLUVIAL","IDClienteSAE":11687,"NombreCliente":"CONSTRUCCIONES INTEGRALES PAYAN MORENO","IDUso":9,"NombreUso":"Muro","IDProducto":551,"NombreProducto":"CONCRETO f\u0027c=250 Ag=20 Rev=14 A1 D","Remision":"M1/91126","CveCiudad":"MTY","NombreVendedor":"ENRIQUE ALVAREZ"},{"Id_Viaje":3037918,"IDPedido":582548,"CargaViaje":7,"IDPlanta":20,"NombrePlantaViaje":"A1-Ojo Caliente","IDUnidad":108,"NombreUnidad":"CR-098 2RD","IDOperador":1503,"NombreOperador":"ALBERTO HERNANDEZ","IDEstatusViaje":1,"NombreEstatus":"Despachado","FechaInicio":"2/10/2026 12:00:00 AM","HoraInicio":"02:40","HoraFin":"04:40","IDObra":4582002,"NombreObra":"PASEOS DEL SUR","IDClienteSAE":4582,"NombreCliente":"CASAS JAVER","IDUso":25,"NombreUso":"Pavimento","IDProducto":1158,"NombreProducto":"CONCRETO MR= 38 Ag=40 Rev 10 A1 D","Remision":"A1/96424","CveCiudad":"AGS","NombreVendedor":"HECTOR VILLANUEVA"},{"Id_Viaje":3037928,"IDPedido":582517,"CargaViaje":4,"IDPlanta":11,"NombrePlantaViaje":"M4-Centro","IDUnidad":40,"NombreUnidad":"CR-031","IDOperador":1157,"NombreOperador":"JUAN JOSE ROSARIO LOPEZ","IDEstatusViaje":2,"NombreEstatus":"Entregado","FechaInicio":"2/10/2026 12:00:00 AM","HoraInicio":"22:00","HoraFin":"22:30","IDObra":10580001,"NombreObra":"catehua","IDClienteSAE":10580,"NombreCliente":"LEMURA VIVIENDA","IDUso":17,"NombreUso":"Escalera","IDProducto":511,"NombreProducto":"CONCRETO f\u0027c=250 Ag=20 Rev=14 A1 B","Remision":"M4/89090","CveCiudad":"MTY","NombreVendedor":"BLANCA P. GARZA"},{"Id_Viaje":3037930,"IDPedido":582558,"CargaViaje":3,"IDPlanta":30,"NombrePlantaViaje":"P1-Coronango","IDUnidad":250,"NombreUnidad":"CR-180","IDOperador":1011,"NombreOperador":"ALBERTO JESUS ALVAREZ","IDEstatusViaje":1,"NombreEstatus":"Despachado","FechaInicio":"2/10/2026 12:00:00 AM","HoraInicio":"07:30","HoraFin":"09:30","IDObra":845011,"NombreObra":"fracc platiniO","IDClienteSAE":845,"NombreCliente":"GRUPO BRECASA","IDUso":8,"NombreUso":"Losa","IDProducto":11089,"NombreProducto":"CONCRETO f\u0027c=200 Ag=10 Rev=14 B 28","Remision":"P1/38515","CveCiudad":"PUE","NombreVendedor":"VENDEDOR PUEBLA ."},{"Id_Viaje":3037936,"IDPedido":582593,"CargaViaje":5,"IDPlanta":36,"NombrePlantaViaje":"Q1-Apaseo","IDUnidad":279,"NombreUnidad":"CR-228","IDOperador":1612,"NombreOperador":"LUIS ALBERTO REYES","IDEstatusViaje":2,"NombreEstatus":"Entregado","FechaInicio":"2/10/2026 12:00:00 AM","HoraInicio":"13:00","HoraFin":"15:00","IDObra":945010,"NombreObra":"PARQUE IND. CALAMANDA NEVADON","IDClienteSAE":945,"NombreCliente":"VAAR DISEÑO Y CONSTRUCCIONES","IDUso":1,"NombreUso":"Banqueta","IDProducto":10935,"NombreProducto":"CONCRETO f\u0027c=200 Ag=10 Rev=14 D 28","Remision":"Q1/11459","CveCiudad":"QRO","NombreVendedor":"MIGUEL ANGEL GUTIERREZ"},{"Id_Viaje":3037940,"IDPedido":582595,"CargaViaje":7.5,"IDPlanta":34,"NombrePlantaViaje":"A2-San Francisco","IDUnidad":112,"NombreUnidad":"CR-154 TRE","IDOperador":1504,"NombreOperador":"HUGO MEDINA","IDEstatusViaje":1,"NombreEstatus":"Despachado","FechaInicio":"2/10/2026 12:00:00 AM","HoraInicio":"12:30","HoraFin":"14:30","IDObra":5017001,"NombreObra":"LAS ANIMAS","IDClienteSAE":5017,"NombreCliente":"JONATAN EDUARDO SANTANA ORTIZ","IDUso":9,"NombreUso":"Muro","IDProducto":1042,"NombreProducto":"CONCRETO f\u0027c:250 Ag=20 Rev:14 A1 B","Remision":"A2/41562","CveCiudad":"AGS","NombreVendedor":"HECTOR VILLANUEVA"},{"Id_Viaje":3037942,"IDPedido":582595,"CargaViaje":4,"IDPlanta":34,"NombrePlantaViaje":"A2-San Francisco","IDUnidad":328,"NombreUnidad":"CR-178","IDOperador":916,"NombreOperador":"CESAR DIAZ DE LEON","IDEstatusViaje":1,"NombreEstatus":"Despachado","FechaInicio":"2/10/2026 12:00:00 AM","HoraInicio":"12:40","HoraFin":"14:40","IDObra":5017001,"NombreObra":"LAS ANIMAS","IDClienteSAE":5017,"NombreCliente":"JONATAN EDUARDO SANTANA ORTIZ","IDUso":9,"NombreUso":"Muro","IDProducto":1042,"NombreProducto":"CONCRETO f\u0027c:250 Ag=20 Rev:14 A1 B","Remision":"A2/41566","CveCiudad":"AGS","NombreVendedor":"HECTOR VILLANUEVA"},{"Id_Viaje":3037944,"IDPedido":582595,"CargaViaje":7.5,"IDPlanta":34,"NombrePlantaViaje":"A2-San Francisco","IDUnidad":327,"NombreUnidad":"CR-201 9RG","IDOperador":1502,"NombreOperador":"JUAN FELIPE MARENTES","IDEstatusViaje":1,"NombreEstatus":"Despachado","FechaInicio":"2/10/2026 12:00:00 AM","HoraInicio":"12:50","HoraFin":"14:50","IDObra":5017001,"NombreObra":"LAS ANIMAS","IDClienteSAE":5017,"NombreCliente":"JONATAN EDUARDO SANTANA ORTIZ","IDUso":9,"NombreUso":"Muro","IDProducto":1042,"NombreProducto":"CONCRETO f\u0027c:250 Ag=20 Rev:14 A1 B","Remision":"A2/41563","CveCiudad":"AGS","NombreVendedor":"HECTOR VILLANUEVA"},{"Id_Viaje":3037988,"IDPedido":582556,"CargaViaje":0.5,"IDPlanta":34,"NombrePlantaViaje":"A2-San Francisco","IDUnidad":350,"NombreUnidad":"CR-047","IDOperador":1076,"NombreOperador":"EZEQUIEL SANDOVAL","IDEstatusViaje":1,"NombreEstatus":"Despachado","FechaInicio":"2/10/2026 12:00:00 AM","HoraInicio":"13:50","HoraFin":"15:50","IDObra":4582008,"NombreObra":"ALTEZA","IDClienteSAE":4582,"NombreCliente":"CASAS JAVER","IDUso":1,"NombreUso":"Banqueta","IDProducto":1014,"NombreProducto":"CONCRETO f\u0027c:200 Ag=20. Rev: 10 A1 D","Remision":"A2/41564","CveCiudad":"AGS","NombreVendedor":"HECTOR VILLANUEVA"},{"Id_Viaje":3037990,"IDPedido":582499,"CargaViaje":7,"IDPlanta":16,"NombrePlantaViaje":"M6-Juarez","IDUnidad":315,"NombreUnidad":"CR-232","IDOperador":1452,"NombreOperador":"VICTOR LOPEZ","IDEstatusViaje":1,"NombreEstatus":"Despachado","FechaInicio":"2/10/2026 12:00:00 AM","HoraInicio":"23:30","HoraFin":"01:30","IDObra":9882010,"NombreObra":"LOS LERMAS","IDClienteSAE":9882,"NombreCliente":"FINISTERRE CAPITAL","IDUso":15,"NombreUso":"Zapatas","IDProducto":575,"NombreProducto":"CONCRETO f\u0027c=200 Ag=20 Rev=12 A1 D","Remision":"M6/67066","CveCiudad":"MTY","NombreVendedor":"ENRIQUE ALVAREZ"},{"Id_Viaje":3037992,"IDPedido":582603,"CargaViaje":7,"IDPlanta":36,"NombrePlantaViaje":"Q1-Apaseo","IDUnidad":104,"NombreUnidad":"CR-024","IDOperador":1524,"NombreOperador":"ALEJANDRO VALLEJO","IDEstatusViaje":2,"NombreEstatus":"Entregado","FechaInicio":"2/10/2026 12:00:00 AM","HoraInicio":"14:00","HoraFin":"16:00","IDObra":1371003,"NombreObra":"MACROCEDIS KELLOGGS","IDClienteSAE":1371,"NombreCliente":"SERVICIOS INDUSTRIALES SOMA","IDUso":9,"NombreUso":"Muro","IDProducto":12112,"NombreProducto":"CONCRETO f\u0027c=250 Ag=10 Rev=12 B 28","Remision":"Q1/11461","CveCiudad":"QRO","NombreVendedor":"MIGUEL ANGEL GUTIERREZ"},{"Id_Viaje":3037994,"IDPedido":582603,"CargaViaje":7,"IDPlanta":36,"NombrePlantaViaje":"Q1-Apaseo","IDUnidad":266,"NombreUnidad":"CR-136","IDOperador":1585,"NombreOperador":"CARLOS ANTONIO VILLALVA","IDEstatusViaje":2,"NombreEstatus":"Entregado","FechaInicio":"2/10/2026 12:00:00 AM","HoraInicio":"14:10","HoraFin":"16:10","IDObra":1371003,"NombreObra":"MACROCEDIS KELLOGGS","IDClienteSAE":1371,"NombreCliente":"SERVICIOS INDUSTRIALES SOMA","IDUso":9,"NombreUso":"Muro","IDProducto":12112,"NombreProducto":"CONCRETO f\u0027c=250 Ag=10 Rev=12 B 28","Remision":"Q1/11463","CveCiudad":"QRO","NombreVendedor":"MIGUEL ANGEL GUTIERREZ"},{"Id_Viaje":3037996,"IDPedido":582603,"CargaViaje":7,"IDPlanta":36,"NombrePlantaViaje":"Q1-Apaseo","IDUnidad":268,"NombreUnidad":"CR-137","IDOperador":1684,"NombreOperador":"BENJAMIN ROMAN","IDEstatusViaje":1,"NombreEstatus":"Despachado","FechaInicio":"2/10/2026 12:00:00 AM","HoraInicio":"14:20","HoraFin":"16:20","IDObra":1371003,"NombreObra":"MACROCEDIS KELLOGGS","IDClienteSAE":1371,"NombreCliente":"SERVICIOS INDUSTRIALES SOMA","IDUso":9,"NombreUso":"Muro","IDProducto":12112,"NombreProducto":"CONCRETO f\u0027c=250 Ag=10 Rev=12 B 28","Remision":"Q1/11465","CveCiudad":"QRO","NombreVendedor":"MIGUEL ANGEL GUTIERREZ"},{"Id_Viaje":3038000,"IDPedido":582597,"CargaViaje":1,"IDPlanta":23,"NombrePlantaViaje":"L1-Leon","IDUnidad":290,"NombreUnidad":"CR-215 RRF","IDOperador":1578,"NombreOperador":"JOSE FLORENTINO TORRES","IDEstatusViaje":1,"NombreEstatus":"Despachado","FechaInicio":"2/10/2026 12:00:00 AM","HoraInicio":"13:00","HoraFin":"15:00","IDObra":2784002,"NombreObra":"RUBA SAN CARLOS.","IDClienteSAE":2784,"NombreCliente":"RUBA DESARROLLOS","IDUso":21,"NombreUso":"Castillos","IDProducto":11655,"NombreProducto":"CONCRETO f\u0027c=200 Ag=10 Rev=14 D 28","Remision":"L1/40991","CveCiudad":"LEON","NombreVendedor":"OFICINA MATRIZ"},{"Id_Viaje":3038002,"IDPedido":582587,"CargaViaje":5,"IDPlanta":19,"NombrePlantaViaje":"M1-Apodaca","IDUnidad":231,"NombreUnidad":"CR-151","IDOperador":1581,"NombreOperador":"FRANCISCO JAVIER GONZALEZ","IDEstatusViaje":2,"NombreEstatus":"Entregado","FechaInicio":"2/10/2026 12:00:00 AM","HoraInicio":"23:20","HoraFin":"23:50","IDObra":9876033,"NombreObra":"privada mugnano","IDClienteSAE":9876,"NombreCliente":"MX CONSTRUCCIONES","IDUso":7,"NombreUso":"Firme","IDProducto":483,"NombreProducto":"CONCRETO f\u0027c=200 Ag=20. Rev=10 A1 D","Remision":"M1/91128","CveCiudad":"MTY","NombreVendedor":"ENRIQUE ALVAREZ"},{"Id_Viaje":3038004,"IDPedido":582604,"CargaViaje":6,"IDPlanta":34,"NombrePlantaViaje":"A2-San Francisco","IDUnidad":113,"NombreUnidad":"CR-140 CRE","IDOperador":1501,"NombreOperador":"ANTONIO NAVARRO","IDEstatusViaje":1,"NombreEstatus":"Despachado","FechaInicio":"2/10/2026 12:00:00 AM","HoraInicio":"14:00","HoraFin":"16:00","IDObra":4582004,"NombreObra":"VISTA SERENA","IDClienteSAE":4582,"NombreCliente":"CASAS JAVER","IDUso":25,"NombreUso":"Pavimento","IDProducto":1158,"NombreProducto":"CONCRETO MR= 38 Ag=40 Rev 10 A1 D","Remision":"A2/41565","CveCiudad":"AGS","NombreVendedor":"HECTOR VILLANUEVA"},{"Id_Viaje":3038028,"IDPedido":582599,"CargaViaje":2,"IDPlanta":23,"NombrePlantaViaje":"L1-Leon","IDUnidad":353,"NombreUnidad":"CR-221 XRG","IDOperador":1624,"NombreOperador":"JUAN VICTOR PEREZ","IDEstatusViaje":1,"NombreEstatus":"Despachado","FechaInicio":"2/10/2026 12:00:00 AM","HoraInicio":"15:00","HoraFin":"17:00","IDObra":1004013,"NombreObra":"sacromonte 7","IDClienteSAE":1004,"NombreCliente":"INMOBILIARIA GESTORIA Y ASESORIA","IDUso":21,"NombreUso":"Castillos","IDProducto":11361,"NombreProducto":"CONCRETO f\u0027c=150 Ag=10 Rev=14 D 28","Remision":"L1/40992","CveCiudad":"LEON","NombreVendedor":"OFICINA MATRIZ"},{"Id_Viaje":3038032,"IDPedido":582529,"CargaViaje":4,"IDPlanta":19,"NombrePlantaViaje":"M1-Apodaca","IDUnidad":345,"NombreUnidad":"CR-231","IDOperador":1551,"NombreOperador":"ROGELIO MARTINEZ","IDEstatusViaje":2,"NombreEstatus":"Entregado","FechaInicio":"2/10/2026 12:00:00 AM","HoraInicio":"23:30","HoraFin":"01:30","IDObra":11302015,"NombreObra":"casa blanca","IDClienteSAE":11302,"NombreCliente":"LUZ DE PARIS","IDUso":8,"NombreUso":"Losa","IDProducto":491,"NombreProducto":"CONCRETO f\u0027c=200 Ag=20 Rev=14 A1 B","Remision":"M1/91129","CveCiudad":"MTY","NombreVendedor":"BLANCA P. GARZA"},{"Id_Viaje":3038034,"IDPedido":582608,"CargaViaje":7,"IDPlanta":36,"NombrePlantaViaje":"Q1-Apaseo","IDUnidad":383,"NombreUnidad":"CR-188","IDOperador":1655,"NombreOperador":"CARLOS ALARCÓN","IDEstatusViaje":2,"NombreEstatus":"Entregado","FechaInicio":"2/10/2026 12:00:00 AM","HoraInicio":"15:00","HoraFin":"17:00","IDObra":1012001,"NombreObra":"arimatea - meseta habitatt","IDClienteSAE":1012,"NombreCliente":"INMOBILIARIA GESTORIA Y ASESORIA","IDUso":2,"NombreUso":"Cimentacion","IDProducto":4355,"NombreProducto":"CONCRETO f\u0027c=250 Ag=20 Rev=10 D 28","Remision":"Q1/11462","CveCiudad":"QRO","NombreVendedor":"YIMI EDUARDO VAZQUEZ"},{"Id_Viaje":3038036,"IDPedido":582609,"CargaViaje":7,"IDPlanta":30,"NombrePlantaViaje":"P1-Coronango","IDUnidad":200,"NombreUnidad":"CR-163","IDOperador":1186,"NombreOperador":"AARON GUTIERREZ","IDEstatusViaje":1,"NombreEstatus":"Despachado","FechaInicio":"2/10/2026 12:00:00 AM","HoraInicio":"15:00","HoraFin":"17:00","IDObra":1847001,"NombreObra":"CBTIS 300","IDClienteSAE":1847,"NombreCliente":"ESPECIALISTAS EN ACABADOS PROFESIONALES","IDUso":7,"NombreUso":"Firme","IDProducto":10299,"NombreProducto":"CONCRETO f\u0027c: 200 Ag=20 Rev.14 A1 D","Remision":"P1/38516","CveCiudad":"PUE","NombreVendedor":"GUADALUPE HERNANDEZ"},{"Id_Viaje":3038038,"IDPedido":582609,"CargaViaje":7,"IDPlanta":30,"NombrePlantaViaje":"P1-Coronango","IDUnidad":201,"NombreUnidad":"CR-164","IDOperador":1014,"NombreOperador":"NAHUM ROMERO","IDEstatusViaje":1,"NombreEstatus":"Despachado","FechaInicio":"2/10/2026 12:00:00 AM","HoraInicio":"15:10","HoraFin":"17:10","IDObra":1847001,"NombreObra":"CBTIS 300","IDClienteSAE":1847,"NombreCliente":"ESPECIALISTAS EN ACABADOS PROFESIONALES","IDUso":7,"NombreUso":"Firme","IDProducto":10299,"NombreProducto":"CONCRETO f\u0027c: 200 Ag=20 Rev.14 A1 D","Remision":"P1/38517","CveCiudad":"PUE","NombreVendedor":"GUADALUPE HERNANDEZ"},{"Id_Viaje":3038040,"IDPedido":582609,"CargaViaje":7,"IDPlanta":30,"NombrePlantaViaje":"P1-Coronango","IDUnidad":249,"NombreUnidad":"CR-175","IDOperador":1009,"NombreOperador":"ALBERTO CORTEZ","IDEstatusViaje":1,"NombreEstatus":"Despachado","FechaInicio":"2/10/2026 12:00:00 AM","HoraInicio":"15:20","HoraFin":"17:20","IDObra":1847001,"NombreObra":"CBTIS 300","IDClienteSAE":1847,"NombreCliente":"ESPECIALISTAS EN ACABADOS PROFESIONALES","IDUso":7,"NombreUso":"Firme","IDProducto":10299,"NombreProducto":"CONCRETO f\u0027c: 200 Ag=20 Rev.14 A1 D","Remision":"P1/38518","CveCiudad":"PUE","NombreVendedor":"GUADALUPE HERNANDEZ"},{"Id_Viaje":3038042,"IDPedido":582609,"CargaViaje":7,"IDPlanta":30,"NombrePlantaViaje":"P1-Coronango","IDUnidad":251,"NombreUnidad":"CR-183","IDOperador":1209,"NombreOperador":"IVAN RAMOS","IDEstatusViaje":1,"NombreEstatus":"Despachado","FechaInicio":"2/10/2026 12:00:00 AM","HoraInicio":"15:30","HoraFin":"17:30","IDObra":1847001,"NombreObra":"CBTIS 300","IDClienteSAE":1847,"NombreCliente":"ESPECIALISTAS EN ACABADOS PROFESIONALES","IDUso":7,"NombreUso":"Firme","IDProducto":10299,"NombreProducto":"CONCRETO f\u0027c: 200 Ag=20 Rev.14 A1 D","Remision":"P1/38519","CveCiudad":"PUE","NombreVendedor":"GUADALUPE HERNANDEZ"},{"Id_Viaje":3038044,"IDPedido":582609,"CargaViaje":7,"IDPlanta":30,"NombrePlantaViaje":"P1-Coronango","IDUnidad":252,"NombreUnidad":"CR-184","IDOperador":1747,"NombreOperador":"JUAN CARLOS ENRIQUEZ","IDEstatusViaje":1,"NombreEstatus":"Despachado","FechaInicio":"2/10/2026 12:00:00 AM","HoraInicio":"15:40","HoraFin":"17:40","IDObra":1847001,"NombreObra":"CBTIS 300","IDClienteSAE":1847,"NombreCliente":"ESPECIALISTAS EN ACABADOS PROFESIONALES","IDUso":7,"NombreUso":"Firme","IDProducto":10299,"NombreProducto":"CONCRETO f\u0027c: 200 Ag=20 Rev.14 A1 D","Remision":"P1/38520","CveCiudad":"PUE","NombreVendedor":"GUADALUPE HERNANDEZ"},{"Id_Viaje":3038046,"IDPedido":582609,"CargaViaje":7,"IDPlanta":30,"NombrePlantaViaje":"P1-Coronango","IDUnidad":253,"NombreUnidad":"CR-185","IDOperador":868,"NombreOperador":"EDGAR ROMERO","IDEstatusViaje":1,"NombreEstatus":"Despachado","FechaInicio":"2/10/2026 12:00:00 AM","HoraInicio":"15:50","HoraFin":"17:50","IDObra":1847001,"NombreObra":"CBTIS 300","IDClienteSAE":1847,"NombreCliente":"ESPECIALISTAS EN ACABADOS PROFESIONALES","IDUso":7,"NombreUso":"Firme","IDProducto":10299,"NombreProducto":"CONCRETO f\u0027c: 200 Ag=20 Rev.14 A1 D","Remision":"P1/38521","CveCiudad":"PUE","NombreVendedor":"GUADALUPE HERNANDEZ"},{"Id_Viaje":3038048,"IDPedido":582609,"CargaViaje":7,"IDPlanta":30,"NombrePlantaViaje":"P1-Coronango","IDUnidad":254,"NombreUnidad":"CR-187","IDOperador":1186,"NombreOperador":"AARON GUTIERREZ","IDEstatusViaje":1,"NombreEstatus":"Despachado","FechaInicio":"2/10/2026 12:00:00 AM","HoraInicio":"16:00","HoraFin":"18:00","IDObra":1847001,"NombreObra":"CBTIS 300","IDClienteSAE":1847,"NombreCliente":"ESPECIALISTAS EN ACABADOS PROFESIONALES","IDUso":7,"NombreUso":"Firme","IDProducto":10299,"NombreProducto":"CONCRETO f\u0027c: 200 Ag=20 Rev.14 A1 D","Remision":"P1/38522","CveCiudad":"PUE","NombreVendedor":"GUADALUPE HERNANDEZ"},{"Id_Viaje":3038050,"IDPedido":582609,"CargaViaje":6,"IDPlanta":30,"NombrePlantaViaje":"P1-Coronango","IDUnidad":9,"NombreUnidad":"CR-192","IDOperador":868,"NombreOperador":"EDGAR ROMERO","IDEstatusViaje":1,"NombreEstatus":"Despachado","FechaInicio":"2/10/2026 12:00:00 AM","HoraInicio":"16:10","HoraFin":"18:10","IDObra":1847001,"NombreObra":"CBTIS 300","IDClienteSAE":1847,"NombreCliente":"ESPECIALISTAS EN ACABADOS PROFESIONALES","IDUso":7,"NombreUso":"Firme","IDProducto":10299,"NombreProducto":"CONCRETO f\u0027c: 200 Ag=20 Rev.14 A1 D","Remision":"P1/38523","CveCiudad":"PUE","NombreVendedor":"GUADALUPE HERNANDEZ"},{"Id_Viaje":3038054,"IDPedido":582499,"CargaViaje":3.5,"IDPlanta":16,"NombrePlantaViaje":"M6-Juarez","IDUnidad":315,"NombreUnidad":"CR-232","IDOperador":1452,"NombreOperador":"VICTOR LOPEZ","IDEstatusViaje":1,"NombreEstatus":"Despachado","FechaInicio":"2/10/2026 12:00:00 AM","HoraInicio":"23:30","HoraFin":"01:30","IDObra":9882010,"NombreObra":"LOS LERMAS","IDClienteSAE":9882,"NombreCliente":"FINISTERRE CAPITAL","IDUso":15,"NombreUso":"Zapatas","IDProducto":575,"NombreProducto":"CONCRETO f\u0027c=200 Ag=20 Rev=12 A1 D","Remision":"M6/67068","CveCiudad":"MTY","NombreVendedor":"ENRIQUE ALVAREZ"},{"Id_Viaje":3038056,"IDPedido":582532,"CargaViaje":7,"IDPlanta":11,"NombrePlantaViaje":"M4-Centro","IDUnidad":345,"NombreUnidad":"CR-231","IDOperador":1551,"NombreOperador":"ROGELIO MARTINEZ","IDEstatusViaje":2,"NombreEstatus":"Entregado","FechaInicio":"2/10/2026 12:00:00 AM","HoraInicio":"16:00","HoraFin":"16:30","IDObra":12202001,"NombreObra":"bodega cfe estacion y griega","IDClienteSAE":12202,"NombreCliente":"EMPRESAS ASOCIADAS DEL NORESTE","IDUso":8,"NombreUso":"Losa","IDProducto":1572,"NombreProducto":"CONCRETO f\u0027c=350 Ag=20 Rev=14 A1 B","Remision":"M4/89093","CveCiudad":"MTY","NombreVendedor":"ENRIQUE ALVAREZ"},{"Id_Viaje":3038058,"IDPedido":582416,"CargaViaje":3,"IDPlanta":7,"NombrePlantaViaje":"M2-Escobedo","IDUnidad":309,"NombreUnidad":"CR-117","IDOperador":1470,"NombreOperador":"ERICK BENJAMIN HERRERA","IDEstatusViaje":2,"NombreEstatus":"Entregado","FechaInicio":"2/10/2026 12:00:00 AM","HoraInicio":"23:10","HoraFin":"23:40","IDObra":8894025,"NombreObra":"cumbres platino","IDClienteSAE":8894,"NombreCliente":"ACRE PROMOTORA","IDUso":7,"NombreUso":"Firme","IDProducto":576,"NombreProducto":"CONCRETO f\u0027c=100 Ag=20 Rev=12 A1 D","Remision":"M2/79889","CveCiudad":"MTY","NombreVendedor":"SILVIA LOZANO"},{"Id_Viaje":3038060,"IDPedido":582611,"CargaViaje":2.5,"IDPlanta":36,"NombrePlantaViaje":"Q1-Apaseo","IDUnidad":260,"NombreUnidad":"CR-206","IDOperador":1484,"NombreOperador":"JOSE HIPOLITO MEJIA","IDEstatusViaje":2,"NombreEstatus":"Entregado","FechaInicio":"2/10/2026 12:00:00 AM","HoraInicio":"16:30","HoraFin":"18:30","IDObra":1012001,"NombreObra":"arimatea - meseta habitatt","IDClienteSAE":1012,"NombreCliente":"INMOBILIARIA GESTORIA Y ASESORIA","IDUso":21,"NombreUso":"Castillos","IDProducto":10455,"NombreProducto":"CONCRETO f\u0027c=150 Ag=10 Rev=10 D 28","Remision":"Q1/11464","CveCiudad":"QRO","NombreVendedor":"YIMI EDUARDO VAZQUEZ"},{"Id_Viaje":3038080,"IDPedido":582532,"CargaViaje":3,"IDPlanta":11,"NombrePlantaViaje":"M4-Centro","IDUnidad":340,"NombreUnidad":"CR-219","IDOperador":1122,"NombreOperador":"NOE CASTILLO","IDEstatusViaje":2,"NombreEstatus":"Entregado","FechaInicio":"2/10/2026 12:00:00 AM","HoraInicio":"21:00","HoraFin":"21:30","IDObra":12202001,"NombreObra":"bodega cfe estacion y griega","IDClienteSAE":12202,"NombreCliente":"EMPRESAS ASOCIADAS DEL NORESTE","IDUso":8,"NombreUso":"Losa","IDProducto":1572,"NombreProducto":"CONCRETO f\u0027c=350 Ag=20 Rev=14 A1 B","Remision":"M4/89094","CveCiudad":"MTY","NombreVendedor":"ENRIQUE ALVAREZ"},{"Id_Viaje":3038082,"IDPedido":582609,"CargaViaje":7,"IDPlanta":30,"NombrePlantaViaje":"P1-Coronango","IDUnidad":250,"NombreUnidad":"CR-180","IDOperador":1011,"NombreOperador":"ALBERTO JESUS ALVAREZ","IDEstatusViaje":1,"NombreEstatus":"Despachado","FechaInicio":"2/10/2026 12:00:00 AM","HoraInicio":"15:00","HoraFin":"17:00","IDObra":1847001,"NombreObra":"CBTIS 300","IDClienteSAE":1847,"NombreCliente":"ESPECIALISTAS EN ACABADOS PROFESIONALES","IDUso":7,"NombreUso":"Firme","IDProducto":10299,"NombreProducto":"CONCRETO f\u0027c: 200 Ag=20 Rev.14 A1 D","Remision":"P1/38524","CveCiudad":"PUE","NombreVendedor":"GUADALUPE HERNANDEZ"},{"Id_Viaje":3038084,"IDPedido":582609,"CargaViaje":7,"IDPlanta":30,"NombrePlantaViaje":"P1-Coronango","IDUnidad":197,"NombreUnidad":"CR-160","IDOperador":1016,"NombreOperador":"FRANCISCO MANUEL PARDO","IDEstatusViaje":1,"NombreEstatus":"Despachado","FechaInicio":"2/10/2026 12:00:00 AM","HoraInicio":"15:10","HoraFin":"17:10","IDObra":1847001,"NombreObra":"CBTIS 300","IDClienteSAE":1847,"NombreCliente":"ESPECIALISTAS EN ACABADOS PROFESIONALES","IDUso":7,"NombreUso":"Firme","IDProducto":10299,"NombreProducto":"CONCRETO f\u0027c: 200 Ag=20 Rev.14 A1 D","Remision":"P1/38525","CveCiudad":"PUE","NombreVendedor":"GUADALUPE HERNANDEZ"},{"Id_Viaje":3038112,"IDPedido":582609,"CargaViaje":7,"IDPlanta":30,"NombrePlantaViaje":"P1-Coronango","IDUnidad":198,"NombreUnidad":"CR-161","IDOperador":1008,"NombreOperador":"CARLOS ARMAS","IDEstatusViaje":1,"NombreEstatus":"Despachado","FechaInicio":"2/10/2026 12:00:00 AM","HoraInicio":"15:00","HoraFin":"17:00","IDObra":1847001,"NombreObra":"CBTIS 300","IDClienteSAE":1847,"NombreCliente":"ESPECIALISTAS EN ACABADOS PROFESIONALES","IDUso":7,"NombreUso":"Firme","IDProducto":10299,"NombreProducto":"CONCRETO f\u0027c: 200 Ag=20 Rev.14 A1 D","Remision":"P1/38526","CveCiudad":"PUE","NombreVendedor":"GUADALUPE HERNANDEZ"},{"Id_Viaje":3038120,"IDPedido":582609,"CargaViaje":3,"IDPlanta":30,"NombrePlantaViaje":"P1-Coronango","IDUnidad":196,"NombreUnidad":"CR-159","IDOperador":1013,"NombreOperador":"ALEJANDRO ARCE","IDEstatusViaje":1,"NombreEstatus":"Despachado","FechaInicio":"2/10/2026 12:00:00 AM","HoraInicio":"15:00","HoraFin":"17:00","IDObra":1847001,"NombreObra":"CBTIS 300","IDClienteSAE":1847,"NombreCliente":"ESPECIALISTAS EN ACABADOS PROFESIONALES","IDUso":7,"NombreUso":"Firme","IDProducto":10299,"NombreProducto":"CONCRETO f\u0027c: 200 Ag=20 Rev.14 A1 D","Remision":"P1/38527","CveCiudad":"PUE","NombreVendedor":"GUADALUPE HERNANDEZ"}]