[{"Id_Viaje":3037602,"IDPedido":582525,"CargaViaje":4.5,"IDPlanta":7,"NombrePlantaViaje":"M2-Escobedo","IDUnidad":339,"NombreUnidad":"CR- 243","IDOperador":1552,"NombreOperador":"JOSE ISAIAS ROCHA","IDEstatusViaje":2,"NombreEstatus":"Entregado","FechaInicio":"2/16/2026 12:00:00 AM","HoraInicio":"12:00","HoraFin":"14:00","IDObra":12173006,"NombreObra":"santuario","IDClienteSAE":12173,"NombreCliente":"ENALTE DESARROLLOS INMOBILIARIOS","IDUso":17,"NombreUso":"Escalera","IDProducto":513,"NombreProducto":"CONCRETO f\u0027c=200 Ag=20 Rev=14 A1 D","Remision":"M2/79934","CveCiudad":"MTY","NombreVendedor":"OMAR HECTOR ARTEAGA"},{"Id_Viaje":3038006,"IDPedido":582605,"CargaViaje":7,"IDPlanta":19,"NombrePlantaViaje":"M1-Apodaca","IDUnidad":332,"NombreUnidad":"CR-026","IDOperador":1458,"NombreOperador":"MIGUEL ANGEL LUGO","IDEstatusViaje":2,"NombreEstatus":"Entregado","FechaInicio":"2/16/2026 12:00:00 AM","HoraInicio":"08:00","HoraFin":"10:00","IDObra":11758001,"NombreObra":"PARQUE EKKOS","IDClienteSAE":11758,"NombreCliente":"INMOBILIARIA CRIMOSA","IDUso":11,"NombreUso":"Piso","IDProducto":551,"NombreProducto":"CONCRETO f\u0027c=250 Ag=20 Rev=14 A1 D","Remision":"M1/91172","CveCiudad":"MTY","NombreVendedor":"OMAR HECTOR ARTEAGA"},{"Id_Viaje":3038008,"IDPedido":582605,"CargaViaje":7,"IDPlanta":19,"NombrePlantaViaje":"M1-Apodaca","IDUnidad":40,"NombreUnidad":"CR-031","IDOperador":1157,"NombreOperador":"JUAN JOSE ROSARIO LOPEZ","IDEstatusViaje":2,"NombreEstatus":"Entregado","FechaInicio":"2/16/2026 12:00:00 AM","HoraInicio":"08:10","HoraFin":"10:10","IDObra":11758001,"NombreObra":"PARQUE EKKOS","IDClienteSAE":11758,"NombreCliente":"INMOBILIARIA CRIMOSA","IDUso":11,"NombreUso":"Piso","IDProducto":551,"NombreProducto":"CONCRETO f\u0027c=250 Ag=20 Rev=14 A1 D","Remision":"M1/91173","CveCiudad":"MTY","NombreVendedor":"OMAR HECTOR ARTEAGA"},{"Id_Viaje":3039156,"IDPedido":582876,"CargaViaje":3,"IDPlanta":11,"NombrePlantaViaje":"M4-Centro","IDUnidad":78,"NombreUnidad":"CR-062","IDOperador":1478,"NombreOperador":"VICTOR HUGO MARTINEZ","IDEstatusViaje":2,"NombreEstatus":"Entregado","FechaInicio":"2/16/2026 12:00:00 AM","HoraInicio":"14:00","HoraFin":"16:00","IDObra":10580001,"NombreObra":"catehua","IDClienteSAE":10580,"NombreCliente":"LEMURA VIVIENDA","IDUso":3,"NombreUso":"Columnas","IDProducto":3505,"NombreProducto":"CONCRETO f\u0027c=450 Ag=20 Rev=18 D","Remision":"M4/89165","CveCiudad":"MTY","NombreVendedor":"BLANCA P. GARZA"},{"Id_Viaje":3039288,"IDPedido":582925,"CargaViaje":5.5,"IDPlanta":16,"NombrePlantaViaje":"M6-Juarez","IDUnidad":371,"NombreUnidad":"CR-008","IDOperador":1199,"NombreOperador":"GABRIEL RIVERA","IDEstatusViaje":2,"NombreEstatus":"Entregado","FechaInicio":"2/16/2026 12:00:00 AM","HoraInicio":"14:00","HoraFin":"16:00","IDObra":4947068,"NombreObra":"valle real","IDClienteSAE":4947,"NombreCliente":"CONCRETOS DELESE","IDUso":8,"NombreUso":"Losa","IDProducto":1544,"NombreProducto":"CONCRETO f\u0027c=200 Ag=20 Rev=18 A1 D","Remision":"M6/67112","CveCiudad":"MTY","NombreVendedor":"OMAR HECTOR ARTEAGA"},{"Id_Viaje":3039290,"IDPedido":582925,"CargaViaje":7,"IDPlanta":16,"NombrePlantaViaje":"M6-Juarez","IDUnidad":347,"NombreUnidad":"CR-099","IDOperador":1190,"NombreOperador":"SAUL GUAJARDO","IDEstatusViaje":2,"NombreEstatus":"Entregado","FechaInicio":"2/16/2026 12:00:00 AM","HoraInicio":"14:10","HoraFin":"16:10","IDObra":4947068,"NombreObra":"valle real","IDClienteSAE":4947,"NombreCliente":"CONCRETOS DELESE","IDUso":8,"NombreUso":"Losa","IDProducto":1544,"NombreProducto":"CONCRETO f\u0027c=200 Ag=20 Rev=18 A1 D","Remision":"M6/67113","CveCiudad":"MTY","NombreVendedor":"OMAR HECTOR ARTEAGA"},{"Id_Viaje":3039292,"IDPedido":582925,"CargaViaje":3,"IDPlanta":16,"NombrePlantaViaje":"M6-Juarez","IDUnidad":133,"NombreUnidad":"CR-124","IDOperador":1546,"NombreOperador":"VICTOR ADRIAN HERNANDEZ","IDEstatusViaje":2,"NombreEstatus":"Entregado","FechaInicio":"2/16/2026 12:00:00 AM","HoraInicio":"14:20","HoraFin":"16:20","IDObra":4947068,"NombreObra":"valle real","IDClienteSAE":4947,"NombreCliente":"CONCRETOS DELESE","IDUso":8,"NombreUso":"Losa","IDProducto":1544,"NombreProducto":"CONCRETO f\u0027c=200 Ag=20 Rev=18 A1 D","Remision":"M6/67114","CveCiudad":"MTY","NombreVendedor":"OMAR HECTOR ARTEAGA"},{"Id_Viaje":3039294,"IDPedido":582932,"CargaViaje":4,"IDPlanta":11,"NombrePlantaViaje":"M4-Centro","IDUnidad":173,"NombreUnidad":"CR-165","IDOperador":1758,"NombreOperador":"CESAR MICHEL CARREON","IDEstatusViaje":2,"NombreEstatus":"Entregado","FechaInicio":"2/16/2026 12:00:00 AM","HoraInicio":"09:30","HoraFin":"11:30","IDObra":4486062,"NombreObra":"estacionamiento municipal","IDClienteSAE":4486,"NombreCliente":"CONSTRU SHENSA","IDUso":7,"NombreUso":"Firme","IDProducto":599,"NombreProducto":"CONCRETO f\u0027c=250 Ag=20 Rev=12 A1 D","Remision":"M4/89160","CveCiudad":"MTY","NombreVendedor":"OMAR HECTOR ARTEAGA"},{"Id_Viaje":3039296,"IDPedido":582933,"CargaViaje":4,"IDPlanta":19,"NombrePlantaViaje":"M1-Apodaca","IDUnidad":314,"NombreUnidad":"CR-229","IDOperador":1529,"NombreOperador":"ENRIQUE YESCAS","IDEstatusViaje":2,"NombreEstatus":"Entregado","FechaInicio":"2/16/2026 12:00:00 AM","HoraInicio":"07:00","HoraFin":"09:00","IDObra":12076001,"NombreObra":"LA CHATARRERA","IDClienteSAE":12076,"NombreCliente":"PARQUE INTERNACIONAL REGIOMONTANA","IDUso":11,"NombreUso":"Piso","IDProducto":485,"NombreProducto":"CONCRETO f\u0027c=250 Ag=20 Rev=10 A1 D","Remision":"M1/91171","CveCiudad":"MTY","NombreVendedor":"CESAR LUNA"},{"Id_Viaje":3039298,"IDPedido":582934,"CargaViaje":6,"IDPlanta":19,"NombrePlantaViaje":"M1-Apodaca","IDUnidad":345,"NombreUnidad":"CR-231","IDOperador":1551,"NombreOperador":"ROGELIO MARTINEZ","IDEstatusViaje":2,"NombreEstatus":"Entregado","FechaInicio":"2/16/2026 12:00:00 AM","HoraInicio":"13:30","HoraFin":"15:30","IDObra":541068,"NombreObra":"carcamo santa maria","IDClienteSAE":541,"NombreCliente":"DESARROLLOS LOCSA","IDUso":9,"NombreUso":"Muro","IDProducto":1572,"NombreProducto":"CONCRETO f\u0027c=350 Ag=20 Rev=14 A1 B","Remision":"M1/91178","CveCiudad":"MTY","NombreVendedor":"GUILLERMO RAMA HERRERA"},{"Id_Viaje":3039300,"IDPedido":582934,"CargaViaje":6,"IDPlanta":19,"NombrePlantaViaje":"M1-Apodaca","IDUnidad":332,"NombreUnidad":"CR-026","IDOperador":1458,"NombreOperador":"MIGUEL ANGEL LUGO","IDEstatusViaje":2,"NombreEstatus":"Entregado","FechaInicio":"2/16/2026 12:00:00 AM","HoraInicio":"13:40","HoraFin":"15:40","IDObra":541068,"NombreObra":"carcamo santa maria","IDClienteSAE":541,"NombreCliente":"DESARROLLOS LOCSA","IDUso":9,"NombreUso":"Muro","IDProducto":1572,"NombreProducto":"CONCRETO f\u0027c=350 Ag=20 Rev=14 A1 B","Remision":"M1/91179","CveCiudad":"MTY","NombreVendedor":"GUILLERMO RAMA HERRERA"},{"Id_Viaje":3039303,"IDPedido":582935,"CargaViaje":4,"IDPlanta":7,"NombrePlantaViaje":"M2-Escobedo","IDUnidad":309,"NombreUnidad":"CR-117","IDOperador":1470,"NombreOperador":"ERICK BENJAMIN HERRERA","IDEstatusViaje":2,"NombreEstatus":"Entregado","FechaInicio":"2/16/2026 12:00:00 AM","HoraInicio":"08:00","HoraFin":"10:00","IDObra":10343012,"NombreObra":"VALMONT ESCOBEDO","IDClienteSAE":10343,"NombreCliente":"FORMAS Y DESARROLLOS CONSTRUCTIVOS","IDUso":2,"NombreUso":"Cimentacion","IDProducto":599,"NombreProducto":"CONCRETO f\u0027c=250 Ag=20 Rev=12 A1 D","Remision":"M2/79931","CveCiudad":"MTY","NombreVendedor":"OMAR HECTOR ARTEAGA"},{"Id_Viaje":3039305,"IDPedido":582935,"CargaViaje":4,"IDPlanta":7,"NombrePlantaViaje":"M2-Escobedo","IDUnidad":38,"NombreUnidad":"CR-120","IDOperador":1517,"NombreOperador":"JESUS ALBERTO SAUCEDA","IDEstatusViaje":2,"NombreEstatus":"Entregado","FechaInicio":"2/16/2026 12:00:00 AM","HoraInicio":"08:10","HoraFin":"10:10","IDObra":10343012,"NombreObra":"VALMONT ESCOBEDO","IDClienteSAE":10343,"NombreCliente":"FORMAS Y DESARROLLOS CONSTRUCTIVOS","IDUso":2,"NombreUso":"Cimentacion","IDProducto":599,"NombreProducto":"CONCRETO f\u0027c=250 Ag=20 Rev=12 A1 D","Remision":"M2/79932","CveCiudad":"MTY","NombreVendedor":"OMAR HECTOR ARTEAGA"},{"Id_Viaje":3039319,"IDPedido":582937,"CargaViaje":7,"IDPlanta":15,"NombrePlantaViaje":"M5-Santiago","IDUnidad":28,"NombreUnidad":"CR-241","IDOperador":1509,"NombreOperador":"JUAN LUIS ROCHA","IDEstatusViaje":2,"NombreEstatus":"Entregado","FechaInicio":"2/16/2026 12:00:00 AM","HoraInicio":"07:30","HoraFin":"09:30","IDObra":12150004,"NombreObra":"SANTTE","IDClienteSAE":12150,"NombreCliente":"MAQUINARIA Y CONSTRUCTORA SEPULVEDA DE MONTERREY","IDUso":8,"NombreUso":"Losa","IDProducto":491,"NombreProducto":"CONCRETO f\u0027c=200 Ag=20 Rev=14 A1 B","Remision":"M5/37086","CveCiudad":"MTY","NombreVendedor":"CESAR LUNA"},{"Id_Viaje":3039321,"IDPedido":582937,"CargaViaje":7,"IDPlanta":15,"NombrePlantaViaje":"M5-Santiago","IDUnidad":216,"NombreUnidad":"CR-227","IDOperador":1468,"NombreOperador":"JOSE LUIS ESPARZA","IDEstatusViaje":2,"NombreEstatus":"Entregado","FechaInicio":"2/16/2026 12:00:00 AM","HoraInicio":"07:40","HoraFin":"09:40","IDObra":12150004,"NombreObra":"SANTTE","IDClienteSAE":12150,"NombreCliente":"MAQUINARIA Y CONSTRUCTORA SEPULVEDA DE MONTERREY","IDUso":8,"NombreUso":"Losa","IDProducto":491,"NombreProducto":"CONCRETO f\u0027c=200 Ag=20 Rev=14 A1 B","Remision":"M5/37088","CveCiudad":"MTY","NombreVendedor":"CESAR LUNA"},{"Id_Viaje":3039323,"IDPedido":582937,"CargaViaje":7,"IDPlanta":15,"NombrePlantaViaje":"M5-Santiago","IDUnidad":315,"NombreUnidad":"CR-232","IDOperador":1452,"NombreOperador":"VICTOR LOPEZ","IDEstatusViaje":2,"NombreEstatus":"Entregado","FechaInicio":"2/16/2026 12:00:00 AM","HoraInicio":"10:00","HoraFin":"10:30","IDObra":12150004,"NombreObra":"SANTTE","IDClienteSAE":12150,"NombreCliente":"MAQUINARIA Y CONSTRUCTORA SEPULVEDA DE MONTERREY","IDUso":8,"NombreUso":"Losa","IDProducto":491,"NombreProducto":"CONCRETO f\u0027c=200 Ag=20 Rev=14 A1 B","Remision":"M5/37087","CveCiudad":"MTY","NombreVendedor":"CESAR LUNA"},{"Id_Viaje":3039330,"IDPedido":582910,"CargaViaje":7,"IDPlanta":15,"NombrePlantaViaje":"M5-Santiago","IDUnidad":315,"NombreUnidad":"CR-232","IDOperador":1452,"NombreOperador":"VICTOR LOPEZ","IDEstatusViaje":2,"NombreEstatus":"Entregado","FechaInicio":"2/16/2026 12:00:00 AM","HoraInicio":"11:00","HoraFin":"11:30","IDObra":8894027,"NombreObra":"residencial viento nuevo","IDClienteSAE":8894,"NombreCliente":"ACRE PROMOTORA","IDUso":14,"NombreUso":"Viga","IDProducto":575,"NombreProducto":"CONCRETO f\u0027c=200 Ag=20 Rev=12 A1 D","Remision":"M5/37085","CveCiudad":"MTY","NombreVendedor":"ENRIQUE ALVAREZ"},{"Id_Viaje":3039332,"IDPedido":582938,"CargaViaje":7,"IDPlanta":16,"NombrePlantaViaje":"M6-Juarez","IDUnidad":231,"NombreUnidad":"CR-151","IDOperador":1581,"NombreOperador":"FRANCISCO JAVIER GONZALEZ","IDEstatusViaje":2,"NombreEstatus":"Entregado","FechaInicio":"2/16/2026 12:00:00 AM","HoraInicio":"13:30","HoraFin":"15:30","IDObra":12150002,"NombreObra":"VISTAS DEL SEMINARIO QUINTO SECTOR","IDClienteSAE":12150,"NombreCliente":"MAQUINARIA Y CONSTRUCTORA SEPULVEDA DE MONTERREY","IDUso":8,"NombreUso":"Losa","IDProducto":491,"NombreProducto":"CONCRETO f\u0027c=200 Ag=20 Rev=14 A1 B","Remision":"M6/67110","CveCiudad":"MTY","NombreVendedor":"CESAR LUNA"},{"Id_Viaje":3039345,"IDPedido":582943,"CargaViaje":7,"IDPlanta":7,"NombrePlantaViaje":"M2-Escobedo","IDUnidad":375,"NombreUnidad":"CR-121","IDOperador":78,"NombreOperador":"CARLOS ALBERTO VILLARREAL","IDEstatusViaje":2,"NombreEstatus":"Entregado","FechaInicio":"2/16/2026 12:00:00 AM","HoraInicio":"15:00","HoraFin":"17:00","IDObra":7080148,"NombreObra":"colombia","IDClienteSAE":7080,"NombreCliente":"CONSTRUCCIONES REFORZADAS","IDUso":5,"NombreUso":"Cordon","IDProducto":1559,"NombreProducto":"CONCRETO f\u0027c=250 Ag=20 Rev=08 A1 D","Remision":"M2/79951","CveCiudad":"MTY","NombreVendedor":"OMAR HECTOR ARTEAGA"},{"Id_Viaje":3039357,"IDPedido":582904,"CargaViaje":7,"IDPlanta":19,"NombrePlantaViaje":"M1-Apodaca","IDUnidad":345,"NombreUnidad":"CR-231","IDOperador":1551,"NombreOperador":"ROGELIO MARTINEZ","IDEstatusViaje":2,"NombreEstatus":"Entregado","FechaInicio":"2/16/2026 12:00:00 AM","HoraInicio":"10:00","HoraFin":"10:30","IDObra":9876033,"NombreObra":"privada mugnano","IDClienteSAE":9876,"NombreCliente":"MX CONSTRUCCIONES","IDUso":7,"NombreUso":"Firme","IDProducto":483,"NombreProducto":"CONCRETO f\u0027c=200 Ag=20. Rev=10 A1 D","Remision":"M1/91174","CveCiudad":"MTY","NombreVendedor":"ENRIQUE ALVAREZ"},{"Id_Viaje":3039359,"IDPedido":582816,"CargaViaje":7,"IDPlanta":19,"NombrePlantaViaje":"M1-Apodaca","IDUnidad":40,"NombreUnidad":"CR-031","IDOperador":1157,"NombreOperador":"JUAN JOSE ROSARIO LOPEZ","IDEstatusViaje":2,"NombreEstatus":"Entregado","FechaInicio":"2/16/2026 12:00:00 AM","HoraInicio":"12:00","HoraFin":"14:00","IDObra":11623002,"NombreObra":"sungwoo hitech apartament","IDClienteSAE":11623,"NombreCliente":"TAEINS MEXICO","IDUso":1,"NombreUso":"Banqueta","IDProducto":551,"NombreProducto":"CONCRETO f\u0027c=250 Ag=20 Rev=14 A1 D","Remision":"M1/91176","CveCiudad":"MTY","NombreVendedor":"CASA PROGRAMACION"},{"Id_Viaje":3039365,"IDPedido":582939,"CargaViaje":4,"IDPlanta":7,"NombrePlantaViaje":"M2-Escobedo","IDUnidad":374,"NombreUnidad":"CR-189","IDOperador":1444,"NombreOperador":"HUMBERTO GONZALEZ","IDEstatusViaje":2,"NombreEstatus":"Entregado","FechaInicio":"2/16/2026 12:00:00 AM","HoraInicio":"09:00","HoraFin":"11:00","IDObra":8153048,"NombreObra":"VISTAS DE LAS MITRAS","IDClienteSAE":8153,"NombreCliente":"CONSTRUCTORA OBREGON FERNANDEZ","IDUso":1,"NombreUso":"Banqueta","IDProducto":589,"NombreProducto":"CONCRETO f\u0027c=150 Ag=20 Rev=12 A1 D","Remision":"M2/79933","CveCiudad":"MTY","NombreVendedor":"CESAR LUNA"},{"Id_Viaje":3039369,"IDPedido":582877,"CargaViaje":6,"IDPlanta":7,"NombrePlantaViaje":"M2-Escobedo","IDUnidad":370,"NombreUnidad":"CR-203","IDOperador":644,"NombreOperador":"ALEJANDRO QUEZADA","IDEstatusViaje":1,"NombreEstatus":"Despachado","FechaInicio":"2/16/2026 12:00:00 AM","HoraInicio":"13:30","HoraFin":"15:30","IDObra":1534016,"NombreObra":"PLANTA MOYEDA","IDClienteSAE":1534,"NombreCliente":"CONSTRUCTORA MOYEDA","IDUso":14,"NombreUso":"Viga","IDProducto":11985,"NombreProducto":"CONCRETO f\u0027c=450 Ag20 Rv22B8036 Grn CTem Ceniza25","Remision":"M2/79935","CveCiudad":"MTY","NombreVendedor":"CASA PROGRAMACION"},{"Id_Viaje":3039371,"IDPedido":582877,"CargaViaje":6,"IDPlanta":7,"NombrePlantaViaje":"M2-Escobedo","IDUnidad":273,"NombreUnidad":"CR-243","IDOperador":1552,"NombreOperador":"JOSE ISAIAS ROCHA","IDEstatusViaje":1,"NombreEstatus":"Despachado","FechaInicio":"2/16/2026 12:00:00 AM","HoraInicio":"13:40","HoraFin":"15:40","IDObra":1534016,"NombreObra":"PLANTA MOYEDA","IDClienteSAE":1534,"NombreCliente":"CONSTRUCTORA MOYEDA","IDUso":14,"NombreUso":"Viga","IDProducto":11985,"NombreProducto":"CONCRETO f\u0027c=450 Ag20 Rv22B8036 Grn CTem Ceniza25","Remision":"M2/79936","CveCiudad":"MTY","NombreVendedor":"CASA PROGRAMACION"},{"Id_Viaje":3039373,"IDPedido":582877,"CargaViaje":6,"IDPlanta":7,"NombrePlantaViaje":"M2-Escobedo","IDUnidad":136,"NombreUnidad":"CR-245","IDOperador":1680,"NombreOperador":"PAULO AMERICO","IDEstatusViaje":1,"NombreEstatus":"Despachado","FechaInicio":"2/16/2026 12:00:00 AM","HoraInicio":"13:50","HoraFin":"15:50","IDObra":1534016,"NombreObra":"PLANTA MOYEDA","IDClienteSAE":1534,"NombreCliente":"CONSTRUCTORA MOYEDA","IDUso":14,"NombreUso":"Viga","IDProducto":11985,"NombreProducto":"CONCRETO f\u0027c=450 Ag20 Rv22B8036 Grn CTem Ceniza25","Remision":"M2/79937","CveCiudad":"MTY","NombreVendedor":"CASA PROGRAMACION"},{"Id_Viaje":3039375,"IDPedido":582877,"CargaViaje":6,"IDPlanta":7,"NombrePlantaViaje":"M2-Escobedo","IDUnidad":339,"NombreUnidad":"CR- 243","IDOperador":1552,"NombreOperador":"JOSE ISAIAS ROCHA","IDEstatusViaje":1,"NombreEstatus":"Despachado","FechaInicio":"2/16/2026 12:00:00 AM","HoraInicio":"14:00","HoraFin":"16:00","IDObra":1534016,"NombreObra":"PLANTA MOYEDA","IDClienteSAE":1534,"NombreCliente":"CONSTRUCTORA MOYEDA","IDUso":14,"NombreUso":"Viga","IDProducto":11985,"NombreProducto":"CONCRETO f\u0027c=450 Ag20 Rv22B8036 Grn CTem Ceniza25","Remision":"M2/79938","CveCiudad":"MTY","NombreVendedor":"CASA PROGRAMACION"},{"Id_Viaje":3039377,"IDPedido":582877,"CargaViaje":6,"IDPlanta":7,"NombrePlantaViaje":"M2-Escobedo","IDUnidad":309,"NombreUnidad":"CR-117","IDOperador":1470,"NombreOperador":"ERICK BENJAMIN HERRERA","IDEstatusViaje":1,"NombreEstatus":"Despachado","FechaInicio":"2/16/2026 12:00:00 AM","HoraInicio":"14:10","HoraFin":"16:10","IDObra":1534016,"NombreObra":"PLANTA MOYEDA","IDClienteSAE":1534,"NombreCliente":"CONSTRUCTORA MOYEDA","IDUso":14,"NombreUso":"Viga","IDProducto":11985,"NombreProducto":"CONCRETO f\u0027c=450 Ag20 Rv22B8036 Grn CTem Ceniza25","Remision":"M2/79939","CveCiudad":"MTY","NombreVendedor":"CASA PROGRAMACION"},{"Id_Viaje":3039380,"IDPedido":582914,"CargaViaje":7,"IDPlanta":7,"NombrePlantaViaje":"M2-Escobedo","IDUnidad":38,"NombreUnidad":"CR-120","IDOperador":1517,"NombreOperador":"JESUS ALBERTO SAUCEDA","IDEstatusViaje":2,"NombreEstatus":"Entregado","FechaInicio":"2/16/2026 12:00:00 AM","HoraInicio":"14:00","HoraFin":"16:00","IDObra":8894025,"NombreObra":"cumbres platino","IDClienteSAE":8894,"NombreCliente":"ACRE PROMOTORA","IDUso":15,"NombreUso":"Zapatas","IDProducto":575,"NombreProducto":"CONCRETO f\u0027c=200 Ag=20 Rev=12 A1 D","Remision":"M2/79940","CveCiudad":"MTY","NombreVendedor":"SILVIA LOZANO"},{"Id_Viaje":3039382,"IDPedido":582917,"CargaViaje":7,"IDPlanta":7,"NombrePlantaViaje":"M2-Escobedo","IDUnidad":374,"NombreUnidad":"CR-189","IDOperador":1444,"NombreOperador":"HUMBERTO GONZALEZ","IDEstatusViaje":2,"NombreEstatus":"Entregado","FechaInicio":"2/16/2026 12:00:00 AM","HoraInicio":"14:30","HoraFin":"16:30","IDObra":8894025,"NombreObra":"cumbres platino","IDClienteSAE":8894,"NombreCliente":"ACRE PROMOTORA","IDUso":7,"NombreUso":"Firme","IDProducto":576,"NombreProducto":"CONCRETO f\u0027c=100 Ag=20 Rev=12 A1 D","Remision":"M2/79942","CveCiudad":"MTY","NombreVendedor":"SILVIA LOZANO"},{"Id_Viaje":3039384,"IDPedido":582774,"CargaViaje":5,"IDPlanta":11,"NombrePlantaViaje":"M4-Centro","IDUnidad":210,"NombreUnidad":"CR-166","IDOperador":1198,"NombreOperador":"ALEJANDRO TREVIÑO","IDEstatusViaje":2,"NombreEstatus":"Entregado","FechaInicio":"2/16/2026 12:00:00 AM","HoraInicio":"08:00","HoraFin":"10:00","IDObra":11594002,"NombreObra":"depas san nicolas","IDClienteSAE":11594,"NombreCliente":"PROYECTOS NEM","IDUso":27,"NombreUso":"Empastado","IDProducto":11275,"NombreProducto":"MORTERO f\u0027c=200Kgf/cm2 Ag=4 Rev=14 D 28","Remision":"M4/89159","CveCiudad":"MTY","NombreVendedor":"GUILLERMO RAMA HERRERA"},{"Id_Viaje":3039388,"IDPedido":582748,"CargaViaje":7,"IDPlanta":11,"NombrePlantaViaje":"M4-Centro","IDUnidad":213,"NombreUnidad":"CR-171","IDOperador":1610,"NombreOperador":"MOISES ISRAEL HERNANDEZ","IDEstatusViaje":2,"NombreEstatus":"Entregado","FechaInicio":"2/16/2026 12:00:00 AM","HoraInicio":"11:00","HoraFin":"13:00","IDObra":4947069,"NombreObra":"CASAIRE","IDClienteSAE":4947,"NombreCliente":"CONCRETOS DELESE","IDUso":1,"NombreUso":"Banqueta","IDProducto":1512,"NombreProducto":"CONCRETO f\u0027c=100 Ag=20 Rev=14 A1 D","Remision":"M4/89162","CveCiudad":"MTY","NombreVendedor":"OMAR HECTOR ARTEAGA"},{"Id_Viaje":3039390,"IDPedido":582775,"CargaViaje":5,"IDPlanta":11,"NombrePlantaViaje":"M4-Centro","IDUnidad":212,"NombreUnidad":"CR-172","IDOperador":1741,"NombreOperador":"YAUDEL VILLAMONTE","IDEstatusViaje":2,"NombreEstatus":"Entregado","FechaInicio":"2/16/2026 12:00:00 AM","HoraInicio":"10:30","HoraFin":"12:30","IDObra":11594002,"NombreObra":"depas san nicolas","IDClienteSAE":11594,"NombreCliente":"PROYECTOS NEM","IDUso":27,"NombreUso":"Empastado","IDProducto":11275,"NombreProducto":"MORTERO f\u0027c=200Kgf/cm2 Ag=4 Rev=14 D 28","Remision":"M4/89163","CveCiudad":"MTY","NombreVendedor":"GUILLERMO RAMA HERRERA"},{"Id_Viaje":3039392,"IDPedido":582923,"CargaViaje":4,"IDPlanta":16,"NombrePlantaViaje":"M6-Juarez","IDUnidad":338,"NombreUnidad":"CR-204","IDOperador":1117,"NombreOperador":"JUAN FERNANDO TOBIAS","IDEstatusViaje":2,"NombreEstatus":"Entregado","FechaInicio":"2/16/2026 12:00:00 AM","HoraInicio":"09:00","HoraFin":"11:00","IDObra":4947068,"NombreObra":"valle real","IDClienteSAE":4947,"NombreCliente":"CONCRETOS DELESE","IDUso":1,"NombreUso":"Banqueta","IDProducto":1513,"NombreProducto":"CONCRETO f\u0027c=100 Ag=20 Rev=18 A1 D","Remision":"M6/67108","CveCiudad":"MTY","NombreVendedor":"OMAR HECTOR ARTEAGA"},{"Id_Viaje":3039398,"IDPedido":582612,"CargaViaje":7,"IDPlanta":16,"NombrePlantaViaje":"M6-Juarez","IDUnidad":338,"NombreUnidad":"CR-204","IDOperador":1117,"NombreOperador":"JUAN FERNANDO TOBIAS","IDEstatusViaje":2,"NombreEstatus":"Entregado","FechaInicio":"2/16/2026 12:00:00 AM","HoraInicio":"12:30","HoraFin":"14:30","IDObra":9876034,"NombreObra":"corfu residencial","IDClienteSAE":9876,"NombreCliente":"MX CONSTRUCCIONES","IDUso":24,"NombreUso":"Pilotes","IDProducto":483,"NombreProducto":"CONCRETO f\u0027c=200 Ag=20. Rev=10 A1 D","Remision":"M6/67109","CveCiudad":"MTY","NombreVendedor":"ENRIQUE ALVAREZ"},{"Id_Viaje":3039411,"IDPedido":582953,"CargaViaje":5,"IDPlanta":13,"NombrePlantaViaje":"G1- VALLE DE LA MISERICORDIA","IDUnidad":317,"NombreUnidad":"CR-023","IDOperador":481,"NombreOperador":"[LIBRE] LIBRE","IDEstatusViaje":1,"NombreEstatus":"Despachado","FechaInicio":"2/16/2026 12:00:00 AM","HoraInicio":"09:00","HoraFin":"11:00","IDObra":6181006,"NombreObra":"Bugambilias Zapopan Jalisco","IDClienteSAE":6181,"NombreCliente":"OP30 CONSTRUCTORA","IDUso":8,"NombreUso":"Losa","IDProducto":11453,"NombreProducto":"CONCRETO f\u0027c=200 Ag=20 Rev=10 D 28","Remision":"G1/70686","CveCiudad":"GDL","NombreVendedor":"PABLO CESAR ARREOLA"},{"Id_Viaje":3039413,"IDPedido":582947,"CargaViaje":4,"IDPlanta":13,"NombrePlantaViaje":"G1- VALLE DE LA MISERICORDIA","IDUnidad":138,"NombreUnidad":"CR-028","IDOperador":484,"NombreOperador":"[LIBRE] X","IDEstatusViaje":1,"NombreEstatus":"Despachado","FechaInicio":"2/16/2026 12:00:00 AM","HoraInicio":"10:30","HoraFin":"12:30","IDObra":4904008,"NombreObra":"Botticelli 5286","IDClienteSAE":4904,"NombreCliente":"MICHELLE ALEJANDRA CASTILLO PLASCENCIA","IDUso":80,"NombreUso":"Banqueta Lavada","IDProducto":3279,"NombreProducto":"CONCRETO f\u0027c:200 Ag=10 Rev:10 A1 D","Remision":"G1/70687","CveCiudad":"GDL","NombreVendedor":"RODOLFO ARREDONDO"},{"Id_Viaje":3039415,"IDPedido":582945,"CargaViaje":7,"IDPlanta":13,"NombrePlantaViaje":"G1- VALLE DE LA MISERICORDIA","IDUnidad":319,"NombreUnidad":"CR-040","IDOperador":481,"NombreOperador":"[LIBRE] LIBRE","IDEstatusViaje":1,"NombreEstatus":"Despachado","FechaInicio":"2/16/2026 12:00:00 AM","HoraInicio":"11:00","HoraFin":"13:00","IDObra":2949006,"NombreObra":"BUGAMBILIA ESQ ORQUIDEA COLONIA AGRICOLA","IDClienteSAE":2949,"NombreCliente":"ESTUDIOS SISTEMAS Y CONSTRUCCIONES","IDUso":8,"NombreUso":"Losa","IDProducto":11448,"NombreProducto":"CONCRETO f\u0027c=250 Ag=20 Rev=10 D 28","Remision":"G1/70688","CveCiudad":"GDL","NombreVendedor":"MIGUEL BAUTISTA"},{"Id_Viaje":3039417,"IDPedido":582946,"CargaViaje":7,"IDPlanta":13,"NombrePlantaViaje":"G1- VALLE DE LA MISERICORDIA","IDUnidad":86,"NombreUnidad":"CR-049","IDOperador":93,"NombreOperador":"MARCO ANTONIO GUZMAN","IDEstatusViaje":1,"NombreEstatus":"Despachado","FechaInicio":"2/16/2026 12:00:00 AM","HoraInicio":"15:00","HoraFin":"17:00","IDObra":2527005,"NombreObra":"SAN FERNANDO ESQ CAMINO A SANTA CRUZ COL VILLA FONTANA","IDClienteSAE":2527,"NombreCliente":"JOSE DE JESUS SERAFIN CAMARENA","IDUso":1,"NombreUso":"Banqueta","IDProducto":11457,"NombreProducto":"CONCRETO f\u0027c=150 Ag=20 Rev=10 D 28","Remision":"G1/70689","CveCiudad":"GDL","NombreVendedor":"RODOLFO ARREDONDO"},{"Id_Viaje":3039427,"IDPedido":582948,"CargaViaje":5,"IDPlanta":31,"NombrePlantaViaje":"G3-Tlajomulco","IDUnidad":190,"NombreUnidad":"CR-081","IDOperador":102,"NombreOperador":"ALFONSO OVALLE","IDEstatusViaje":1,"NombreEstatus":"Despachado","FechaInicio":"2/16/2026 12:00:00 AM","HoraInicio":"08:30","HoraFin":"10:30","IDObra":4250010,"NombreObra":"acatlan 2","IDClienteSAE":4250,"NombreCliente":"CONSTRUCTORA SOLURG","IDUso":1,"NombreUso":"Banqueta","IDProducto":2646,"NombreProducto":"CONCRETO f\u0027c:150 Ag=10 Rev:10 A1 D","Remision":"G3/49903","CveCiudad":"GDL","NombreVendedor":"RODOLFO ARREDONDO"},{"Id_Viaje":3039429,"IDPedido":582688,"CargaViaje":3.5,"IDPlanta":31,"NombrePlantaViaje":"G3-Tlajomulco","IDUnidad":151,"NombreUnidad":"CR-086","IDOperador":102,"NombreOperador":"ALFONSO OVALLE","IDEstatusViaje":1,"NombreEstatus":"Despachado","FechaInicio":"2/16/2026 12:00:00 AM","HoraInicio":"09:00","HoraFin":"11:00","IDObra":5916003,"NombreObra":"LA TIJERA","IDClienteSAE":5916,"NombreCliente":"ARQUED CONSTRUCTOR DE OCCIDENTE","IDUso":39,"NombreUso":"Dado","IDProducto":11448,"NombreProducto":"CONCRETO f\u0027c=250 Ag=20 Rev=10 D 28","Remision":"G3/49904","CveCiudad":"GDL","NombreVendedor":"RODOLFO ARREDONDO"},{"Id_Viaje":3039431,"IDPedido":582949,"CargaViaje":6,"IDPlanta":31,"NombrePlantaViaje":"G3-Tlajomulco","IDUnidad":149,"NombreUnidad":"CR-102","IDOperador":102,"NombreOperador":"ALFONSO OVALLE","IDEstatusViaje":1,"NombreEstatus":"Despachado","FechaInicio":"2/16/2026 12:00:00 AM","HoraInicio":"09:30","HoraFin":"11:30","IDObra":4250010,"NombreObra":"acatlan 2","IDClienteSAE":4250,"NombreCliente":"CONSTRUCTORA SOLURG","IDUso":1,"NombreUso":"Banqueta","IDProducto":11448,"NombreProducto":"CONCRETO f\u0027c=250 Ag=20 Rev=10 D 28","Remision":"G3/49909","CveCiudad":"GDL","NombreVendedor":"RODOLFO ARREDONDO"},{"Id_Viaje":3039433,"IDPedido":582949,"CargaViaje":6,"IDPlanta":31,"NombrePlantaViaje":"G3-Tlajomulco","IDUnidad":150,"NombreUnidad":"CR-109","IDOperador":180,"NombreOperador":"EDUARDO ORTIZ","IDEstatusViaje":1,"NombreEstatus":"Despachado","FechaInicio":"2/16/2026 12:00:00 AM","HoraInicio":"09:40","HoraFin":"11:40","IDObra":4250010,"NombreObra":"acatlan 2","IDClienteSAE":4250,"NombreCliente":"CONSTRUCTORA SOLURG","IDUso":1,"NombreUso":"Banqueta","IDProducto":11448,"NombreProducto":"CONCRETO f\u0027c=250 Ag=20 Rev=10 D 28","Remision":"G3/49911","CveCiudad":"GDL","NombreVendedor":"RODOLFO ARREDONDO"},{"Id_Viaje":3039435,"IDPedido":582687,"CargaViaje":3.5,"IDPlanta":31,"NombrePlantaViaje":"G3-Tlajomulco","IDUnidad":191,"NombreUnidad":"CR-111","IDOperador":1635,"NombreOperador":"FERNANDO GIMENEZ","IDEstatusViaje":1,"NombreEstatus":"Despachado","FechaInicio":"2/16/2026 12:00:00 AM","HoraInicio":"10:00","HoraFin":"12:00","IDObra":5916003,"NombreObra":"LA TIJERA","IDClienteSAE":5916,"NombreCliente":"ARQUED CONSTRUCTOR DE OCCIDENTE","IDUso":39,"NombreUso":"Dado","IDProducto":11448,"NombreProducto":"CONCRETO f\u0027c=250 Ag=20 Rev=10 D 28","Remision":"G3/49906","CveCiudad":"GDL","NombreVendedor":"RODOLFO ARREDONDO"},{"Id_Viaje":3039437,"IDPedido":582951,"CargaViaje":7,"IDPlanta":31,"NombrePlantaViaje":"G3-Tlajomulco","IDUnidad":320,"NombreUnidad":"CR-131","IDOperador":736,"NombreOperador":"GREGORIO GONZALEZ","IDEstatusViaje":1,"NombreEstatus":"Despachado","FechaInicio":"2/16/2026 12:00:00 AM","HoraInicio":"12:00","HoraFin":"14:00","IDObra":4250012,"NombreObra":"zacoalco 2","IDClienteSAE":4250,"NombreCliente":"CONSTRUCTORA SOLURG","IDUso":8,"NombreUso":"Losa","IDProducto":2773,"NombreProducto":"CONCRETO MR:45 Ag=40 Rev:10 A1 D","Remision":"G3/49905","CveCiudad":"GDL","NombreVendedor":"RODOLFO ARREDONDO"},{"Id_Viaje":3039439,"IDPedido":582951,"CargaViaje":7,"IDPlanta":31,"NombrePlantaViaje":"G3-Tlajomulco","IDUnidad":321,"NombreUnidad":"CR-138","IDOperador":102,"NombreOperador":"ALFONSO OVALLE","IDEstatusViaje":1,"NombreEstatus":"Despachado","FechaInicio":"2/16/2026 12:00:00 AM","HoraInicio":"14:30","HoraFin":"16:30","IDObra":4250012,"NombreObra":"zacoalco 2","IDClienteSAE":4250,"NombreCliente":"CONSTRUCTORA SOLURG","IDUso":8,"NombreUso":"Losa","IDProducto":2773,"NombreProducto":"CONCRETO MR:45 Ag=40 Rev:10 A1 D","Remision":"G3/49907","CveCiudad":"GDL","NombreVendedor":"RODOLFO ARREDONDO"},{"Id_Viaje":3039441,"IDPedido":582952,"CargaViaje":7,"IDPlanta":31,"NombrePlantaViaje":"G3-Tlajomulco","IDUnidad":323,"NombreUnidad":"CR-176","IDOperador":102,"NombreOperador":"ALFONSO OVALLE","IDEstatusViaje":1,"NombreEstatus":"Despachado","FechaInicio":"2/16/2026 12:00:00 AM","HoraInicio":"13:00","HoraFin":"15:00","IDObra":6281001,"NombreObra":"CARRETERA ATEMAJAC DE BRIZUELA KM 2.5 COLONIA LA UREÑA C.P. 45766","IDClienteSAE":6281,"NombreCliente":"GAS LOS ALTOSS","IDUso":9,"NombreUso":"Muro","IDProducto":2700,"NombreProducto":"CONCRETO f\u0027c:250 Ag=20 Rev:14 A1 D","Remision":"G3/49908","CveCiudad":"GDL","NombreVendedor":"RODOLFO ARREDONDO"},{"Id_Viaje":3039443,"IDPedido":582952,"CargaViaje":4,"IDPlanta":31,"NombrePlantaViaje":"G3-Tlajomulco","IDUnidad":190,"NombreUnidad":"CR-081","IDOperador":102,"NombreOperador":"ALFONSO OVALLE","IDEstatusViaje":1,"NombreEstatus":"Despachado","FechaInicio":"2/16/2026 12:00:00 AM","HoraInicio":"16:00","HoraFin":"18:00","IDObra":6281001,"NombreObra":"CARRETERA ATEMAJAC DE BRIZUELA KM 2.5 COLONIA LA UREÑA C.P. 45766","IDClienteSAE":6281,"NombreCliente":"GAS LOS ALTOSS","IDUso":9,"NombreUso":"Muro","IDProducto":2700,"NombreProducto":"CONCRETO f\u0027c:250 Ag=20 Rev:14 A1 D","Remision":"G3/49910","CveCiudad":"GDL","NombreVendedor":"RODOLFO ARREDONDO"},{"Id_Viaje":3039455,"IDPedido":582955,"CargaViaje":7,"IDPlanta":36,"NombrePlantaViaje":"Q1-Apaseo","IDUnidad":104,"NombreUnidad":"CR-024","IDOperador":1524,"NombreOperador":"ALEJANDRO VALLEJO","IDEstatusViaje":2,"NombreEstatus":"Entregado","FechaInicio":"2/16/2026 12:00:00 AM","HoraInicio":"07:00","HoraFin":"09:00","IDObra":1366001,"NombreObra":"PLAZA ALAMOS","IDClienteSAE":1366,"NombreCliente":"GRUPO RESTAURANTERO OPUS","IDUso":11,"NombreUso":"Piso","IDProducto":10510,"NombreProducto":"CONCRETO MR=38 Ag=40 Rev=10 D 28","Remision":"Q1/11512","CveCiudad":"QRO","NombreVendedor":"MIGUEL ANGEL GUTIERREZ"},{"Id_Viaje":3039457,"IDPedido":582955,"CargaViaje":7,"IDPlanta":36,"NombrePlantaViaje":"Q1-Apaseo","IDUnidad":266,"NombreUnidad":"CR-136","IDOperador":1585,"NombreOperador":"CARLOS ANTONIO VILLALVA","IDEstatusViaje":2,"NombreEstatus":"Entregado","FechaInicio":"2/16/2026 12:00:00 AM","HoraInicio":"07:10","HoraFin":"09:10","IDObra":1366001,"NombreObra":"PLAZA ALAMOS","IDClienteSAE":1366,"NombreCliente":"GRUPO RESTAURANTERO OPUS","IDUso":11,"NombreUso":"Piso","IDProducto":10510,"NombreProducto":"CONCRETO MR=38 Ag=40 Rev=10 D 28","Remision":"Q1/11513","CveCiudad":"QRO","NombreVendedor":"MIGUEL ANGEL GUTIERREZ"},{"Id_Viaje":3039459,"IDPedido":582955,"CargaViaje":7,"IDPlanta":36,"NombrePlantaViaje":"Q1-Apaseo","IDUnidad":268,"NombreUnidad":"CR-137","IDOperador":1684,"NombreOperador":"BENJAMIN ROMAN","IDEstatusViaje":2,"NombreEstatus":"Entregado","FechaInicio":"2/16/2026 12:00:00 AM","HoraInicio":"07:20","HoraFin":"09:20","IDObra":1366001,"NombreObra":"PLAZA ALAMOS","IDClienteSAE":1366,"NombreCliente":"GRUPO RESTAURANTERO OPUS","IDUso":11,"NombreUso":"Piso","IDProducto":10510,"NombreProducto":"CONCRETO MR=38 Ag=40 Rev=10 D 28","Remision":"Q1/11514","CveCiudad":"QRO","NombreVendedor":"MIGUEL ANGEL GUTIERREZ"},{"Id_Viaje":3039461,"IDPedido":582955,"CargaViaje":7,"IDPlanta":36,"NombrePlantaViaje":"Q1-Apaseo","IDUnidad":383,"NombreUnidad":"CR-188","IDOperador":1655,"NombreOperador":"CARLOS ALARCÓN","IDEstatusViaje":2,"NombreEstatus":"Entregado","FechaInicio":"2/16/2026 12:00:00 AM","HoraInicio":"07:30","HoraFin":"09:30","IDObra":1366001,"NombreObra":"PLAZA ALAMOS","IDClienteSAE":1366,"NombreCliente":"GRUPO RESTAURANTERO OPUS","IDUso":11,"NombreUso":"Piso","IDProducto":10510,"NombreProducto":"CONCRETO MR=38 Ag=40 Rev=10 D 28","Remision":"Q1/11515","CveCiudad":"QRO","NombreVendedor":"MIGUEL ANGEL GUTIERREZ"},{"Id_Viaje":3039463,"IDPedido":582955,"CargaViaje":7,"IDPlanta":36,"NombrePlantaViaje":"Q1-Apaseo","IDUnidad":260,"NombreUnidad":"CR-206","IDOperador":1484,"NombreOperador":"JOSE HIPOLITO MEJIA","IDEstatusViaje":2,"NombreEstatus":"Entregado","FechaInicio":"2/16/2026 12:00:00 AM","HoraInicio":"07:40","HoraFin":"09:40","IDObra":1366001,"NombreObra":"PLAZA ALAMOS","IDClienteSAE":1366,"NombreCliente":"GRUPO RESTAURANTERO OPUS","IDUso":11,"NombreUso":"Piso","IDProducto":10510,"NombreProducto":"CONCRETO MR=38 Ag=40 Rev=10 D 28","Remision":"Q1/11517","CveCiudad":"QRO","NombreVendedor":"MIGUEL ANGEL GUTIERREZ"},{"Id_Viaje":3039465,"IDPedido":582956,"CargaViaje":7,"IDPlanta":36,"NombrePlantaViaje":"Q1-Apaseo","IDUnidad":274,"NombreUnidad":"CR-208","IDOperador":1647,"NombreOperador":"JOSE GUADALUPE LEDESMA","IDEstatusViaje":2,"NombreEstatus":"Entregado","FechaInicio":"2/16/2026 12:00:00 AM","HoraInicio":"07:00","HoraFin":"09:00","IDObra":927001,"NombreObra":"el faro de los cisnes","IDClienteSAE":927,"NombreCliente":"CONSTRUCTORA EL FARO DE LOS CISNES","IDUso":1,"NombreUso":"Banqueta","IDProducto":4400,"NombreProducto":"CONCRETO f\u0027c=150 Ag=20 Rev=14 D 28","Remision":"Q1/11516","CveCiudad":"QRO","NombreVendedor":"MIGUEL ANGEL GUTIERREZ"},{"Id_Viaje":3039467,"IDPedido":582957,"CargaViaje":2.5,"IDPlanta":23,"NombrePlantaViaje":"L1-Leon","IDUnidad":351,"NombreUnidad":"CR-237-DRH","IDOperador":1623,"NombreOperador":"JORGE IGNACIO NEGRETE","IDEstatusViaje":1,"NombreEstatus":"Despachado","FechaInicio":"2/16/2026 12:00:00 AM","HoraInicio":"07:00","HoraFin":"09:00","IDObra":1004013,"NombreObra":"sacromonte 7","IDClienteSAE":1004,"NombreCliente":"INMOBILIARIA GESTORIA Y ASESORIA","IDUso":85,"NombreUso":"Cochera","IDProducto":1217,"NombreProducto":"CONCRETO f\u0027c:150 Ag=20 Rev:10 A1 D","Remision":"L1/41030","CveCiudad":"LEON","NombreVendedor":"OFICINA MATRIZ"},{"Id_Viaje":3039469,"IDPedido":582971,"CargaViaje":5,"IDPlanta":30,"NombrePlantaViaje":"P1-Coronango","IDUnidad":195,"NombreUnidad":"CR-158","IDOperador":1006,"NombreOperador":"VICTOR MANUEL HERNANDEZ","IDEstatusViaje":1,"NombreEstatus":"Despachado","FechaInicio":"2/16/2026 12:00:00 AM","HoraInicio":"07:30","HoraFin":"09:30","IDObra":845011,"NombreObra":"fracc platiniO","IDClienteSAE":845,"NombreCliente":"GRUPO BRECASA","IDUso":21,"NombreUso":"Castillos","IDProducto":11315,"NombreProducto":"CONCRETO f\u0027c=200 Ag=10 Rev=14 D 28","Remision":"P1/38575","CveCiudad":"PUE","NombreVendedor":"VENDEDOR PUEBLA ."},{"Id_Viaje":3039475,"IDPedido":582955,"CargaViaje":7,"IDPlanta":36,"NombrePlantaViaje":"Q1-Apaseo","IDUnidad":104,"NombreUnidad":"CR-024","IDOperador":1524,"NombreOperador":"ALEJANDRO VALLEJO","IDEstatusViaje":2,"NombreEstatus":"Entregado","FechaInicio":"2/16/2026 12:00:00 AM","HoraInicio":"09:10","HoraFin":"11:10","IDObra":1366001,"NombreObra":"PLAZA ALAMOS","IDClienteSAE":1366,"NombreCliente":"GRUPO RESTAURANTERO OPUS","IDUso":11,"NombreUso":"Piso","IDProducto":10510,"NombreProducto":"CONCRETO MR=38 Ag=40 Rev=10 D 28","Remision":"Q1/11518","CveCiudad":"QRO","NombreVendedor":"MIGUEL ANGEL GUTIERREZ"},{"Id_Viaje":3039477,"IDPedido":582955,"CargaViaje":7,"IDPlanta":36,"NombrePlantaViaje":"Q1-Apaseo","IDUnidad":382,"NombreUnidad":"CR-9RH","IDOperador":1586,"NombreOperador":"RAMIRO HERNANDEZ","IDEstatusViaje":2,"NombreEstatus":"Entregado","FechaInicio":"2/16/2026 12:00:00 AM","HoraInicio":"09:20","HoraFin":"11:20","IDObra":1366001,"NombreObra":"PLAZA ALAMOS","IDClienteSAE":1366,"NombreCliente":"GRUPO RESTAURANTERO OPUS","IDUso":11,"NombreUso":"Piso","IDProducto":10510,"NombreProducto":"CONCRETO MR=38 Ag=40 Rev=10 D 28","Remision":"Q1/11519","CveCiudad":"QRO","NombreVendedor":"MIGUEL ANGEL GUTIERREZ"},{"Id_Viaje":3039479,"IDPedido":582978,"CargaViaje":5,"IDPlanta":16,"NombrePlantaViaje":"M6-Juarez","IDUnidad":371,"NombreUnidad":"CR-008","IDOperador":1199,"NombreOperador":"GABRIEL RIVERA","IDEstatusViaje":2,"NombreEstatus":"Entregado","FechaInicio":"2/16/2026 12:00:00 AM","HoraInicio":"08:30","HoraFin":"10:30","IDObra":9882010,"NombreObra":"LOS LERMAS","IDClienteSAE":9882,"NombreCliente":"FINISTERRE CAPITAL","IDUso":16,"NombreUso":"Cerramiento","IDProducto":575,"NombreProducto":"CONCRETO f\u0027c=200 Ag=20 Rev=12 A1 D","Remision":"M6/67107","CveCiudad":"MTY","NombreVendedor":"ENRIQUE ALVAREZ"},{"Id_Viaje":3039481,"IDPedido":582965,"CargaViaje":7.5,"IDPlanta":34,"NombrePlantaViaje":"A2-San Francisco","IDUnidad":122,"NombreUnidad":"CR-043-","IDOperador":1067,"NombreOperador":"JUAN HUMBERTO MARQUEZ","IDEstatusViaje":1,"NombreEstatus":"Despachado","FechaInicio":"2/16/2026 12:00:00 AM","HoraInicio":"08:30","HoraFin":"10:30","IDObra":4964005,"NombreObra":"CALLE FRONTERA","IDClienteSAE":4964,"NombreCliente":"CONSTRUCTORA SAN JOSE PREMIER","IDUso":8,"NombreUso":"Losa","IDProducto":2557,"NombreProducto":"CONCRETO f\u0027c:250 Ag=20 Rev:14 R7 B","Remision":"A2/41605","CveCiudad":"AGS","NombreVendedor":"HECTOR VILLANUEVA"},{"Id_Viaje":3039485,"IDPedido":582967,"CargaViaje":7.5,"IDPlanta":20,"NombrePlantaViaje":"A1-Ojo Caliente","IDUnidad":48,"NombreUnidad":"CR-063 ZRB","IDOperador":1500,"NombreOperador":"RICARDO CHAVEZ","IDEstatusViaje":1,"NombreEstatus":"Despachado","FechaInicio":"2/16/2026 12:00:00 AM","HoraInicio":"00:00","HoraFin":"02:00","IDObra":1327013,"NombreObra":"GRANNA","IDClienteSAE":1327,"NombreCliente":"GUILLERMO LOPEZ THOMAE","IDUso":8,"NombreUso":"Losa","IDProducto":1022,"NombreProducto":"CONCRETO f\u0027c:200 Ag=20 Rev:14 A1 B","Remision":"A1/96481","CveCiudad":"AGS","NombreVendedor":"CASA CASA"},{"Id_Viaje":3039493,"IDPedido":582963,"CargaViaje":7,"IDPlanta":20,"NombrePlantaViaje":"A1-Ojo Caliente","IDUnidad":115,"NombreUnidad":"CR-069","IDOperador":209,"NombreOperador":"MARCO DE LEON","IDEstatusViaje":1,"NombreEstatus":"Despachado","FechaInicio":"2/16/2026 12:00:00 AM","HoraInicio":"00:20","HoraFin":"02:20","IDObra":2820038,"NombreObra":"GPE PERALTA","IDClienteSAE":2820,"NombreCliente":"URBANIZACIONES ARGU","IDUso":7,"NombreUso":"Firme","IDProducto":1014,"NombreProducto":"CONCRETO f\u0027c:200 Ag=20. Rev: 10 A1 D","Remision":"A1/96482","CveCiudad":"AGS","NombreVendedor":"CASA CASA"},{"Id_Viaje":3039495,"IDPedido":582963,"CargaViaje":7,"IDPlanta":20,"NombrePlantaViaje":"A1-Ojo Caliente","IDUnidad":108,"NombreUnidad":"CR-098 2RD","IDOperador":1503,"NombreOperador":"ALBERTO HERNANDEZ","IDEstatusViaje":1,"NombreEstatus":"Despachado","FechaInicio":"2/16/2026 12:00:00 AM","HoraInicio":"00:30","HoraFin":"02:30","IDObra":2820038,"NombreObra":"GPE PERALTA","IDClienteSAE":2820,"NombreCliente":"URBANIZACIONES ARGU","IDUso":7,"NombreUso":"Firme","IDProducto":1014,"NombreProducto":"CONCRETO f\u0027c:200 Ag=20. Rev: 10 A1 D","Remision":"A1/96483","CveCiudad":"AGS","NombreVendedor":"CASA CASA"},{"Id_Viaje":3039497,"IDPedido":582963,"CargaViaje":7,"IDPlanta":20,"NombrePlantaViaje":"A1-Ojo Caliente","IDUnidad":113,"NombreUnidad":"CR-140 CRE","IDOperador":1501,"NombreOperador":"ANTONIO NAVARRO","IDEstatusViaje":1,"NombreEstatus":"Despachado","FechaInicio":"2/16/2026 12:00:00 AM","HoraInicio":"00:40","HoraFin":"02:40","IDObra":2820038,"NombreObra":"GPE PERALTA","IDClienteSAE":2820,"NombreCliente":"URBANIZACIONES ARGU","IDUso":7,"NombreUso":"Firme","IDProducto":1014,"NombreProducto":"CONCRETO f\u0027c:200 Ag=20. Rev: 10 A1 D","Remision":"A1/96484","CveCiudad":"AGS","NombreVendedor":"CASA CASA"},{"Id_Viaje":3039505,"IDPedido":582984,"CargaViaje":6,"IDPlanta":36,"NombrePlantaViaje":"Q1-Apaseo","IDUnidad":275,"NombreUnidad":"CR-209","IDOperador":1488,"NombreOperador":"RAMON HERNANDEZ","IDEstatusViaje":2,"NombreEstatus":"Entregado","FechaInicio":"2/16/2026 12:00:00 AM","HoraInicio":"09:30","HoraFin":"11:30","IDObra":313001,"NombreObra":"HACIENDA SUR","IDClienteSAE":313,"NombreCliente":"VALLE DE LOS MEZQUITES","IDUso":2,"NombreUso":"Cimentacion","IDProducto":4351,"NombreProducto":"CONCRETO f\u0027c=200 Ag=20 Rev=10 D 28","Remision":"Q1/11520","CveCiudad":"QRO","NombreVendedor":"YIMI EDUARDO VAZQUEZ"},{"Id_Viaje":3039509,"IDPedido":582937,"CargaViaje":7,"IDPlanta":11,"NombrePlantaViaje":"M4-Centro","IDUnidad":315,"NombreUnidad":"CR-232","IDOperador":1452,"NombreOperador":"VICTOR LOPEZ","IDEstatusViaje":2,"NombreEstatus":"Entregado","FechaInicio":"2/16/2026 12:00:00 AM","HoraInicio":"07:30","HoraFin":"09:30","IDObra":12150004,"NombreObra":"SANTTE","IDClienteSAE":12150,"NombreCliente":"MAQUINARIA Y CONSTRUCTORA SEPULVEDA DE MONTERREY","IDUso":8,"NombreUso":"Losa","IDProducto":491,"NombreProducto":"CONCRETO f\u0027c=200 Ag=20 Rev=14 A1 B","Remision":"M4/89161","CveCiudad":"MTY","NombreVendedor":"CESAR LUNA"},{"Id_Viaje":3039513,"IDPedido":582959,"CargaViaje":1,"IDPlanta":23,"NombrePlantaViaje":"L1-Leon","IDUnidad":352,"NombreUnidad":"CR-246-NRH","IDOperador":522,"NombreOperador":"[LIBRE] .","IDEstatusViaje":1,"NombreEstatus":"Despachado","FechaInicio":"2/16/2026 12:00:00 AM","HoraInicio":"10:00","HoraFin":"12:00","IDObra":2784008,"NombreObra":"RUBA BOSQUES DE BREDA","IDClienteSAE":2784,"NombreCliente":"RUBA DESARROLLOS","IDUso":21,"NombreUso":"Castillos","IDProducto":11655,"NombreProducto":"CONCRETO f\u0027c=200 Ag=10 Rev=14 D 28","Remision":"L1/41031","CveCiudad":"LEON","NombreVendedor":"OFICINA MATRIZ"},{"Id_Viaje":3039515,"IDPedido":582701,"CargaViaje":3,"IDPlanta":18,"NombrePlantaViaje":"M7-Salinas","IDUnidad":242,"NombreUnidad":"CR - 150","IDOperador":1750,"NombreOperador":"BARTOLO HERNANDEZ","IDEstatusViaje":2,"NombreEstatus":"Entregado","FechaInicio":"2/16/2026 12:00:00 AM","HoraInicio":"13:30","HoraFin":"15:30","IDObra":9727006,"NombreObra":"fracc. quadro residencial","IDClienteSAE":9727,"NombreCliente":"CONCRETA ESPACIOS HABITACIONALES","IDUso":1,"NombreUso":"Banqueta","IDProducto":480,"NombreProducto":"CONCRETO f\u0027c=100 Ag=20 Rev=10 A1 D","Remision":"M7/41056","CveCiudad":"MTY","NombreVendedor":"ENRIQUE ALVAREZ"},{"Id_Viaje":3039517,"IDPedido":582904,"CargaViaje":2,"IDPlanta":19,"NombrePlantaViaje":"M1-Apodaca","IDUnidad":371,"NombreUnidad":"CR-008","IDOperador":1199,"NombreOperador":"GABRIEL RIVERA","IDEstatusViaje":2,"NombreEstatus":"Entregado","FechaInicio":"2/16/2026 12:00:00 AM","HoraInicio":"23:10","HoraFin":"23:40","IDObra":9876033,"NombreObra":"privada mugnano","IDClienteSAE":9876,"NombreCliente":"MX CONSTRUCCIONES","IDUso":7,"NombreUso":"Firme","IDProducto":483,"NombreProducto":"CONCRETO f\u0027c=200 Ag=20. Rev=10 A1 D","Remision":"M1/91175","CveCiudad":"MTY","NombreVendedor":"ENRIQUE ALVAREZ"},{"Id_Viaje":3039527,"IDPedido":582977,"CargaViaje":4,"IDPlanta":34,"NombrePlantaViaje":"A2-San Francisco","IDUnidad":112,"NombreUnidad":"CR-154 TRE","IDOperador":1504,"NombreOperador":"HUGO MEDINA","IDEstatusViaje":1,"NombreEstatus":"Despachado","FechaInicio":"2/16/2026 12:00:00 AM","HoraInicio":"11:00","HoraFin":"13:00","IDObra":4510002,"NombreObra":"CONSTITUCION","IDClienteSAE":4510,"NombreCliente":"MARIA MAGDALENA CULEBRO PINTO","IDUso":1,"NombreUso":"Banqueta","IDProducto":1012,"NombreProducto":"CONCRETO f\u0027c:150 Ag=20 Rev:10 A1 D","Remision":"A2/41606","CveCiudad":"AGS","NombreVendedor":"HECTOR VILLANUEVA"},{"Id_Viaje":3039529,"IDPedido":582994,"CargaViaje":7,"IDPlanta":15,"NombrePlantaViaje":"M5-Santiago","IDUnidad":28,"NombreUnidad":"CR-241","IDOperador":1509,"NombreOperador":"JUAN LUIS ROCHA","IDEstatusViaje":2,"NombreEstatus":"Entregado","FechaInicio":"2/16/2026 12:00:00 AM","HoraInicio":"13:00","HoraFin":"15:00","IDObra":8894027,"NombreObra":"residencial viento nuevo","IDClienteSAE":8894,"NombreCliente":"ACRE PROMOTORA","IDUso":8,"NombreUso":"Losa","IDProducto":491,"NombreProducto":"CONCRETO f\u0027c=200 Ag=20 Rev=14 A1 B","Remision":"M5/37091","CveCiudad":"MTY","NombreVendedor":"ENRIQUE ALVAREZ"},{"Id_Viaje":3039532,"IDPedido":582997,"CargaViaje":5.5,"IDPlanta":20,"NombrePlantaViaje":"A1-Ojo Caliente","IDUnidad":350,"NombreUnidad":"CR-047","IDOperador":1076,"NombreOperador":"EZEQUIEL SANDOVAL","IDEstatusViaje":1,"NombreEstatus":"Despachado","FechaInicio":"2/16/2026 12:00:00 AM","HoraInicio":"01:10","HoraFin":"03:10","IDObra":5024002,"NombreObra":"MATANCILLAS","IDClienteSAE":5024,"NombreCliente":"LUIS CASTRO","IDUso":7,"NombreUso":"Firme","IDProducto":12113,"NombreProducto":"CONCRETO f\u0027c=150 Ag=3/8 Rev=10 D 03","Remision":"A1/96485","CveCiudad":"AGS","NombreVendedor":"HECTOR VILLANUEVA"},{"Id_Viaje":3039534,"IDPedido":582997,"CargaViaje":5,"IDPlanta":20,"NombrePlantaViaje":"A1-Ojo Caliente","IDUnidad":116,"NombreUnidad":"CR-098","IDOperador":44,"NombreOperador":"ALBERTO HERRERA","IDEstatusViaje":1,"NombreEstatus":"Despachado","FechaInicio":"2/16/2026 12:00:00 AM","HoraInicio":"01:20","HoraFin":"03:20","IDObra":5024002,"NombreObra":"MATANCILLAS","IDClienteSAE":5024,"NombreCliente":"LUIS CASTRO","IDUso":7,"NombreUso":"Firme","IDProducto":12113,"NombreProducto":"CONCRETO f\u0027c=150 Ag=3/8 Rev=10 D 03","Remision":"A1/96486","CveCiudad":"AGS","NombreVendedor":"HECTOR VILLANUEVA"},{"Id_Viaje":3039538,"IDPedido":582998,"CargaViaje":4,"IDPlanta":11,"NombrePlantaViaje":"M4-Centro","IDUnidad":214,"NombreUnidad":"CR-170","IDOperador":1722,"NombreOperador":"EDGAR JAVIER MARROQUIN","IDEstatusViaje":2,"NombreEstatus":"Entregado","FechaInicio":"2/16/2026 12:00:00 AM","HoraInicio":"13:30","HoraFin":"15:30","IDObra":11455004,"NombreObra":"luno departamentos","IDClienteSAE":11455,"NombreCliente":"ALFA ARQUITECTURA BIENES RAICES","IDUso":2,"NombreUso":"Cimentacion","IDProducto":513,"NombreProducto":"CONCRETO f\u0027c=200 Ag=20 Rev=14 A1 D","Remision":"M4/89164","CveCiudad":"MTY","NombreVendedor":"CESAR LUNA"},{"Id_Viaje":3039540,"IDPedido":582966,"CargaViaje":5,"IDPlanta":34,"NombrePlantaViaje":"A2-San Francisco","IDUnidad":328,"NombreUnidad":"CR-178","IDOperador":916,"NombreOperador":"CESAR DIAZ DE LEON","IDEstatusViaje":1,"NombreEstatus":"Despachado","FechaInicio":"2/16/2026 12:00:00 AM","HoraInicio":"11:00","HoraFin":"13:00","IDObra":4634004,"NombreObra":"MARENGO","IDClienteSAE":4634,"NombreCliente":"VAAR DISEÑO Y CONSTRUCCIONES","IDUso":8,"NombreUso":"Losa","IDProducto":1155,"NombreProducto":"CONCRETO f\u0027c:200 Ag=20 Rev:14 R7 B","Remision":"A2/41607","CveCiudad":"AGS","NombreVendedor":"JOSE ROBERTO MARMOLEJO"},{"Id_Viaje":3039542,"IDPedido":582966,"CargaViaje":4,"IDPlanta":34,"NombrePlantaViaje":"A2-San Francisco","IDUnidad":327,"NombreUnidad":"CR-201 9RG","IDOperador":1502,"NombreOperador":"JUAN FELIPE MARENTES","IDEstatusViaje":1,"NombreEstatus":"Despachado","FechaInicio":"2/16/2026 12:00:00 AM","HoraInicio":"11:10","HoraFin":"13:10","IDObra":4634004,"NombreObra":"MARENGO","IDClienteSAE":4634,"NombreCliente":"VAAR DISEÑO Y CONSTRUCCIONES","IDUso":8,"NombreUso":"Losa","IDProducto":1155,"NombreProducto":"CONCRETO f\u0027c:200 Ag=20 Rev:14 R7 B","Remision":"A2/41608","CveCiudad":"AGS","NombreVendedor":"JOSE ROBERTO MARMOLEJO"},{"Id_Viaje":3039544,"IDPedido":583003,"CargaViaje":6,"IDPlanta":15,"NombrePlantaViaje":"M5-Santiago","IDUnidad":216,"NombreUnidad":"CR-227","IDOperador":1468,"NombreOperador":"JOSE LUIS ESPARZA","IDEstatusViaje":2,"NombreEstatus":"Entregado","FechaInicio":"2/16/2026 12:00:00 AM","HoraInicio":"14:00","HoraFin":"16:00","IDObra":541061,"NombreObra":"ANTIGUA SUR","IDClienteSAE":541,"NombreCliente":"DESARROLLOS LOCSA","IDUso":5,"NombreUso":"Cordon","IDProducto":483,"NombreProducto":"CONCRETO f\u0027c=200 Ag=20. Rev=10 A1 D","Remision":"M5/37089","CveCiudad":"MTY","NombreVendedor":"GUILLERMO RAMA HERRERA"},{"Id_Viaje":3039546,"IDPedido":582858,"CargaViaje":5,"IDPlanta":19,"NombrePlantaViaje":"M1-Apodaca","IDUnidad":71,"NombreUnidad":"CR-038","IDOperador":1508,"NombreOperador":"VICTOR MANUEL CAMARILLO","IDEstatusViaje":2,"NombreEstatus":"Entregado","FechaInicio":"2/16/2026 12:00:00 AM","HoraInicio":"13:00","HoraFin":"15:00","IDObra":12154003,"NombreObra":"heb la fe","IDClienteSAE":12154,"NombreCliente":"EDIFICADORA INDUSTRIAL DEL RIO","IDUso":1,"NombreUso":"Banqueta","IDProducto":513,"NombreProducto":"CONCRETO f\u0027c=200 Ag=20 Rev=14 A1 D","Remision":"M1/91177","CveCiudad":"MTY","NombreVendedor":"CESAR LUNA"},{"Id_Viaje":3039556,"IDPedido":582937,"CargaViaje":7,"IDPlanta":15,"NombrePlantaViaje":"M5-Santiago","IDUnidad":315,"NombreUnidad":"CR-232","IDOperador":1452,"NombreOperador":"VICTOR LOPEZ","IDEstatusViaje":2,"NombreEstatus":"Entregado","FechaInicio":"2/16/2026 12:00:00 AM","HoraInicio":"23:30","HoraFin":"01:30","IDObra":12150004,"NombreObra":"SANTTE","IDClienteSAE":12150,"NombreCliente":"MAQUINARIA Y CONSTRUCTORA SEPULVEDA DE MONTERREY","IDUso":8,"NombreUso":"Losa","IDProducto":491,"NombreProducto":"CONCRETO f\u0027c=200 Ag=20 Rev=14 A1 B","Remision":"M5/37090","CveCiudad":"MTY","NombreVendedor":"CESAR LUNA"},{"Id_Viaje":3039558,"IDPedido":583005,"CargaViaje":5,"IDPlanta":20,"NombrePlantaViaje":"A1-Ojo Caliente","IDUnidad":112,"NombreUnidad":"CR-154 TRE","IDOperador":1504,"NombreOperador":"HUGO MEDINA","IDEstatusViaje":1,"NombreEstatus":"Despachado","FechaInicio":"2/16/2026 12:00:00 AM","HoraInicio":"01:50","HoraFin":"03:50","IDObra":4964004,"NombreObra":"BOSQUE PROVIDENCIA","IDClienteSAE":4964,"NombreCliente":"CONSTRUCTORA SAN JOSE PREMIER","IDUso":7,"NombreUso":"Firme","IDProducto":1012,"NombreProducto":"CONCRETO f\u0027c:150 Ag=20 Rev:10 A1 D","Remision":"A1/96488","CveCiudad":"AGS","NombreVendedor":"HECTOR VILLANUEVA"},{"Id_Viaje":3039578,"IDPedido":583009,"CargaViaje":5,"IDPlanta":36,"NombrePlantaViaje":"Q1-Apaseo","IDUnidad":276,"NombreUnidad":"CR-212","IDOperador":1614,"NombreOperador":"MANUEL VARGAS","IDEstatusViaje":2,"NombreEstatus":"Entregado","FechaInicio":"2/16/2026 12:00:00 AM","HoraInicio":"13:00","HoraFin":"15:00","IDObra":945010,"NombreObra":"PARQUE IND. CALAMANDA NEVADON","IDClienteSAE":945,"NombreCliente":"VAAR DISEÑO Y CONSTRUCCIONES","IDUso":13,"NombreUso":"Trabes","IDProducto":12108,"NombreProducto":"Concreto f´c=200 ag=10 rev=14 D 28","Remision":"Q1/11521","CveCiudad":"QRO","NombreVendedor":"MIGUEL ANGEL GUTIERREZ"},{"Id_Viaje":3039613,"IDPedido":583011,"CargaViaje":3,"IDPlanta":36,"NombrePlantaViaje":"Q1-Apaseo","IDUnidad":278,"NombreUnidad":"CR-218","IDOperador":1068,"NombreOperador":"HONORIO ISIDRO LOPEZ","IDEstatusViaje":2,"NombreEstatus":"Entregado","FechaInicio":"2/16/2026 12:00:00 AM","HoraInicio":"13:00","HoraFin":"15:00","IDObra":1012001,"NombreObra":"arimatea - meseta habitatt","IDClienteSAE":1012,"NombreCliente":"INMOBILIARIA GESTORIA Y ASESORIA","IDUso":15,"NombreUso":"Zapatas","IDProducto":4355,"NombreProducto":"CONCRETO f\u0027c=250 Ag=20 Rev=10 D 28","Remision":"Q1/11522","CveCiudad":"QRO","NombreVendedor":"YIMI EDUARDO VAZQUEZ"},{"Id_Viaje":3039649,"IDPedido":582996,"CargaViaje":5,"IDPlanta":34,"NombrePlantaViaje":"A2-San Francisco","IDUnidad":48,"NombreUnidad":"CR-063 ZRB","IDOperador":1500,"NombreOperador":"RICARDO CHAVEZ","IDEstatusViaje":1,"NombreEstatus":"Despachado","FechaInicio":"2/16/2026 12:00:00 AM","HoraInicio":"15:00","HoraFin":"17:00","IDObra":5013001,"NombreObra":"RESIDENCIAL VALDELUZ","IDClienteSAE":5013,"NombreCliente":"EDUARDO DE LA ROSA MORALES","IDUso":7,"NombreUso":"Firme","IDProducto":1014,"NombreProducto":"CONCRETO f\u0027c:200 Ag=20. Rev: 10 A1 D","Remision":"A2/41609","CveCiudad":"AGS","NombreVendedor":"CASA CASA"},{"Id_Viaje":3039653,"IDPedido":582612,"CargaViaje":3,"IDPlanta":16,"NombrePlantaViaje":"M6-Juarez","IDUnidad":40,"NombreUnidad":"CR-031","IDOperador":1157,"NombreOperador":"JUAN JOSE ROSARIO LOPEZ","IDEstatusViaje":2,"NombreEstatus":"Entregado","FechaInicio":"2/16/2026 12:00:00 AM","HoraInicio":"23:20","HoraFin":"23:50","IDObra":9876034,"NombreObra":"corfu residencial","IDClienteSAE":9876,"NombreCliente":"MX CONSTRUCCIONES","IDUso":24,"NombreUso":"Pilotes","IDProducto":483,"NombreProducto":"CONCRETO f\u0027c=200 Ag=20. Rev=10 A1 D","Remision":"M6/67111","CveCiudad":"MTY","NombreVendedor":"ENRIQUE ALVAREZ"},{"Id_Viaje":3039655,"IDPedido":582816,"CargaViaje":7,"IDPlanta":19,"NombrePlantaViaje":"M1-Apodaca","IDUnidad":371,"NombreUnidad":"CR-008","IDOperador":1199,"NombreOperador":"GABRIEL RIVERA","IDEstatusViaje":2,"NombreEstatus":"Entregado","FechaInicio":"2/16/2026 12:00:00 AM","HoraInicio":"21:10","HoraFin":"21:40","IDObra":11623002,"NombreObra":"sungwoo hitech apartament","IDClienteSAE":11623,"NombreCliente":"TAEINS MEXICO","IDUso":1,"NombreUso":"Banqueta","IDProducto":551,"NombreProducto":"CONCRETO f\u0027c=250 Ag=20 Rev=14 A1 D","Remision":"M1/91180","CveCiudad":"MTY","NombreVendedor":"CASA PROGRAMACION"},{"Id_Viaje":3039657,"IDPedido":582969,"CargaViaje":7,"IDPlanta":20,"NombrePlantaViaje":"A1-Ojo Caliente","IDUnidad":48,"NombreUnidad":"CR-063 ZRB","IDOperador":1500,"NombreOperador":"RICARDO CHAVEZ","IDEstatusViaje":1,"NombreEstatus":"Despachado","FechaInicio":"2/16/2026 12:00:00 AM","HoraInicio":"02:00","HoraFin":"04:00","IDObra":4964002,"NombreObra":"BOSQUES PROVIDENCIA","IDClienteSAE":4964,"NombreCliente":"CONSTRUCTORA SAN JOSE PREMIER","IDUso":8,"NombreUso":"Losa","IDProducto":1160,"NombreProducto":"CONCRETO f\u0027c:200 Ag=20 Rev:14 R3 B","Remision":"A1/96489","CveCiudad":"AGS","NombreVendedor":"HECTOR VILLANUEVA"},{"Id_Viaje":3039659,"IDPedido":582970,"CargaViaje":2,"IDPlanta":20,"NombrePlantaViaje":"A1-Ojo Caliente","IDUnidad":107,"NombreUnidad":"CR-050","IDOperador":677,"NombreOperador":"EDMUNDO DE LOERA","IDEstatusViaje":1,"NombreEstatus":"Despachado","FechaInicio":"2/16/2026 12:00:00 AM","HoraInicio":"02:20","HoraFin":"04:20","IDObra":4964002,"NombreObra":"BOSQUES PROVIDENCIA","IDClienteSAE":4964,"NombreCliente":"CONSTRUCTORA SAN JOSE PREMIER","IDUso":8,"NombreUso":"Losa","IDProducto":1160,"NombreProducto":"CONCRETO f\u0027c:200 Ag=20 Rev:14 R3 B","Remision":"A1/96490","CveCiudad":"AGS","NombreVendedor":"HECTOR VILLANUEVA"},{"Id_Viaje":3039663,"IDPedido":583015,"CargaViaje":2,"IDPlanta":36,"NombrePlantaViaje":"Q1-Apaseo","IDUnidad":279,"NombreUnidad":"CR-228","IDOperador":1612,"NombreOperador":"LUIS ALBERTO REYES","IDEstatusViaje":2,"NombreEstatus":"Entregado","FechaInicio":"2/16/2026 12:00:00 AM","HoraInicio":"14:30","HoraFin":"16:30","IDObra":1012001,"NombreObra":"arimatea - meseta habitatt","IDClienteSAE":1012,"NombreCliente":"INMOBILIARIA GESTORIA Y ASESORIA","IDUso":21,"NombreUso":"Castillos","IDProducto":10455,"NombreProducto":"CONCRETO f\u0027c=150 Ag=10 Rev=10 D 28","Remision":"Q1/11523","CveCiudad":"QRO","NombreVendedor":"YIMI EDUARDO VAZQUEZ"},{"Id_Viaje":3039665,"IDPedido":582961,"CargaViaje":2.5,"IDPlanta":23,"NombrePlantaViaje":"L1-Leon","IDUnidad":165,"NombreUnidad":"CR-207 FRG","IDOperador":1634,"NombreOperador":"JOSE GUADALUPE POZOS","IDEstatusViaje":1,"NombreEstatus":"Despachado","FechaInicio":"2/16/2026 12:00:00 AM","HoraInicio":"15:00","HoraFin":"17:00","IDObra":2784008,"NombreObra":"RUBA BOSQUES DE BREDA","IDClienteSAE":2784,"NombreCliente":"RUBA DESARROLLOS","IDUso":21,"NombreUso":"Castillos","IDProducto":11655,"NombreProducto":"CONCRETO f\u0027c=200 Ag=10 Rev=14 D 28","Remision":"L1/41032","CveCiudad":"LEON","NombreVendedor":"OFICINA MATRIZ"},{"Id_Viaje":3039667,"IDPedido":582962,"CargaViaje":2,"IDPlanta":23,"NombrePlantaViaje":"L1-Leon","IDUnidad":292,"NombreUnidad":"CR-210 JRG","IDOperador":1609,"NombreOperador":"ANDRES GONZALEZ","IDEstatusViaje":1,"NombreEstatus":"Despachado","FechaInicio":"2/16/2026 12:00:00 AM","HoraInicio":"15:00","HoraFin":"17:00","IDObra":1004013,"NombreObra":"sacromonte 7","IDClienteSAE":1004,"NombreCliente":"INMOBILIARIA GESTORIA Y ASESORIA","IDUso":21,"NombreUso":"Castillos","IDProducto":11361,"NombreProducto":"CONCRETO f\u0027c=150 Ag=10 Rev=14 D 28","Remision":"L1/41033","CveCiudad":"LEON","NombreVendedor":"OFICINA MATRIZ"},{"Id_Viaje":3039669,"IDPedido":583017,"CargaViaje":1.5,"IDPlanta":30,"NombrePlantaViaje":"P1-Coronango","IDUnidad":196,"NombreUnidad":"CR-159","IDOperador":1013,"NombreOperador":"ALEJANDRO ARCE","IDEstatusViaje":1,"NombreEstatus":"Despachado","FechaInicio":"2/16/2026 12:00:00 AM","HoraInicio":"15:00","HoraFin":"17:00","IDObra":1211008,"NombreObra":"JARDINES DEL ameyal","IDClienteSAE":1211,"NombreCliente":"OPERADORA ALTUS","IDUso":21,"NombreUso":"Castillos","IDProducto":11315,"NombreProducto":"CONCRETO f\u0027c=200 Ag=10 Rev=14 D 28","Remision":"P1/38576","CveCiudad":"PUE","NombreVendedor":"VENDEDOR PUEBLA ."},{"Id_Viaje":3039714,"IDPedido":582995,"CargaViaje":5,"IDPlanta":20,"NombrePlantaViaje":"A1-Ojo Caliente","IDUnidad":108,"NombreUnidad":"CR-098 2RD","IDOperador":1503,"NombreOperador":"ALBERTO HERNANDEZ","IDEstatusViaje":1,"NombreEstatus":"Despachado","FechaInicio":"2/16/2026 12:00:00 AM","HoraInicio":"03:00","HoraFin":"05:00","IDObra":5025001,"NombreObra":"LOMAS DEL CHAPULIN","IDClienteSAE":5025,"NombreCliente":"JOSEFA PADILLA CAPUCHINO","IDUso":8,"NombreUso":"Losa","IDProducto":1042,"NombreProducto":"CONCRETO f\u0027c:250 Ag=20 Rev:14 A1 B","Remision":"A1/96491","CveCiudad":"AGS","NombreVendedor":"CASA CASA"},{"Id_Viaje":3039720,"IDPedido":582938,"CargaViaje":3.5,"IDPlanta":16,"NombrePlantaViaje":"M6-Juarez","IDUnidad":315,"NombreUnidad":"CR-232","IDOperador":1452,"NombreOperador":"VICTOR LOPEZ","IDEstatusViaje":2,"NombreEstatus":"Entregado","FechaInicio":"2/16/2026 12:00:00 AM","HoraInicio":"23:30","HoraFin":"01:30","IDObra":12150002,"NombreObra":"VISTAS DEL SEMINARIO QUINTO SECTOR","IDClienteSAE":12150,"NombreCliente":"MAQUINARIA Y CONSTRUCTORA SEPULVEDA DE MONTERREY","IDUso":8,"NombreUso":"Losa","IDProducto":491,"NombreProducto":"CONCRETO f\u0027c=200 Ag=20 Rev=14 A1 B","Remision":"M6/67115","CveCiudad":"MTY","NombreVendedor":"CESAR LUNA"},{"Id_Viaje":3039770,"IDPedido":582994,"CargaViaje":1.5,"IDPlanta":15,"NombrePlantaViaje":"M5-Santiago","IDUnidad":71,"NombreUnidad":"CR-038","IDOperador":1508,"NombreOperador":"VICTOR MANUEL CAMARILLO","IDEstatusViaje":2,"NombreEstatus":"Entregado","FechaInicio":"2/16/2026 12:00:00 AM","HoraInicio":"23:10","HoraFin":"23:40","IDObra":8894027,"NombreObra":"residencial viento nuevo","IDClienteSAE":8894,"NombreCliente":"ACRE PROMOTORA","IDUso":8,"NombreUso":"Losa","IDProducto":491,"NombreProducto":"CONCRETO f\u0027c=200 Ag=20 Rev=14 A1 B","Remision":"M5/37092","CveCiudad":"MTY","NombreVendedor":"ENRIQUE ALVAREZ"},{"Id_Viaje":3039778,"IDPedido":582949,"CargaViaje":6,"IDPlanta":31,"NombrePlantaViaje":"G3-Tlajomulco","IDUnidad":316,"NombreUnidad":"CR-013","IDOperador":40,"NombreOperador":"JUAN PABLO ESCOBAR","IDEstatusViaje":1,"NombreEstatus":"Despachado","FechaInicio":"2/16/2026 12:00:00 AM","HoraInicio":"17:00","HoraFin":"19:00","IDObra":4250010,"NombreObra":"acatlan 2","IDClienteSAE":4250,"NombreCliente":"CONSTRUCTORA SOLURG","IDUso":1,"NombreUso":"Banqueta","IDProducto":11448,"NombreProducto":"CONCRETO f\u0027c=250 Ag=20 Rev=10 D 28","Remision":"G3/49912","CveCiudad":"GDL","NombreVendedor":"RODOLFO ARREDONDO"},{"Id_Viaje":3039780,"IDPedido":582949,"CargaViaje":6,"IDPlanta":31,"NombrePlantaViaje":"G3-Tlajomulco","IDUnidad":317,"NombreUnidad":"CR-023","IDOperador":481,"NombreOperador":"[LIBRE] LIBRE","IDEstatusViaje":1,"NombreEstatus":"Despachado","FechaInicio":"2/16/2026 12:00:00 AM","HoraInicio":"17:10","HoraFin":"19:10","IDObra":4250010,"NombreObra":"acatlan 2","IDClienteSAE":4250,"NombreCliente":"CONSTRUCTORA SOLURG","IDUso":1,"NombreUso":"Banqueta","IDProducto":11448,"NombreProducto":"CONCRETO f\u0027c=250 Ag=20 Rev=10 D 28","Remision":"G3/49913","CveCiudad":"GDL","NombreVendedor":"RODOLFO ARREDONDO"}]