[{"Id_Viaje":3039511,"IDPedido":582985,"CargaViaje":5.5,"IDPlanta":16,"NombrePlantaViaje":"M6-Juarez","IDUnidad":371,"NombreUnidad":"CR-008","IDOperador":1199,"NombreOperador":"GABRIEL RIVERA","IDEstatusViaje":2,"NombreEstatus":"Entregado","FechaInicio":"2/21/2026 12:00:00 AM","HoraInicio":"09:00","HoraFin":"11:00","IDObra":12040002,"NombreObra":"dalias ii residencial","IDClienteSAE":12040,"NombreCliente":"BLANCA NELLY HERRERA FLORES","IDUso":8,"NombreUso":"Losa","IDProducto":513,"NombreProducto":"CONCRETO f\u0027c=200 Ag=20 Rev=14 A1 D","Remision":"M6/67150","CveCiudad":"MTY","NombreVendedor":"OMAR HECTOR ARTEAGA"},{"Id_Viaje":3039989,"IDPedido":583067,"CargaViaje":4.5,"IDPlanta":7,"NombrePlantaViaje":"M2-Escobedo","IDUnidad":339,"NombreUnidad":"CR- 243","IDOperador":1552,"NombreOperador":"JOSE ISAIAS ROCHA","IDEstatusViaje":2,"NombreEstatus":"Entregado","FechaInicio":"2/21/2026 12:00:00 AM","HoraInicio":"10:00","HoraFin":"12:00","IDObra":12173006,"NombreObra":"santuario","IDClienteSAE":12173,"NombreCliente":"ENALTE DESARROLLOS INMOBILIARIOS","IDUso":17,"NombreUso":"Escalera","IDProducto":513,"NombreProducto":"CONCRETO f\u0027c=200 Ag=20 Rev=14 A1 D","Remision":"M2/79980","CveCiudad":"MTY","NombreVendedor":"OMAR HECTOR ARTEAGA"},{"Id_Viaje":3040172,"IDPedido":583085,"CargaViaje":7,"IDPlanta":7,"NombrePlantaViaje":"M2-Escobedo","IDUnidad":38,"NombreUnidad":"CR-120","IDOperador":1517,"NombreOperador":"JESUS ALBERTO SAUCEDA","IDEstatusViaje":2,"NombreEstatus":"Entregado","FechaInicio":"2/21/2026 12:00:00 AM","HoraInicio":"07:00","HoraFin":"09:00","IDObra":11046009,"NombreObra":"POLITEK","IDClienteSAE":11046,"NombreCliente":"PEROLI CONSTRUCCIONES","IDUso":7,"NombreUso":"Firme","IDProducto":485,"NombreProducto":"CONCRETO f\u0027c=250 Ag=20 Rev=10 A1 D","Remision":"M2/79981","CveCiudad":"MTY","NombreVendedor":"ENRIQUE ALVAREZ"},{"Id_Viaje":3040174,"IDPedido":583085,"CargaViaje":7,"IDPlanta":7,"NombrePlantaViaje":"M2-Escobedo","IDUnidad":375,"NombreUnidad":"CR-121","IDOperador":78,"NombreOperador":"CARLOS ALBERTO VILLARREAL","IDEstatusViaje":2,"NombreEstatus":"Entregado","FechaInicio":"2/21/2026 12:00:00 AM","HoraInicio":"07:10","HoraFin":"09:10","IDObra":11046009,"NombreObra":"POLITEK","IDClienteSAE":11046,"NombreCliente":"PEROLI CONSTRUCCIONES","IDUso":7,"NombreUso":"Firme","IDProducto":485,"NombreProducto":"CONCRETO f\u0027c=250 Ag=20 Rev=10 A1 D","Remision":"M2/79982","CveCiudad":"MTY","NombreVendedor":"ENRIQUE ALVAREZ"},{"Id_Viaje":3040180,"IDPedido":583085,"CargaViaje":7,"IDPlanta":7,"NombrePlantaViaje":"M2-Escobedo","IDUnidad":370,"NombreUnidad":"CR-203","IDOperador":644,"NombreOperador":"ALEJANDRO QUEZADA","IDEstatusViaje":2,"NombreEstatus":"Entregado","FechaInicio":"2/21/2026 12:00:00 AM","HoraInicio":"07:40","HoraFin":"09:40","IDObra":11046009,"NombreObra":"POLITEK","IDClienteSAE":11046,"NombreCliente":"PEROLI CONSTRUCCIONES","IDUso":7,"NombreUso":"Firme","IDProducto":485,"NombreProducto":"CONCRETO f\u0027c=250 Ag=20 Rev=10 A1 D","Remision":"M2/79987","CveCiudad":"MTY","NombreVendedor":"ENRIQUE ALVAREZ"},{"Id_Viaje":3040182,"IDPedido":583085,"CargaViaje":7,"IDPlanta":7,"NombrePlantaViaje":"M2-Escobedo","IDUnidad":340,"NombreUnidad":"CR-219","IDOperador":1122,"NombreOperador":"NOE CASTILLO","IDEstatusViaje":2,"NombreEstatus":"Entregado","FechaInicio":"2/21/2026 12:00:00 AM","HoraInicio":"07:50","HoraFin":"09:50","IDObra":11046009,"NombreObra":"POLITEK","IDClienteSAE":11046,"NombreCliente":"PEROLI CONSTRUCCIONES","IDUso":7,"NombreUso":"Firme","IDProducto":485,"NombreProducto":"CONCRETO f\u0027c=250 Ag=20 Rev=10 A1 D","Remision":"M2/79985","CveCiudad":"MTY","NombreVendedor":"ENRIQUE ALVAREZ"},{"Id_Viaje":3040339,"IDPedido":583130,"CargaViaje":7,"IDPlanta":11,"NombrePlantaViaje":"M4-Centro","IDUnidad":78,"NombreUnidad":"CR-062","IDOperador":1478,"NombreOperador":"VICTOR HUGO MARTINEZ","IDEstatusViaje":2,"NombreEstatus":"Entregado","FechaInicio":"2/21/2026 12:00:00 AM","HoraInicio":"07:30","HoraFin":"09:30","IDObra":11594002,"NombreObra":"depas san nicolas","IDClienteSAE":11594,"NombreCliente":"PROYECTOS NEM","IDUso":7,"NombreUso":"Firme","IDProducto":491,"NombreProducto":"CONCRETO f\u0027c=200 Ag=20 Rev=14 A1 B","Remision":"M4/89231","CveCiudad":"MTY","NombreVendedor":"GUILLERMO RAMA HERRERA"},{"Id_Viaje":3040361,"IDPedido":583139,"CargaViaje":6,"IDPlanta":15,"NombrePlantaViaje":"M5-Santiago","IDUnidad":28,"NombreUnidad":"CR-241","IDOperador":1509,"NombreOperador":"JUAN LUIS ROCHA","IDEstatusViaje":2,"NombreEstatus":"Entregado","FechaInicio":"2/21/2026 12:00:00 AM","HoraInicio":"10:00","HoraFin":"12:00","IDObra":541061,"NombreObra":"ANTIGUA SUR","IDClienteSAE":541,"NombreCliente":"DESARROLLOS LOCSA","IDUso":5,"NombreUso":"Cordon","IDProducto":483,"NombreProducto":"CONCRETO f\u0027c=200 Ag=20. Rev=10 A1 D","Remision":"M5/37108","CveCiudad":"MTY","NombreVendedor":"GUILLERMO RAMA HERRERA"},{"Id_Viaje":3040979,"IDPedido":583234,"CargaViaje":4,"IDPlanta":16,"NombrePlantaViaje":"M6-Juarez","IDUnidad":347,"NombreUnidad":"CR-099","IDOperador":1190,"NombreOperador":"SAUL GUAJARDO","IDEstatusViaje":2,"NombreEstatus":"Entregado","FechaInicio":"2/21/2026 12:00:00 AM","HoraInicio":"07:00","HoraFin":"09:00","IDObra":12233001,"NombreObra":"BOSQUES DE LA SILLA","IDClienteSAE":12233,"NombreCliente":"ROBERTO CARLOS RAMIREZ LLANAS","IDUso":7,"NombreUso":"Firme","IDProducto":483,"NombreProducto":"CONCRETO f\u0027c=200 Ag=20. Rev=10 A1 D","Remision":"M6/67158","CveCiudad":"MTY","NombreVendedor":"CASA PROGRAMACION"},{"Id_Viaje":3040995,"IDPedido":583238,"CargaViaje":7,"IDPlanta":11,"NombrePlantaViaje":"M4-Centro","IDUnidad":210,"NombreUnidad":"CR-166","IDOperador":1198,"NombreOperador":"ALEJANDRO TREVIÑO","IDEstatusViaje":2,"NombreEstatus":"Entregado","FechaInicio":"2/21/2026 12:00:00 AM","HoraInicio":"09:10","HoraFin":"11:10","IDObra":12241001,"NombreObra":"bodega cfe estacion y griega","IDClienteSAE":12241,"NombreCliente":"JEMAYEL","IDUso":7,"NombreUso":"Firme","IDProducto":12115,"NombreProducto":"CONCRETO MR=35 Ag=20 Rev=14 D 28","Remision":"M4/89232","CveCiudad":"MTY","NombreVendedor":"ENRIQUE ALVAREZ"},{"Id_Viaje":3040999,"IDPedido":583238,"CargaViaje":7,"IDPlanta":11,"NombrePlantaViaje":"M4-Centro","IDUnidad":213,"NombreUnidad":"CR-171","IDOperador":1610,"NombreOperador":"MOISES ISRAEL HERNANDEZ","IDEstatusViaje":2,"NombreEstatus":"Entregado","FechaInicio":"2/21/2026 12:00:00 AM","HoraInicio":"09:30","HoraFin":"11:30","IDObra":12241001,"NombreObra":"bodega cfe estacion y griega","IDClienteSAE":12241,"NombreCliente":"JEMAYEL","IDUso":7,"NombreUso":"Firme","IDProducto":12115,"NombreProducto":"CONCRETO MR=35 Ag=20 Rev=14 D 28","Remision":"M4/89233","CveCiudad":"MTY","NombreVendedor":"ENRIQUE ALVAREZ"},{"Id_Viaje":3041001,"IDPedido":583238,"CargaViaje":7,"IDPlanta":11,"NombrePlantaViaje":"M4-Centro","IDUnidad":212,"NombreUnidad":"CR-172","IDOperador":1741,"NombreOperador":"YAUDEL VILLAMONTE","IDEstatusViaje":2,"NombreEstatus":"Entregado","FechaInicio":"2/21/2026 12:00:00 AM","HoraInicio":"09:40","HoraFin":"11:40","IDObra":12241001,"NombreObra":"bodega cfe estacion y griega","IDClienteSAE":12241,"NombreCliente":"JEMAYEL","IDUso":7,"NombreUso":"Firme","IDProducto":12115,"NombreProducto":"CONCRETO MR=35 Ag=20 Rev=14 D 28","Remision":"M4/89236","CveCiudad":"MTY","NombreVendedor":"ENRIQUE ALVAREZ"},{"Id_Viaje":3041063,"IDPedido":583254,"CargaViaje":4,"IDPlanta":16,"NombrePlantaViaje":"M6-Juarez","IDUnidad":133,"NombreUnidad":"CR-124","IDOperador":1546,"NombreOperador":"VICTOR ADRIAN HERNANDEZ","IDEstatusViaje":2,"NombreEstatus":"Entregado","FechaInicio":"2/21/2026 12:00:00 AM","HoraInicio":"06:30","HoraFin":"08:30","IDObra":12040002,"NombreObra":"dalias ii residencial","IDClienteSAE":12040,"NombreCliente":"BLANCA NELLY HERRERA FLORES","IDUso":1,"NombreUso":"Banqueta","IDProducto":1512,"NombreProducto":"CONCRETO f\u0027c=100 Ag=20 Rev=14 A1 D","Remision":"M6/67159","CveCiudad":"MTY","NombreVendedor":"OMAR HECTOR ARTEAGA"},{"Id_Viaje":3041178,"IDPedido":583282,"CargaViaje":6,"IDPlanta":7,"NombrePlantaViaje":"M2-Escobedo","IDUnidad":273,"NombreUnidad":"CR-243","IDOperador":1552,"NombreOperador":"JOSE ISAIAS ROCHA","IDEstatusViaje":1,"NombreEstatus":"Despachado","FechaInicio":"2/21/2026 12:00:00 AM","HoraInicio":"13:30","HoraFin":"15:30","IDObra":1534016,"NombreObra":"PLANTA MOYEDA","IDClienteSAE":1534,"NombreCliente":"CONSTRUCTORA MOYEDA","IDUso":14,"NombreUso":"Viga","IDProducto":11985,"NombreProducto":"CONCRETO f\u0027c=450 Ag20 Rv22B8036 Grn CTem Ceniza25","Remision":"M2/79991","CveCiudad":"MTY","NombreVendedor":"CASA PROGRAMACION"},{"Id_Viaje":3041180,"IDPedido":583282,"CargaViaje":6,"IDPlanta":7,"NombrePlantaViaje":"M2-Escobedo","IDUnidad":136,"NombreUnidad":"CR-245","IDOperador":1680,"NombreOperador":"PAULO AMERICO","IDEstatusViaje":1,"NombreEstatus":"Despachado","FechaInicio":"2/21/2026 12:00:00 AM","HoraInicio":"13:40","HoraFin":"15:40","IDObra":1534016,"NombreObra":"PLANTA MOYEDA","IDClienteSAE":1534,"NombreCliente":"CONSTRUCTORA MOYEDA","IDUso":14,"NombreUso":"Viga","IDProducto":11985,"NombreProducto":"CONCRETO f\u0027c=450 Ag20 Rv22B8036 Grn CTem Ceniza25","Remision":"M2/79992","CveCiudad":"MTY","NombreVendedor":"CASA PROGRAMACION"},{"Id_Viaje":3041182,"IDPedido":583282,"CargaViaje":6,"IDPlanta":7,"NombrePlantaViaje":"M2-Escobedo","IDUnidad":339,"NombreUnidad":"CR- 243","IDOperador":1552,"NombreOperador":"JOSE ISAIAS ROCHA","IDEstatusViaje":1,"NombreEstatus":"Despachado","FechaInicio":"2/21/2026 12:00:00 AM","HoraInicio":"13:50","HoraFin":"15:50","IDObra":1534016,"NombreObra":"PLANTA MOYEDA","IDClienteSAE":1534,"NombreCliente":"CONSTRUCTORA MOYEDA","IDUso":14,"NombreUso":"Viga","IDProducto":11985,"NombreProducto":"CONCRETO f\u0027c=450 Ag20 Rv22B8036 Grn CTem Ceniza25","Remision":"M2/79993","CveCiudad":"MTY","NombreVendedor":"CASA PROGRAMACION"},{"Id_Viaje":3041184,"IDPedido":583282,"CargaViaje":6,"IDPlanta":7,"NombrePlantaViaje":"M2-Escobedo","IDUnidad":309,"NombreUnidad":"CR-117","IDOperador":1470,"NombreOperador":"ERICK BENJAMIN HERRERA","IDEstatusViaje":1,"NombreEstatus":"Despachado","FechaInicio":"2/21/2026 12:00:00 AM","HoraInicio":"14:00","HoraFin":"16:00","IDObra":1534016,"NombreObra":"PLANTA MOYEDA","IDClienteSAE":1534,"NombreCliente":"CONSTRUCTORA MOYEDA","IDUso":14,"NombreUso":"Viga","IDProducto":11985,"NombreProducto":"CONCRETO f\u0027c=450 Ag20 Rv22B8036 Grn CTem Ceniza25","Remision":"M2/79994","CveCiudad":"MTY","NombreVendedor":"CASA PROGRAMACION"},{"Id_Viaje":3041186,"IDPedido":583282,"CargaViaje":7,"IDPlanta":7,"NombrePlantaViaje":"M2-Escobedo","IDUnidad":38,"NombreUnidad":"CR-120","IDOperador":1517,"NombreOperador":"JESUS ALBERTO SAUCEDA","IDEstatusViaje":1,"NombreEstatus":"Despachado","FechaInicio":"2/21/2026 12:00:00 AM","HoraInicio":"14:10","HoraFin":"16:10","IDObra":1534016,"NombreObra":"PLANTA MOYEDA","IDClienteSAE":1534,"NombreCliente":"CONSTRUCTORA MOYEDA","IDUso":14,"NombreUso":"Viga","IDProducto":11985,"NombreProducto":"CONCRETO f\u0027c=450 Ag20 Rv22B8036 Grn CTem Ceniza25","Remision":"M2/79995","CveCiudad":"MTY","NombreVendedor":"CASA PROGRAMACION"},{"Id_Viaje":3041202,"IDPedido":582862,"CargaViaje":7,"IDPlanta":19,"NombrePlantaViaje":"M1-Apodaca","IDUnidad":40,"NombreUnidad":"CR-031","IDOperador":1157,"NombreOperador":"JUAN JOSE ROSARIO LOPEZ","IDEstatusViaje":2,"NombreEstatus":"Entregado","FechaInicio":"2/21/2026 12:00:00 AM","HoraInicio":"07:30","HoraFin":"09:30","IDObra":12154003,"NombreObra":"heb la fe","IDClienteSAE":12154,"NombreCliente":"EDIFICADORA INDUSTRIAL DEL RIO","IDUso":1,"NombreUso":"Banqueta","IDProducto":513,"NombreProducto":"CONCRETO f\u0027c=200 Ag=20 Rev=14 A1 D","Remision":"M1/91237","CveCiudad":"MTY","NombreVendedor":"CESAR LUNA"},{"Id_Viaje":3041204,"IDPedido":582907,"CargaViaje":7,"IDPlanta":19,"NombrePlantaViaje":"M1-Apodaca","IDUnidad":71,"NombreUnidad":"CR-038","IDOperador":1508,"NombreOperador":"VICTOR MANUEL CAMARILLO","IDEstatusViaje":2,"NombreEstatus":"Entregado","FechaInicio":"2/21/2026 12:00:00 AM","HoraInicio":"08:30","HoraFin":"10:30","IDObra":9876033,"NombreObra":"privada mugnano","IDClienteSAE":9876,"NombreCliente":"MX CONSTRUCCIONES","IDUso":7,"NombreUso":"Firme","IDProducto":483,"NombreProducto":"CONCRETO f\u0027c=200 Ag=20. Rev=10 A1 D","Remision":"M1/91234","CveCiudad":"MTY","NombreVendedor":"ENRIQUE ALVAREZ"},{"Id_Viaje":3041206,"IDPedido":583287,"CargaViaje":7,"IDPlanta":7,"NombrePlantaViaje":"M2-Escobedo","IDUnidad":375,"NombreUnidad":"CR-121","IDOperador":78,"NombreOperador":"CARLOS ALBERTO VILLARREAL","IDEstatusViaje":2,"NombreEstatus":"Entregado","FechaInicio":"2/21/2026 12:00:00 AM","HoraInicio":"12:00","HoraFin":"14:00","IDObra":7080148,"NombreObra":"colombia","IDClienteSAE":7080,"NombreCliente":"CONSTRUCCIONES REFORZADAS","IDUso":5,"NombreUso":"Cordon","IDProducto":1559,"NombreProducto":"CONCRETO f\u0027c=250 Ag=20 Rev=08 A1 D","Remision":"M2/79990","CveCiudad":"MTY","NombreVendedor":"OMAR HECTOR ARTEAGA"},{"Id_Viaje":3041264,"IDPedido":583302,"CargaViaje":4,"IDPlanta":19,"NombrePlantaViaje":"M1-Apodaca","IDUnidad":144,"NombreUnidad":"CR-060","IDOperador":1535,"NombreOperador":"CRUZ HUMBERTO TREVIÑO","IDEstatusViaje":2,"NombreEstatus":"Entregado","FechaInicio":"2/21/2026 12:00:00 AM","HoraInicio":"10:00","HoraFin":"12:00","IDObra":12142002,"NombreObra":"casa blanca","IDClienteSAE":12142,"NombreCliente":"F \u0026 C CONSULTORIA Y CONSTRUCCION","IDUso":2,"NombreUso":"Cimentacion","IDProducto":513,"NombreProducto":"CONCRETO f\u0027c=200 Ag=20 Rev=14 A1 D","Remision":"M1/91235","CveCiudad":"MTY","NombreVendedor":"CESAR LUNA"},{"Id_Viaje":3041338,"IDPedido":583352,"CargaViaje":7,"IDPlanta":15,"NombrePlantaViaje":"M5-Santiago","IDUnidad":216,"NombreUnidad":"CR-227","IDOperador":1468,"NombreOperador":"JOSE LUIS ESPARZA","IDEstatusViaje":2,"NombreEstatus":"Entregado","FechaInicio":"2/21/2026 12:00:00 AM","HoraInicio":"07:30","HoraFin":"09:30","IDObra":12180001,"NombreObra":"LOS CRISTALES","IDClienteSAE":12180,"NombreCliente":"CONSTRUCTORA 394","IDUso":8,"NombreUso":"Losa","IDProducto":511,"NombreProducto":"CONCRETO f\u0027c=250 Ag=20 Rev=14 A1 B","Remision":"M5/37106","CveCiudad":"MTY","NombreVendedor":"CESAR LUNA"},{"Id_Viaje":3041340,"IDPedido":583352,"CargaViaje":7,"IDPlanta":15,"NombrePlantaViaje":"M5-Santiago","IDUnidad":28,"NombreUnidad":"CR-241","IDOperador":1509,"NombreOperador":"JUAN LUIS ROCHA","IDEstatusViaje":2,"NombreEstatus":"Entregado","FechaInicio":"2/21/2026 12:00:00 AM","HoraInicio":"07:40","HoraFin":"09:40","IDObra":12180001,"NombreObra":"LOS CRISTALES","IDClienteSAE":12180,"NombreCliente":"CONSTRUCTORA 394","IDUso":8,"NombreUso":"Losa","IDProducto":511,"NombreProducto":"CONCRETO f\u0027c=250 Ag=20 Rev=14 A1 B","Remision":"M5/37107","CveCiudad":"MTY","NombreVendedor":"CESAR LUNA"},{"Id_Viaje":3041373,"IDPedido":583370,"CargaViaje":7,"IDPlanta":7,"NombrePlantaViaje":"M2-Escobedo","IDUnidad":273,"NombreUnidad":"CR-243","IDOperador":1552,"NombreOperador":"JOSE ISAIAS ROCHA","IDEstatusViaje":2,"NombreEstatus":"Entregado","FechaInicio":"2/21/2026 12:00:00 AM","HoraInicio":"07:30","HoraFin":"09:30","IDObra":8894025,"NombreObra":"cumbres platino","IDClienteSAE":8894,"NombreCliente":"ACRE PROMOTORA","IDUso":8,"NombreUso":"Losa","IDProducto":491,"NombreProducto":"CONCRETO f\u0027c=200 Ag=20 Rev=14 A1 B","Remision":"M2/79983","CveCiudad":"MTY","NombreVendedor":"SILVIA LOZANO"},{"Id_Viaje":3041375,"IDPedido":583370,"CargaViaje":7,"IDPlanta":7,"NombrePlantaViaje":"M2-Escobedo","IDUnidad":136,"NombreUnidad":"CR-245","IDOperador":1680,"NombreOperador":"PAULO AMERICO","IDEstatusViaje":2,"NombreEstatus":"Entregado","FechaInicio":"2/21/2026 12:00:00 AM","HoraInicio":"07:40","HoraFin":"09:40","IDObra":8894025,"NombreObra":"cumbres platino","IDClienteSAE":8894,"NombreCliente":"ACRE PROMOTORA","IDUso":8,"NombreUso":"Losa","IDProducto":491,"NombreProducto":"CONCRETO f\u0027c=200 Ag=20 Rev=14 A1 B","Remision":"M2/79986","CveCiudad":"MTY","NombreVendedor":"SILVIA LOZANO"},{"Id_Viaje":3041377,"IDPedido":583370,"CargaViaje":7,"IDPlanta":7,"NombrePlantaViaje":"M2-Escobedo","IDUnidad":339,"NombreUnidad":"CR- 243","IDOperador":1552,"NombreOperador":"JOSE ISAIAS ROCHA","IDEstatusViaje":2,"NombreEstatus":"Entregado","FechaInicio":"2/21/2026 12:00:00 AM","HoraInicio":"07:50","HoraFin":"09:50","IDObra":8894025,"NombreObra":"cumbres platino","IDClienteSAE":8894,"NombreCliente":"ACRE PROMOTORA","IDUso":8,"NombreUso":"Losa","IDProducto":491,"NombreProducto":"CONCRETO f\u0027c=200 Ag=20 Rev=14 A1 B","Remision":"M2/79984","CveCiudad":"MTY","NombreVendedor":"SILVIA LOZANO"},{"Id_Viaje":3041380,"IDPedido":583373,"CargaViaje":6,"IDPlanta":31,"NombrePlantaViaje":"G3-Tlajomulco","IDUnidad":316,"NombreUnidad":"CR-013","IDOperador":40,"NombreOperador":"JUAN PABLO ESCOBAR","IDEstatusViaje":1,"NombreEstatus":"Despachado","FechaInicio":"2/21/2026 12:00:00 AM","HoraInicio":"08:00","HoraFin":"10:00","IDObra":6281001,"NombreObra":"CARRETERA ATEMAJAC DE BRIZUELA KM 2.5 COLONIA LA UREÑA C.P. 45766","IDClienteSAE":6281,"NombreCliente":"GAS LOS ALTOSS","IDUso":9,"NombreUso":"Muro","IDProducto":2700,"NombreProducto":"CONCRETO f\u0027c:250 Ag=20 Rev:14 A1 D","Remision":"G3/49930","CveCiudad":"GDL","NombreVendedor":"RODOLFO ARREDONDO"},{"Id_Viaje":3041382,"IDPedido":583373,"CargaViaje":6.5,"IDPlanta":31,"NombrePlantaViaje":"G3-Tlajomulco","IDUnidad":190,"NombreUnidad":"CR-081","IDOperador":102,"NombreOperador":"ALFONSO OVALLE","IDEstatusViaje":1,"NombreEstatus":"Despachado","FechaInicio":"2/21/2026 12:00:00 AM","HoraInicio":"08:10","HoraFin":"10:10","IDObra":6281001,"NombreObra":"CARRETERA ATEMAJAC DE BRIZUELA KM 2.5 COLONIA LA UREÑA C.P. 45766","IDClienteSAE":6281,"NombreCliente":"GAS LOS ALTOSS","IDUso":9,"NombreUso":"Muro","IDProducto":2700,"NombreProducto":"CONCRETO f\u0027c:250 Ag=20 Rev:14 A1 D","Remision":"G3/49929","CveCiudad":"GDL","NombreVendedor":"RODOLFO ARREDONDO"},{"Id_Viaje":3041384,"IDPedido":583371,"CargaViaje":7,"IDPlanta":13,"NombrePlantaViaje":"G1- VALLE DE LA MISERICORDIA","IDUnidad":317,"NombreUnidad":"CR-023","IDOperador":481,"NombreOperador":"[LIBRE] LIBRE","IDEstatusViaje":1,"NombreEstatus":"Despachado","FechaInicio":"2/21/2026 12:00:00 AM","HoraInicio":"08:00","HoraFin":"10:00","IDObra":4166034,"NombreObra":"Av. Camino Real a Colima \u0026 Av. Ramon Corona 45645 San Agustín Jal.","IDClienteSAE":4166,"NombreCliente":"TRIPOLI EMULSIONES","IDUso":1,"NombreUso":"Banqueta","IDProducto":2712,"NombreProducto":"CONCRETO f\u0027c:250 Ag=10 Rev:10 A1 D","Remision":"G1/70724","CveCiudad":"GDL","NombreVendedor":"FEDERICO GARCIA"},{"Id_Viaje":3041386,"IDPedido":583371,"CargaViaje":4.5,"IDPlanta":13,"NombrePlantaViaje":"G1- VALLE DE LA MISERICORDIA","IDUnidad":316,"NombreUnidad":"CR-013","IDOperador":40,"NombreOperador":"JUAN PABLO ESCOBAR","IDEstatusViaje":1,"NombreEstatus":"Despachado","FechaInicio":"2/21/2026 12:00:00 AM","HoraInicio":"10:00","HoraFin":"12:00","IDObra":4166034,"NombreObra":"Av. Camino Real a Colima \u0026 Av. Ramon Corona 45645 San Agustín Jal.","IDClienteSAE":4166,"NombreCliente":"TRIPOLI EMULSIONES","IDUso":1,"NombreUso":"Banqueta","IDProducto":2712,"NombreProducto":"CONCRETO f\u0027c:250 Ag=10 Rev:10 A1 D","Remision":"G1/70725","CveCiudad":"GDL","NombreVendedor":"FEDERICO GARCIA"},{"Id_Viaje":3041388,"IDPedido":583372,"CargaViaje":7,"IDPlanta":13,"NombrePlantaViaje":"G1- VALLE DE LA MISERICORDIA","IDUnidad":85,"NombreUnidad":"CR-110","IDOperador":735,"NombreOperador":"J NICOLAS FRANCO","IDEstatusViaje":1,"NombreEstatus":"Despachado","FechaInicio":"2/21/2026 12:00:00 AM","HoraInicio":"08:30","HoraFin":"10:30","IDObra":2949006,"NombreObra":"BUGAMBILIA ESQ ORQUIDEA COLONIA AGRICOLA","IDClienteSAE":2949,"NombreCliente":"ESTUDIOS SISTEMAS Y CONSTRUCCIONES","IDUso":8,"NombreUso":"Losa","IDProducto":2773,"NombreProducto":"CONCRETO MR:45 Ag=40 Rev:10 A1 D","Remision":"G1/70722","CveCiudad":"GDL","NombreVendedor":"MIGUEL BAUTISTA"},{"Id_Viaje":3041390,"IDPedido":583372,"CargaViaje":7,"IDPlanta":13,"NombrePlantaViaje":"G1- VALLE DE LA MISERICORDIA","IDUnidad":191,"NombreUnidad":"CR-111","IDOperador":1635,"NombreOperador":"FERNANDO GIMENEZ","IDEstatusViaje":1,"NombreEstatus":"Despachado","FechaInicio":"2/21/2026 12:00:00 AM","HoraInicio":"08:40","HoraFin":"10:40","IDObra":2949006,"NombreObra":"BUGAMBILIA ESQ ORQUIDEA COLONIA AGRICOLA","IDClienteSAE":2949,"NombreCliente":"ESTUDIOS SISTEMAS Y CONSTRUCCIONES","IDUso":8,"NombreUso":"Losa","IDProducto":2773,"NombreProducto":"CONCRETO MR:45 Ag=40 Rev:10 A1 D","Remision":"G1/70723","CveCiudad":"GDL","NombreVendedor":"MIGUEL BAUTISTA"},{"Id_Viaje":3041398,"IDPedido":583374,"CargaViaje":7,"IDPlanta":20,"NombrePlantaViaje":"A1-Ojo Caliente","IDUnidad":107,"NombreUnidad":"CR-050","IDOperador":677,"NombreOperador":"EDMUNDO DE LOERA","IDEstatusViaje":1,"NombreEstatus":"Despachado","FechaInicio":"2/21/2026 12:00:00 AM","HoraInicio":"04:00","HoraFin":"06:00","IDObra":2730002,"NombreObra":"ALBASERRADA","IDClienteSAE":2730,"NombreCliente":"GARCAM DESARROLLOS","IDUso":13,"NombreUso":"Trabes","IDProducto":1042,"NombreProducto":"CONCRETO f\u0027c:250 Ag=20 Rev:14 A1 B","Remision":"A1/96566","CveCiudad":"AGS","NombreVendedor":"HECTOR VILLANUEVA"},{"Id_Viaje":3041400,"IDPedido":583374,"CargaViaje":7,"IDPlanta":20,"NombrePlantaViaje":"A1-Ojo Caliente","IDUnidad":295,"NombreUnidad":"CR-065","IDOperador":675,"NombreOperador":"JUAN ANTONIO HERRERA","IDEstatusViaje":1,"NombreEstatus":"Despachado","FechaInicio":"2/21/2026 12:00:00 AM","HoraInicio":"04:10","HoraFin":"06:10","IDObra":2730002,"NombreObra":"ALBASERRADA","IDClienteSAE":2730,"NombreCliente":"GARCAM DESARROLLOS","IDUso":13,"NombreUso":"Trabes","IDProducto":1042,"NombreProducto":"CONCRETO f\u0027c:250 Ag=20 Rev:14 A1 B","Remision":"A1/96567","CveCiudad":"AGS","NombreVendedor":"HECTOR VILLANUEVA"},{"Id_Viaje":3041402,"IDPedido":583374,"CargaViaje":7,"IDPlanta":20,"NombrePlantaViaje":"A1-Ojo Caliente","IDUnidad":115,"NombreUnidad":"CR-069","IDOperador":209,"NombreOperador":"MARCO DE LEON","IDEstatusViaje":1,"NombreEstatus":"Despachado","FechaInicio":"2/21/2026 12:00:00 AM","HoraInicio":"04:20","HoraFin":"06:20","IDObra":2730002,"NombreObra":"ALBASERRADA","IDClienteSAE":2730,"NombreCliente":"GARCAM DESARROLLOS","IDUso":13,"NombreUso":"Trabes","IDProducto":1042,"NombreProducto":"CONCRETO f\u0027c:250 Ag=20 Rev:14 A1 B","Remision":"A1/96568","CveCiudad":"AGS","NombreVendedor":"HECTOR VILLANUEVA"},{"Id_Viaje":3041404,"IDPedido":583374,"CargaViaje":7,"IDPlanta":20,"NombrePlantaViaje":"A1-Ojo Caliente","IDUnidad":101,"NombreUnidad":"CR-071","IDOperador":45,"NombreOperador":"BRANDON ESTRADA","IDEstatusViaje":1,"NombreEstatus":"Despachado","FechaInicio":"2/21/2026 12:00:00 AM","HoraInicio":"04:30","HoraFin":"06:30","IDObra":2730002,"NombreObra":"ALBASERRADA","IDClienteSAE":2730,"NombreCliente":"GARCAM DESARROLLOS","IDUso":13,"NombreUso":"Trabes","IDProducto":1042,"NombreProducto":"CONCRETO f\u0027c:250 Ag=20 Rev:14 A1 B","Remision":"A1/96569","CveCiudad":"AGS","NombreVendedor":"HECTOR VILLANUEVA"},{"Id_Viaje":3041406,"IDPedido":583374,"CargaViaje":7,"IDPlanta":20,"NombrePlantaViaje":"A1-Ojo Caliente","IDUnidad":116,"NombreUnidad":"CR-098","IDOperador":44,"NombreOperador":"ALBERTO HERRERA","IDEstatusViaje":1,"NombreEstatus":"Despachado","FechaInicio":"2/21/2026 12:00:00 AM","HoraInicio":"04:40","HoraFin":"06:40","IDObra":2730002,"NombreObra":"ALBASERRADA","IDClienteSAE":2730,"NombreCliente":"GARCAM DESARROLLOS","IDUso":13,"NombreUso":"Trabes","IDProducto":1042,"NombreProducto":"CONCRETO f\u0027c:250 Ag=20 Rev:14 A1 B","Remision":"A1/96570","CveCiudad":"AGS","NombreVendedor":"HECTOR VILLANUEVA"},{"Id_Viaje":3041408,"IDPedido":583374,"CargaViaje":7,"IDPlanta":20,"NombrePlantaViaje":"A1-Ojo Caliente","IDUnidad":109,"NombreUnidad":"CR-106","IDOperador":49,"NombreOperador":"ANTONIO RAMIREZ","IDEstatusViaje":1,"NombreEstatus":"Despachado","FechaInicio":"2/21/2026 12:00:00 AM","HoraInicio":"04:50","HoraFin":"06:50","IDObra":2730002,"NombreObra":"ALBASERRADA","IDClienteSAE":2730,"NombreCliente":"GARCAM DESARROLLOS","IDUso":13,"NombreUso":"Trabes","IDProducto":1042,"NombreProducto":"CONCRETO f\u0027c:250 Ag=20 Rev:14 A1 B","Remision":"A1/96571","CveCiudad":"AGS","NombreVendedor":"HECTOR VILLANUEVA"},{"Id_Viaje":3041410,"IDPedido":583374,"CargaViaje":7,"IDPlanta":20,"NombrePlantaViaje":"A1-Ojo Caliente","IDUnidad":331,"NombreUnidad":"CR-140-","IDOperador":1419,"NombreOperador":"JUAN HUMBERTO MARQUEZ","IDEstatusViaje":1,"NombreEstatus":"Despachado","FechaInicio":"2/21/2026 12:00:00 AM","HoraInicio":"05:00","HoraFin":"07:00","IDObra":2730002,"NombreObra":"ALBASERRADA","IDClienteSAE":2730,"NombreCliente":"GARCAM DESARROLLOS","IDUso":13,"NombreUso":"Trabes","IDProducto":1042,"NombreProducto":"CONCRETO f\u0027c:250 Ag=20 Rev:14 A1 B","Remision":"A1/96572","CveCiudad":"AGS","NombreVendedor":"HECTOR VILLANUEVA"},{"Id_Viaje":3041412,"IDPedido":583374,"CargaViaje":7,"IDPlanta":20,"NombrePlantaViaje":"A1-Ojo Caliente","IDUnidad":106,"NombreUnidad":"CR-157","IDOperador":48,"NombreOperador":"ROBERTO GONGORA","IDEstatusViaje":1,"NombreEstatus":"Despachado","FechaInicio":"2/21/2026 12:00:00 AM","HoraInicio":"05:10","HoraFin":"07:10","IDObra":2730002,"NombreObra":"ALBASERRADA","IDClienteSAE":2730,"NombreCliente":"GARCAM DESARROLLOS","IDUso":13,"NombreUso":"Trabes","IDProducto":1042,"NombreProducto":"CONCRETO f\u0027c:250 Ag=20 Rev:14 A1 B","Remision":"A1/96573","CveCiudad":"AGS","NombreVendedor":"HECTOR VILLANUEVA"},{"Id_Viaje":3041414,"IDPedido":583374,"CargaViaje":7,"IDPlanta":20,"NombrePlantaViaje":"A1-Ojo Caliente","IDUnidad":329,"NombreUnidad":"CR-179","IDOperador":790,"NombreOperador":"JOSE RAUL DE LEON","IDEstatusViaje":1,"NombreEstatus":"Despachado","FechaInicio":"2/21/2026 12:00:00 AM","HoraInicio":"05:20","HoraFin":"07:20","IDObra":2730002,"NombreObra":"ALBASERRADA","IDClienteSAE":2730,"NombreCliente":"GARCAM DESARROLLOS","IDUso":13,"NombreUso":"Trabes","IDProducto":1042,"NombreProducto":"CONCRETO f\u0027c:250 Ag=20 Rev:14 A1 B","Remision":"A1/96574","CveCiudad":"AGS","NombreVendedor":"HECTOR VILLANUEVA"},{"Id_Viaje":3041416,"IDPedido":583374,"CargaViaje":7,"IDPlanta":20,"NombrePlantaViaje":"A1-Ojo Caliente","IDUnidad":168,"NombreUnidad":"CR-181","IDOperador":43,"NombreOperador":"CARLOS VALDEZ","IDEstatusViaje":1,"NombreEstatus":"Despachado","FechaInicio":"2/21/2026 12:00:00 AM","HoraInicio":"05:30","HoraFin":"07:30","IDObra":2730002,"NombreObra":"ALBASERRADA","IDClienteSAE":2730,"NombreCliente":"GARCAM DESARROLLOS","IDUso":13,"NombreUso":"Trabes","IDProducto":1042,"NombreProducto":"CONCRETO f\u0027c:250 Ag=20 Rev:14 A1 B","Remision":"A1/96575","CveCiudad":"AGS","NombreVendedor":"HECTOR VILLANUEVA"},{"Id_Viaje":3041418,"IDPedido":583374,"CargaViaje":7,"IDPlanta":20,"NombrePlantaViaje":"A1-Ojo Caliente","IDUnidad":358,"NombreUnidad":"CR-220 WRG","IDOperador":1505,"NombreOperador":"RAUL DE LEON","IDEstatusViaje":1,"NombreEstatus":"Despachado","FechaInicio":"2/21/2026 12:00:00 AM","HoraInicio":"05:40","HoraFin":"07:40","IDObra":2730002,"NombreObra":"ALBASERRADA","IDClienteSAE":2730,"NombreCliente":"GARCAM DESARROLLOS","IDUso":13,"NombreUso":"Trabes","IDProducto":1042,"NombreProducto":"CONCRETO f\u0027c:250 Ag=20 Rev:14 A1 B","Remision":"A1/96576","CveCiudad":"AGS","NombreVendedor":"HECTOR VILLANUEVA"},{"Id_Viaje":3041420,"IDPedido":583374,"CargaViaje":7,"IDPlanta":20,"NombrePlantaViaje":"A1-Ojo Caliente","IDUnidad":359,"NombreUnidad":"CR-25","IDOperador":48,"NombreOperador":"ROBERTO GONGORA","IDEstatusViaje":1,"NombreEstatus":"Despachado","FechaInicio":"2/21/2026 12:00:00 AM","HoraInicio":"05:50","HoraFin":"07:50","IDObra":2730002,"NombreObra":"ALBASERRADA","IDClienteSAE":2730,"NombreCliente":"GARCAM DESARROLLOS","IDUso":13,"NombreUso":"Trabes","IDProducto":1042,"NombreProducto":"CONCRETO f\u0027c:250 Ag=20 Rev:14 A1 B","Remision":"A1/96577","CveCiudad":"AGS","NombreVendedor":"HECTOR VILLANUEVA"},{"Id_Viaje":3041422,"IDPedido":583377,"CargaViaje":7,"IDPlanta":34,"NombrePlantaViaje":"A2-San Francisco","IDUnidad":122,"NombreUnidad":"CR-043-","IDOperador":1067,"NombreOperador":"JUAN HUMBERTO MARQUEZ","IDEstatusViaje":1,"NombreEstatus":"Despachado","FechaInicio":"2/21/2026 12:00:00 AM","HoraInicio":"06:00","HoraFin":"08:00","IDObra":4997001,"NombreObra":"PEPSICO","IDClienteSAE":4997,"NombreCliente":"LAMAK INSTALACIONES","IDUso":25,"NombreUso":"Pavimento","IDProducto":2606,"NombreProducto":"CONCRETO MR=42 Ag=40 Rev 10 R7 D","Remision":"A2/41680","CveCiudad":"AGS","NombreVendedor":"CASA CASA"},{"Id_Viaje":3041424,"IDPedido":583377,"CargaViaje":7,"IDPlanta":34,"NombrePlantaViaje":"A2-San Francisco","IDUnidad":350,"NombreUnidad":"CR-047","IDOperador":1076,"NombreOperador":"EZEQUIEL SANDOVAL","IDEstatusViaje":1,"NombreEstatus":"Despachado","FechaInicio":"2/21/2026 12:00:00 AM","HoraInicio":"06:10","HoraFin":"08:10","IDObra":4997001,"NombreObra":"PEPSICO","IDClienteSAE":4997,"NombreCliente":"LAMAK INSTALACIONES","IDUso":25,"NombreUso":"Pavimento","IDProducto":2606,"NombreProducto":"CONCRETO MR=42 Ag=40 Rev 10 R7 D","Remision":"A2/41681","CveCiudad":"AGS","NombreVendedor":"CASA CASA"},{"Id_Viaje":3041426,"IDPedido":583377,"CargaViaje":7,"IDPlanta":34,"NombrePlantaViaje":"A2-San Francisco","IDUnidad":48,"NombreUnidad":"CR-063 ZRB","IDOperador":1500,"NombreOperador":"RICARDO CHAVEZ","IDEstatusViaje":1,"NombreEstatus":"Despachado","FechaInicio":"2/21/2026 12:00:00 AM","HoraInicio":"06:20","HoraFin":"08:20","IDObra":4997001,"NombreObra":"PEPSICO","IDClienteSAE":4997,"NombreCliente":"LAMAK INSTALACIONES","IDUso":25,"NombreUso":"Pavimento","IDProducto":2606,"NombreProducto":"CONCRETO MR=42 Ag=40 Rev 10 R7 D","Remision":"A2/41682","CveCiudad":"AGS","NombreVendedor":"CASA CASA"},{"Id_Viaje":3041428,"IDPedido":583377,"CargaViaje":7,"IDPlanta":34,"NombrePlantaViaje":"A2-San Francisco","IDUnidad":108,"NombreUnidad":"CR-098 2RD","IDOperador":1503,"NombreOperador":"ALBERTO HERNANDEZ","IDEstatusViaje":1,"NombreEstatus":"Despachado","FechaInicio":"2/21/2026 12:00:00 AM","HoraInicio":"06:30","HoraFin":"08:30","IDObra":4997001,"NombreObra":"PEPSICO","IDClienteSAE":4997,"NombreCliente":"LAMAK INSTALACIONES","IDUso":25,"NombreUso":"Pavimento","IDProducto":2606,"NombreProducto":"CONCRETO MR=42 Ag=40 Rev 10 R7 D","Remision":"A2/41683","CveCiudad":"AGS","NombreVendedor":"CASA CASA"},{"Id_Viaje":3041430,"IDPedido":583377,"CargaViaje":7,"IDPlanta":34,"NombrePlantaViaje":"A2-San Francisco","IDUnidad":113,"NombreUnidad":"CR-140 CRE","IDOperador":1501,"NombreOperador":"ANTONIO NAVARRO","IDEstatusViaje":1,"NombreEstatus":"Despachado","FechaInicio":"2/21/2026 12:00:00 AM","HoraInicio":"06:40","HoraFin":"08:40","IDObra":4997001,"NombreObra":"PEPSICO","IDClienteSAE":4997,"NombreCliente":"LAMAK INSTALACIONES","IDUso":25,"NombreUso":"Pavimento","IDProducto":2606,"NombreProducto":"CONCRETO MR=42 Ag=40 Rev 10 R7 D","Remision":"A2/41685","CveCiudad":"AGS","NombreVendedor":"CASA CASA"},{"Id_Viaje":3041432,"IDPedido":583377,"CargaViaje":7,"IDPlanta":34,"NombrePlantaViaje":"A2-San Francisco","IDUnidad":112,"NombreUnidad":"CR-154 TRE","IDOperador":1504,"NombreOperador":"HUGO MEDINA","IDEstatusViaje":1,"NombreEstatus":"Despachado","FechaInicio":"2/21/2026 12:00:00 AM","HoraInicio":"06:50","HoraFin":"08:50","IDObra":4997001,"NombreObra":"PEPSICO","IDClienteSAE":4997,"NombreCliente":"LAMAK INSTALACIONES","IDUso":25,"NombreUso":"Pavimento","IDProducto":2606,"NombreProducto":"CONCRETO MR=42 Ag=40 Rev 10 R7 D","Remision":"A2/41686","CveCiudad":"AGS","NombreVendedor":"CASA CASA"},{"Id_Viaje":3041434,"IDPedido":583377,"CargaViaje":7,"IDPlanta":34,"NombrePlantaViaje":"A2-San Francisco","IDUnidad":328,"NombreUnidad":"CR-178","IDOperador":916,"NombreOperador":"CESAR DIAZ DE LEON","IDEstatusViaje":1,"NombreEstatus":"Despachado","FechaInicio":"2/21/2026 12:00:00 AM","HoraInicio":"07:00","HoraFin":"09:00","IDObra":4997001,"NombreObra":"PEPSICO","IDClienteSAE":4997,"NombreCliente":"LAMAK INSTALACIONES","IDUso":25,"NombreUso":"Pavimento","IDProducto":2606,"NombreProducto":"CONCRETO MR=42 Ag=40 Rev 10 R7 D","Remision":"A2/41687","CveCiudad":"AGS","NombreVendedor":"CASA CASA"},{"Id_Viaje":3041436,"IDPedido":583377,"CargaViaje":7,"IDPlanta":34,"NombrePlantaViaje":"A2-San Francisco","IDUnidad":327,"NombreUnidad":"CR-201 9RG","IDOperador":1502,"NombreOperador":"JUAN FELIPE MARENTES","IDEstatusViaje":1,"NombreEstatus":"Despachado","FechaInicio":"2/21/2026 12:00:00 AM","HoraInicio":"07:10","HoraFin":"09:10","IDObra":4997001,"NombreObra":"PEPSICO","IDClienteSAE":4997,"NombreCliente":"LAMAK INSTALACIONES","IDUso":25,"NombreUso":"Pavimento","IDProducto":2606,"NombreProducto":"CONCRETO MR=42 Ag=40 Rev 10 R7 D","Remision":"A2/41688","CveCiudad":"AGS","NombreVendedor":"CASA CASA"},{"Id_Viaje":3041438,"IDPedido":583383,"CargaViaje":7,"IDPlanta":36,"NombrePlantaViaje":"Q1-Apaseo","IDUnidad":104,"NombreUnidad":"CR-024","IDOperador":1524,"NombreOperador":"ALEJANDRO VALLEJO","IDEstatusViaje":2,"NombreEstatus":"Entregado","FechaInicio":"2/21/2026 12:00:00 AM","HoraInicio":"06:30","HoraFin":"08:30","IDObra":313001,"NombreObra":"HACIENDA SUR","IDClienteSAE":313,"NombreCliente":"VALLE DE LOS MEZQUITES","IDUso":2,"NombreUso":"Cimentacion","IDProducto":4351,"NombreProducto":"CONCRETO f\u0027c=200 Ag=20 Rev=10 D 28","Remision":"Q1/11586","CveCiudad":"QRO","NombreVendedor":"YIMI EDUARDO VAZQUEZ"},{"Id_Viaje":3041440,"IDPedido":583384,"CargaViaje":5,"IDPlanta":36,"NombrePlantaViaje":"Q1-Apaseo","IDUnidad":266,"NombreUnidad":"CR-136","IDOperador":1585,"NombreOperador":"CARLOS ANTONIO VILLALVA","IDEstatusViaje":2,"NombreEstatus":"Entregado","FechaInicio":"2/21/2026 12:00:00 AM","HoraInicio":"07:00","HoraFin":"09:00","IDObra":945010,"NombreObra":"PARQUE IND. CALAMANDA NEVADON","IDClienteSAE":945,"NombreCliente":"VAAR DISEÑO Y CONSTRUCCIONES","IDUso":13,"NombreUso":"Trabes","IDProducto":10935,"NombreProducto":"CONCRETO f\u0027c=200 Ag=10 Rev=14 D 28","Remision":"Q1/11585","CveCiudad":"QRO","NombreVendedor":"MIGUEL ANGEL GUTIERREZ"},{"Id_Viaje":3041442,"IDPedido":583385,"CargaViaje":6.5,"IDPlanta":23,"NombrePlantaViaje":"L1-Leon","IDUnidad":165,"NombreUnidad":"CR-207 FRG","IDOperador":1634,"NombreOperador":"JOSE GUADALUPE POZOS","IDEstatusViaje":1,"NombreEstatus":"Despachado","FechaInicio":"2/21/2026 12:00:00 AM","HoraInicio":"07:00","HoraFin":"09:00","IDObra":1004013,"NombreObra":"sacromonte 7","IDClienteSAE":1004,"NombreCliente":"INMOBILIARIA GESTORIA Y ASESORIA","IDUso":19,"NombreUso":"Loza de Entrepiso","IDProducto":1227,"NombreProducto":"CONCRETO f\u0027c:200 Ag=20 Rev:14 A1 B","Remision":"L1/41086","CveCiudad":"LEON","NombreVendedor":"OFICINA MATRIZ"},{"Id_Viaje":3041444,"IDPedido":583385,"CargaViaje":6.5,"IDPlanta":23,"NombrePlantaViaje":"L1-Leon","IDUnidad":292,"NombreUnidad":"CR-210 JRG","IDOperador":1609,"NombreOperador":"ANDRES GONZALEZ","IDEstatusViaje":1,"NombreEstatus":"Despachado","FechaInicio":"2/21/2026 12:00:00 AM","HoraInicio":"07:10","HoraFin":"09:10","IDObra":1004013,"NombreObra":"sacromonte 7","IDClienteSAE":1004,"NombreCliente":"INMOBILIARIA GESTORIA Y ASESORIA","IDUso":19,"NombreUso":"Loza de Entrepiso","IDProducto":1227,"NombreProducto":"CONCRETO f\u0027c:200 Ag=20 Rev:14 A1 B","Remision":"L1/41087","CveCiudad":"LEON","NombreVendedor":"OFICINA MATRIZ"},{"Id_Viaje":3041446,"IDPedido":583385,"CargaViaje":5.5,"IDPlanta":23,"NombrePlantaViaje":"L1-Leon","IDUnidad":353,"NombreUnidad":"CR-221 XRG","IDOperador":1624,"NombreOperador":"JUAN VICTOR PEREZ","IDEstatusViaje":1,"NombreEstatus":"Despachado","FechaInicio":"2/21/2026 12:00:00 AM","HoraInicio":"07:20","HoraFin":"09:20","IDObra":1004013,"NombreObra":"sacromonte 7","IDClienteSAE":1004,"NombreCliente":"INMOBILIARIA GESTORIA Y ASESORIA","IDUso":19,"NombreUso":"Loza de Entrepiso","IDProducto":1227,"NombreProducto":"CONCRETO f\u0027c:200 Ag=20 Rev:14 A1 B","Remision":"L1/41089","CveCiudad":"LEON","NombreVendedor":"OFICINA MATRIZ"},{"Id_Viaje":3041448,"IDPedido":583385,"CargaViaje":5.5,"IDPlanta":23,"NombrePlantaViaje":"L1-Leon","IDUnidad":354,"NombreUnidad":"CR-226 2RH","IDOperador":1329,"NombreOperador":"CHRISTIAN ALEJANDRO ARENAS","IDEstatusViaje":1,"NombreEstatus":"Despachado","FechaInicio":"2/21/2026 12:00:00 AM","HoraInicio":"07:30","HoraFin":"09:30","IDObra":1004013,"NombreObra":"sacromonte 7","IDClienteSAE":1004,"NombreCliente":"INMOBILIARIA GESTORIA Y ASESORIA","IDUso":19,"NombreUso":"Loza de Entrepiso","IDProducto":1227,"NombreProducto":"CONCRETO f\u0027c:200 Ag=20 Rev:14 A1 B","Remision":"L1/41090","CveCiudad":"LEON","NombreVendedor":"OFICINA MATRIZ"},{"Id_Viaje":3041450,"IDPedido":583390,"CargaViaje":1.5,"IDPlanta":34,"NombrePlantaViaje":"A2-San Francisco","IDUnidad":107,"NombreUnidad":"CR-050","IDOperador":677,"NombreOperador":"EDMUNDO DE LOERA","IDEstatusViaje":1,"NombreEstatus":"Despachado","FechaInicio":"2/21/2026 12:00:00 AM","HoraInicio":"06:30","HoraFin":"08:30","IDObra":4747004,"NombreObra":"SAN FRANCISCO DE LOS ROMOS","IDClienteSAE":4747,"NombreCliente":"DAPAC DISEÑO Y CONSTRUCCION","IDUso":8,"NombreUso":"Losa","IDProducto":2523,"NombreProducto":"CONCRETO f´c: 200 Ag=20 Rev: 10 RR A1","Remision":"A2/41684","CveCiudad":"AGS","NombreVendedor":"HECTOR VILLANUEVA"},{"Id_Viaje":3041452,"IDPedido":583374,"CargaViaje":7,"IDPlanta":20,"NombrePlantaViaje":"A1-Ojo Caliente","IDUnidad":122,"NombreUnidad":"CR-043-","IDOperador":1067,"NombreOperador":"JUAN HUMBERTO MARQUEZ","IDEstatusViaje":1,"NombreEstatus":"Despachado","FechaInicio":"2/21/2026 12:00:00 AM","HoraInicio":"00:00","HoraFin":"02:00","IDObra":2730002,"NombreObra":"ALBASERRADA","IDClienteSAE":2730,"NombreCliente":"GARCAM DESARROLLOS","IDUso":13,"NombreUso":"Trabes","IDProducto":1042,"NombreProducto":"CONCRETO f\u0027c:250 Ag=20 Rev:14 A1 B","Remision":"A1/96578","CveCiudad":"AGS","NombreVendedor":"HECTOR VILLANUEVA"},{"Id_Viaje":3041454,"IDPedido":583374,"CargaViaje":7,"IDPlanta":20,"NombrePlantaViaje":"A1-Ojo Caliente","IDUnidad":350,"NombreUnidad":"CR-047","IDOperador":1076,"NombreOperador":"EZEQUIEL SANDOVAL","IDEstatusViaje":1,"NombreEstatus":"Despachado","FechaInicio":"2/21/2026 12:00:00 AM","HoraInicio":"00:10","HoraFin":"02:10","IDObra":2730002,"NombreObra":"ALBASERRADA","IDClienteSAE":2730,"NombreCliente":"GARCAM DESARROLLOS","IDUso":13,"NombreUso":"Trabes","IDProducto":1042,"NombreProducto":"CONCRETO f\u0027c:250 Ag=20 Rev:14 A1 B","Remision":"A1/96579","CveCiudad":"AGS","NombreVendedor":"HECTOR VILLANUEVA"},{"Id_Viaje":3041456,"IDPedido":583085,"CargaViaje":7,"IDPlanta":8,"NombrePlantaViaje":"M3-Santa","IDUnidad":371,"NombreUnidad":"CR-008","IDOperador":1199,"NombreOperador":"GABRIEL RIVERA","IDEstatusViaje":2,"NombreEstatus":"Entregado","FechaInicio":"2/21/2026 12:00:00 AM","HoraInicio":"23:10","HoraFin":"23:40","IDObra":11046009,"NombreObra":"POLITEK","IDClienteSAE":11046,"NombreCliente":"PEROLI CONSTRUCCIONES","IDUso":7,"NombreUso":"Firme","IDProducto":485,"NombreProducto":"CONCRETO f\u0027c=250 Ag=20 Rev=10 A1 D","Remision":"M3/42745","CveCiudad":"MTY","NombreVendedor":"ENRIQUE ALVAREZ"},{"Id_Viaje":3041458,"IDPedido":583085,"CargaViaje":7,"IDPlanta":8,"NombrePlantaViaje":"M3-Santa","IDUnidad":40,"NombreUnidad":"CR-031","IDOperador":1157,"NombreOperador":"JUAN JOSE ROSARIO LOPEZ","IDEstatusViaje":2,"NombreEstatus":"Entregado","FechaInicio":"2/21/2026 12:00:00 AM","HoraInicio":"23:20","HoraFin":"23:50","IDObra":11046009,"NombreObra":"POLITEK","IDClienteSAE":11046,"NombreCliente":"PEROLI CONSTRUCCIONES","IDUso":7,"NombreUso":"Firme","IDProducto":485,"NombreProducto":"CONCRETO f\u0027c=250 Ag=20 Rev=10 A1 D","Remision":"M3/42746","CveCiudad":"MTY","NombreVendedor":"ENRIQUE ALVAREZ"},{"Id_Viaje":3041460,"IDPedido":583375,"CargaViaje":5,"IDPlanta":20,"NombrePlantaViaje":"A1-Ojo Caliente","IDUnidad":295,"NombreUnidad":"CR-065","IDOperador":675,"NombreOperador":"JUAN ANTONIO HERRERA","IDEstatusViaje":1,"NombreEstatus":"Despachado","FechaInicio":"2/21/2026 12:00:00 AM","HoraInicio":"08:00","HoraFin":"10:00","IDObra":4071001,"NombreObra":"colinas de san patricio","IDClienteSAE":4071,"NombreCliente":"SERVICIOS DE VIVIENDA","IDUso":57,"NombreUso":"Huellas","IDProducto":1012,"NombreProducto":"CONCRETO f\u0027c:150 Ag=20 Rev:10 A1 D","Remision":"A1/96580","CveCiudad":"AGS","NombreVendedor":"CASA CASA"},{"Id_Viaje":3041462,"IDPedido":583386,"CargaViaje":4,"IDPlanta":23,"NombrePlantaViaje":"L1-Leon","IDUnidad":351,"NombreUnidad":"CR-237-DRH","IDOperador":1701,"NombreOperador":"MARTIN FLORES","IDEstatusViaje":1,"NombreEstatus":"Despachado","FechaInicio":"2/21/2026 12:00:00 AM","HoraInicio":"07:30","HoraFin":"09:30","IDObra":2494001,"NombreObra":"salon de fiesta","IDClienteSAE":2494,"NombreCliente":"MILIA ARISTA INMOBILIARIA","IDUso":1,"NombreUso":"Banqueta","IDProducto":1219,"NombreProducto":"CONCRETO f\u0027c:200 Ag=20. Rev: 10 A1 D","Remision":"L1/41088","CveCiudad":"LEON","NombreVendedor":"JESSICA GAYTAN"},{"Id_Viaje":3041464,"IDPedido":583386,"CargaViaje":4,"IDPlanta":23,"NombrePlantaViaje":"L1-Leon","IDUnidad":352,"NombreUnidad":"CR-246-NRH","IDOperador":1325,"NombreOperador":"RAMIRO HERNANDEZ","IDEstatusViaje":1,"NombreEstatus":"Despachado","FechaInicio":"2/21/2026 12:00:00 AM","HoraInicio":"07:40","HoraFin":"09:40","IDObra":2494001,"NombreObra":"salon de fiesta","IDClienteSAE":2494,"NombreCliente":"MILIA ARISTA INMOBILIARIA","IDUso":1,"NombreUso":"Banqueta","IDProducto":1219,"NombreProducto":"CONCRETO f\u0027c:200 Ag=20. Rev: 10 A1 D","Remision":"L1/41097","CveCiudad":"LEON","NombreVendedor":"JESSICA GAYTAN"},{"Id_Viaje":3041466,"IDPedido":583378,"CargaViaje":3.5,"IDPlanta":20,"NombrePlantaViaje":"A1-Ojo Caliente","IDUnidad":115,"NombreUnidad":"CR-069","IDOperador":209,"NombreOperador":"MARCO DE LEON","IDEstatusViaje":1,"NombreEstatus":"Despachado","FechaInicio":"2/21/2026 12:00:00 AM","HoraInicio":"07:40","HoraFin":"09:40","IDObra":2820040,"NombreObra":"HEROE INMORTAL","IDClienteSAE":2820,"NombreCliente":"URBANIZACIONES ARGU","IDUso":7,"NombreUso":"Firme","IDProducto":1014,"NombreProducto":"CONCRETO f\u0027c:200 Ag=20. Rev: 10 A1 D","Remision":"A1/96581","CveCiudad":"AGS","NombreVendedor":"CASA CASA"},{"Id_Viaje":3041468,"IDPedido":583392,"CargaViaje":2.5,"IDPlanta":20,"NombrePlantaViaje":"A1-Ojo Caliente","IDUnidad":101,"NombreUnidad":"CR-071","IDOperador":45,"NombreOperador":"BRANDON ESTRADA","IDEstatusViaje":1,"NombreEstatus":"Despachado","FechaInicio":"2/21/2026 12:00:00 AM","HoraInicio":"07:00","HoraFin":"09:00","IDObra":37003,"NombreObra":"PROLIM","IDClienteSAE":37,"NombreCliente":"PROLIM INDUSTRIAL","IDUso":7,"NombreUso":"Firme","IDProducto":2560,"NombreProducto":"CONCRETO f\u0027c: 250 Ag=20 Rev: 18 A1 D","Remision":"A1/96582","CveCiudad":"AGS","NombreVendedor":"CASA CASA"},{"Id_Viaje":3041479,"IDPedido":583394,"CargaViaje":5,"IDPlanta":30,"NombrePlantaViaje":"P1-Coronango","IDUnidad":195,"NombreUnidad":"CR-158","IDOperador":1006,"NombreOperador":"VICTOR MANUEL HERNANDEZ","IDEstatusViaje":1,"NombreEstatus":"Despachado","FechaInicio":"2/21/2026 12:00:00 AM","HoraInicio":"08:30","HoraFin":"10:30","IDObra":845011,"NombreObra":"fracc platiniO","IDClienteSAE":845,"NombreCliente":"GRUPO BRECASA","IDUso":21,"NombreUso":"Castillos","IDProducto":11315,"NombreProducto":"CONCRETO f\u0027c=200 Ag=10 Rev=14 D 28","Remision":"P1/38637","CveCiudad":"PUE","NombreVendedor":"VENDEDOR PUEBLA ."},{"Id_Viaje":3041494,"IDPedido":583376,"CargaViaje":7,"IDPlanta":20,"NombrePlantaViaje":"A1-Ojo Caliente","IDUnidad":107,"NombreUnidad":"CR-050","IDOperador":677,"NombreOperador":"EDMUNDO DE LOERA","IDEstatusViaje":1,"NombreEstatus":"Despachado","FechaInicio":"2/21/2026 12:00:00 AM","HoraInicio":"06:30","HoraFin":"08:30","IDObra":5028001,"NombreObra":"Ciudad Maderas","IDClienteSAE":5028,"NombreCliente":"DESARROLLO EMPRESARIAL LAUREN","IDUso":9,"NombreUso":"Muro","IDProducto":1042,"NombreProducto":"CONCRETO f\u0027c:250 Ag=20 Rev:14 A1 B","Remision":"A1/96583","CveCiudad":"AGS","NombreVendedor":"CASA CASA"},{"Id_Viaje":3041496,"IDPedido":583341,"CargaViaje":4,"IDPlanta":19,"NombrePlantaViaje":"M1-Apodaca","IDUnidad":332,"NombreUnidad":"CR-026","IDOperador":1458,"NombreOperador":"MIGUEL ANGEL LUGO","IDEstatusViaje":2,"NombreEstatus":"Entregado","FechaInicio":"2/21/2026 12:00:00 AM","HoraInicio":"09:30","HoraFin":"11:30","IDObra":11623002,"NombreObra":"sungwoo hitech apartament","IDClienteSAE":11623,"NombreCliente":"TAEINS MEXICO","IDUso":7,"NombreUso":"Firme","IDProducto":485,"NombreProducto":"CONCRETO f\u0027c=250 Ag=20 Rev=10 A1 D","Remision":"M1/91236","CveCiudad":"MTY","NombreVendedor":"CASA PROGRAMACION"},{"Id_Viaje":3041498,"IDPedido":583389,"CargaViaje":5,"IDPlanta":23,"NombrePlantaViaje":"L1-Leon","IDUnidad":77,"NombreUnidad":"CR193-1RG","IDOperador":1623,"NombreOperador":"JORGE IGNACIO NEGRETE","IDEstatusViaje":1,"NombreEstatus":"Despachado","FechaInicio":"2/21/2026 12:00:00 AM","HoraInicio":"09:00","HoraFin":"11:00","IDObra":3146001,"NombreObra":"manuel luna LOZA DE LOS PADRES","IDClienteSAE":3146,"NombreCliente":"JUAN MANUEL LUNA MURILLO","IDUso":7,"NombreUso":"Firme","IDProducto":12114,"NombreProducto":"CONCRETO f\u0027c:200 Ag=20. Rev: 10 D 01","Remision":"L1/41091","CveCiudad":"LEON","NombreVendedor":"OFICINA MATRIZ"},{"Id_Viaje":3041500,"IDPedido":583389,"CargaViaje":5,"IDPlanta":23,"NombrePlantaViaje":"L1-Leon","IDUnidad":165,"NombreUnidad":"CR-207 FRG","IDOperador":1634,"NombreOperador":"JOSE GUADALUPE POZOS","IDEstatusViaje":1,"NombreEstatus":"Despachado","FechaInicio":"2/21/2026 12:00:00 AM","HoraInicio":"09:10","HoraFin":"11:10","IDObra":3146001,"NombreObra":"manuel luna LOZA DE LOS PADRES","IDClienteSAE":3146,"NombreCliente":"JUAN MANUEL LUNA MURILLO","IDUso":7,"NombreUso":"Firme","IDProducto":12114,"NombreProducto":"CONCRETO f\u0027c:200 Ag=20. Rev: 10 D 01","Remision":"L1/41093","CveCiudad":"LEON","NombreVendedor":"OFICINA MATRIZ"},{"Id_Viaje":3041517,"IDPedido":583391,"CargaViaje":7,"IDPlanta":34,"NombrePlantaViaje":"A2-San Francisco","IDUnidad":48,"NombreUnidad":"CR-063 ZRB","IDOperador":1500,"NombreOperador":"RICARDO CHAVEZ","IDEstatusViaje":1,"NombreEstatus":"Despachado","FechaInicio":"2/21/2026 12:00:00 AM","HoraInicio":"10:00","HoraFin":"12:00","IDObra":4582004,"NombreObra":"VISTA SERENA","IDClienteSAE":4582,"NombreCliente":"CASAS JAVER","IDUso":25,"NombreUso":"Pavimento","IDProducto":2603,"NombreProducto":"CONCRETO MR= 40 Ag=40 Rev:10 A1 D.","Remision":"A2/41689","CveCiudad":"AGS","NombreVendedor":"HECTOR VILLANUEVA"},{"Id_Viaje":3041519,"IDPedido":583391,"CargaViaje":7,"IDPlanta":34,"NombrePlantaViaje":"A2-San Francisco","IDUnidad":108,"NombreUnidad":"CR-098 2RD","IDOperador":1503,"NombreOperador":"ALBERTO HERNANDEZ","IDEstatusViaje":1,"NombreEstatus":"Despachado","FechaInicio":"2/21/2026 12:00:00 AM","HoraInicio":"10:10","HoraFin":"12:10","IDObra":4582004,"NombreObra":"VISTA SERENA","IDClienteSAE":4582,"NombreCliente":"CASAS JAVER","IDUso":25,"NombreUso":"Pavimento","IDProducto":2603,"NombreProducto":"CONCRETO MR= 40 Ag=40 Rev:10 A1 D.","Remision":"A2/41691","CveCiudad":"AGS","NombreVendedor":"HECTOR VILLANUEVA"},{"Id_Viaje":3041525,"IDPedido":583370,"CargaViaje":7,"IDPlanta":7,"NombrePlantaViaje":"M2-Escobedo","IDUnidad":340,"NombreUnidad":"CR-219","IDOperador":1122,"NombreOperador":"NOE CASTILLO","IDEstatusViaje":2,"NombreEstatus":"Entregado","FechaInicio":"2/21/2026 12:00:00 AM","HoraInicio":"23:30","HoraFin":"01:30","IDObra":8894025,"NombreObra":"cumbres platino","IDClienteSAE":8894,"NombreCliente":"ACRE PROMOTORA","IDUso":8,"NombreUso":"Losa","IDProducto":491,"NombreProducto":"CONCRETO f\u0027c=200 Ag=20 Rev=14 A1 B","Remision":"M2/79988","CveCiudad":"MTY","NombreVendedor":"SILVIA LOZANO"},{"Id_Viaje":3041527,"IDPedido":583130,"CargaViaje":4.5,"IDPlanta":11,"NombrePlantaViaje":"M4-Centro","IDUnidad":315,"NombreUnidad":"CR-232","IDOperador":1452,"NombreOperador":"VICTOR LOPEZ","IDEstatusViaje":2,"NombreEstatus":"Entregado","FechaInicio":"2/21/2026 12:00:00 AM","HoraInicio":"23:30","HoraFin":"01:30","IDObra":11594002,"NombreObra":"depas san nicolas","IDClienteSAE":11594,"NombreCliente":"PROYECTOS NEM","IDUso":7,"NombreUso":"Firme","IDProducto":491,"NombreProducto":"CONCRETO f\u0027c=200 Ag=20 Rev=14 A1 B","Remision":"M4/89237","CveCiudad":"MTY","NombreVendedor":"GUILLERMO RAMA HERRERA"},{"Id_Viaje":3041529,"IDPedido":583377,"CargaViaje":7,"IDPlanta":34,"NombrePlantaViaje":"A2-San Francisco","IDUnidad":107,"NombreUnidad":"CR-050","IDOperador":677,"NombreOperador":"EDMUNDO DE LOERA","IDEstatusViaje":1,"NombreEstatus":"Despachado","FechaInicio":"2/21/2026 12:00:00 AM","HoraInicio":"10:20","HoraFin":"12:20","IDObra":4997001,"NombreObra":"PEPSICO","IDClienteSAE":4997,"NombreCliente":"LAMAK INSTALACIONES","IDUso":25,"NombreUso":"Pavimento","IDProducto":2606,"NombreProducto":"CONCRETO MR=42 Ag=40 Rev 10 R7 D","Remision":"A2/41690","CveCiudad":"AGS","NombreVendedor":"CASA CASA"},{"Id_Viaje":3041543,"IDPedido":583387,"CargaViaje":5,"IDPlanta":23,"NombrePlantaViaje":"L1-Leon","IDUnidad":292,"NombreUnidad":"CR-210 JRG","IDOperador":1609,"NombreOperador":"ANDRES GONZALEZ","IDEstatusViaje":1,"NombreEstatus":"Despachado","FechaInicio":"2/21/2026 12:00:00 AM","HoraInicio":"10:00","HoraFin":"12:00","IDObra":2652001,"NombreObra":"CAPITTALA","IDClienteSAE":2652,"NombreCliente":"COMERCIALIZADORA DE MATERIALES GCC","IDUso":18,"NombreUso":"Loza de Azotea","IDProducto":12095,"NombreProducto":"CONCRETO f\u0027c=250 Ag=10 Rev=14 B 03","Remision":"L1/41094","CveCiudad":"LEON","NombreVendedor":"OFICINA MATRIZ"},{"Id_Viaje":3041545,"IDPedido":583387,"CargaViaje":5.5,"IDPlanta":23,"NombrePlantaViaje":"L1-Leon","IDUnidad":353,"NombreUnidad":"CR-221 XRG","IDOperador":1624,"NombreOperador":"JUAN VICTOR PEREZ","IDEstatusViaje":1,"NombreEstatus":"Despachado","FechaInicio":"2/21/2026 12:00:00 AM","HoraInicio":"10:10","HoraFin":"12:10","IDObra":2652001,"NombreObra":"CAPITTALA","IDClienteSAE":2652,"NombreCliente":"COMERCIALIZADORA DE MATERIALES GCC","IDUso":18,"NombreUso":"Loza de Azotea","IDProducto":12095,"NombreProducto":"CONCRETO f\u0027c=250 Ag=10 Rev=14 B 03","Remision":"L1/41092","CveCiudad":"LEON","NombreVendedor":"OFICINA MATRIZ"},{"Id_Viaje":3041573,"IDPedido":583381,"CargaViaje":7,"IDPlanta":20,"NombrePlantaViaje":"A1-Ojo Caliente","IDUnidad":116,"NombreUnidad":"CR-098","IDOperador":44,"NombreOperador":"ALBERTO HERRERA","IDEstatusViaje":1,"NombreEstatus":"Despachado","FechaInicio":"2/21/2026 12:00:00 AM","HoraInicio":"10:30","HoraFin":"12:30","IDObra":3295001,"NombreObra":"MINTH","IDClienteSAE":3295,"NombreCliente":"INFRAESTRUCTURA HIDROCALIDA CARRETERA","IDUso":9,"NombreUso":"Muro","IDProducto":2551,"NombreProducto":"CONCRETO f\u0027c:250 Ag=20 Rev:12 A1 D","Remision":"A1/96584","CveCiudad":"AGS","NombreVendedor":"HECTOR VILLANUEVA"},{"Id_Viaje":3041575,"IDPedido":583381,"CargaViaje":7,"IDPlanta":20,"NombrePlantaViaje":"A1-Ojo Caliente","IDUnidad":109,"NombreUnidad":"CR-106","IDOperador":49,"NombreOperador":"ANTONIO RAMIREZ","IDEstatusViaje":1,"NombreEstatus":"Despachado","FechaInicio":"2/21/2026 12:00:00 AM","HoraInicio":"10:40","HoraFin":"12:40","IDObra":3295001,"NombreObra":"MINTH","IDClienteSAE":3295,"NombreCliente":"INFRAESTRUCTURA HIDROCALIDA CARRETERA","IDUso":9,"NombreUso":"Muro","IDProducto":2551,"NombreProducto":"CONCRETO f\u0027c:250 Ag=20 Rev:12 A1 D","Remision":"A1/96585","CveCiudad":"AGS","NombreVendedor":"HECTOR VILLANUEVA"},{"Id_Viaje":3041579,"IDPedido":583388,"CargaViaje":1,"IDPlanta":23,"NombrePlantaViaje":"L1-Leon","IDUnidad":354,"NombreUnidad":"CR-226 2RH","IDOperador":1329,"NombreOperador":"CHRISTIAN ALEJANDRO ARENAS","IDEstatusViaje":1,"NombreEstatus":"Despachado","FechaInicio":"2/21/2026 12:00:00 AM","HoraInicio":"10:30","HoraFin":"12:30","IDObra":1004013,"NombreObra":"sacromonte 7","IDClienteSAE":1004,"NombreCliente":"INMOBILIARIA GESTORIA Y ASESORIA","IDUso":21,"NombreUso":"Castillos","IDProducto":11361,"NombreProducto":"CONCRETO f\u0027c=150 Ag=10 Rev=14 D 28","Remision":"L1/41095","CveCiudad":"LEON","NombreVendedor":"OFICINA MATRIZ"},{"Id_Viaje":3041581,"IDPedido":583392,"CargaViaje":1,"IDPlanta":20,"NombrePlantaViaje":"A1-Ojo Caliente","IDUnidad":107,"NombreUnidad":"CR-050","IDOperador":677,"NombreOperador":"EDMUNDO DE LOERA","IDEstatusViaje":1,"NombreEstatus":"Despachado","FechaInicio":"2/21/2026 12:00:00 AM","HoraInicio":"00:30","HoraFin":"02:30","IDObra":37003,"NombreObra":"PROLIM","IDClienteSAE":37,"NombreCliente":"PROLIM INDUSTRIAL","IDUso":7,"NombreUso":"Firme","IDProducto":2560,"NombreProducto":"CONCRETO f\u0027c: 250 Ag=20 Rev: 18 A1 D","Remision":"A1/96586","CveCiudad":"AGS","NombreVendedor":"CASA CASA"},{"Id_Viaje":3041583,"IDPedido":583389,"CargaViaje":1,"IDPlanta":23,"NombrePlantaViaje":"L1-Leon","IDUnidad":296,"NombreUnidad":"CR-027","IDOperador":773,"NombreOperador":"OMAR RODRIGO FRANCO","IDEstatusViaje":1,"NombreEstatus":"Despachado","FechaInicio":"2/21/2026 12:00:00 AM","HoraInicio":"09:00","HoraFin":"11:00","IDObra":3146001,"NombreObra":"manuel luna LOZA DE LOS PADRES","IDClienteSAE":3146,"NombreCliente":"JUAN MANUEL LUNA MURILLO","IDUso":7,"NombreUso":"Firme","IDProducto":12114,"NombreProducto":"CONCRETO f\u0027c:200 Ag=20. Rev: 10 D 01","Remision":"L1/41096","CveCiudad":"LEON","NombreVendedor":"OFICINA MATRIZ"},{"Id_Viaje":3041587,"IDPedido":583085,"CargaViaje":4,"IDPlanta":7,"NombrePlantaViaje":"M2-Escobedo","IDUnidad":71,"NombreUnidad":"CR-038","IDOperador":1508,"NombreOperador":"VICTOR MANUEL CAMARILLO","IDEstatusViaje":2,"NombreEstatus":"Entregado","FechaInicio":"2/21/2026 12:00:00 AM","HoraInicio":"23:20","HoraFin":"23:50","IDObra":11046009,"NombreObra":"POLITEK","IDClienteSAE":11046,"NombreCliente":"PEROLI CONSTRUCCIONES","IDUso":7,"NombreUso":"Firme","IDProducto":485,"NombreProducto":"CONCRETO f\u0027c=250 Ag=20 Rev=10 A1 D","Remision":"M2/79989","CveCiudad":"MTY","NombreVendedor":"ENRIQUE ALVAREZ"},{"Id_Viaje":3041598,"IDPedido":583377,"CargaViaje":3.5,"IDPlanta":34,"NombrePlantaViaje":"A2-San Francisco","IDUnidad":122,"NombreUnidad":"CR-043-","IDOperador":1067,"NombreOperador":"JUAN HUMBERTO MARQUEZ","IDEstatusViaje":1,"NombreEstatus":"Despachado","FechaInicio":"2/21/2026 12:00:00 AM","HoraInicio":"11:50","HoraFin":"13:50","IDObra":4997001,"NombreObra":"PEPSICO","IDClienteSAE":4997,"NombreCliente":"LAMAK INSTALACIONES","IDUso":25,"NombreUso":"Pavimento","IDProducto":2606,"NombreProducto":"CONCRETO MR=42 Ag=40 Rev 10 R7 D","Remision":"A2/41692","CveCiudad":"AGS","NombreVendedor":"CASA CASA"},{"Id_Viaje":3041631,"IDPedido":583382,"CargaViaje":3,"IDPlanta":20,"NombrePlantaViaje":"A1-Ojo Caliente","IDUnidad":331,"NombreUnidad":"CR-140-","IDOperador":1419,"NombreOperador":"JUAN HUMBERTO MARQUEZ","IDEstatusViaje":1,"NombreEstatus":"Despachado","FechaInicio":"2/21/2026 12:00:00 AM","HoraInicio":"12:00","HoraFin":"14:00","IDObra":5027001,"NombreObra":"HACIENDAS","IDClienteSAE":5027,"NombreCliente":"FLAVIO CESAR SERRANO TORRES","IDUso":7,"NombreUso":"Firme","IDProducto":1014,"NombreProducto":"CONCRETO f\u0027c:200 Ag=20. Rev: 10 A1 D","Remision":"A1/96587","CveCiudad":"AGS","NombreVendedor":"HECTOR VILLANUEVA"},{"Id_Viaje":3041633,"IDPedido":583381,"CargaViaje":7,"IDPlanta":20,"NombrePlantaViaje":"A1-Ojo Caliente","IDUnidad":48,"NombreUnidad":"CR-063 ZRB","IDOperador":1500,"NombreOperador":"RICARDO CHAVEZ","IDEstatusViaje":1,"NombreEstatus":"Despachado","FechaInicio":"2/21/2026 12:00:00 AM","HoraInicio":"00:50","HoraFin":"02:50","IDObra":3295001,"NombreObra":"MINTH","IDClienteSAE":3295,"NombreCliente":"INFRAESTRUCTURA HIDROCALIDA CARRETERA","IDUso":9,"NombreUso":"Muro","IDProducto":2551,"NombreProducto":"CONCRETO f\u0027c:250 Ag=20 Rev:12 A1 D","Remision":"A1/96588","CveCiudad":"AGS","NombreVendedor":"HECTOR VILLANUEVA"},{"Id_Viaje":3041635,"IDPedido":582862,"CargaViaje":3,"IDPlanta":19,"NombrePlantaViaje":"M1-Apodaca","IDUnidad":315,"NombreUnidad":"CR-232","IDOperador":1452,"NombreOperador":"VICTOR LOPEZ","IDEstatusViaje":2,"NombreEstatus":"Entregado","FechaInicio":"2/21/2026 12:00:00 AM","HoraInicio":"23:30","HoraFin":"01:30","IDObra":12154003,"NombreObra":"heb la fe","IDClienteSAE":12154,"NombreCliente":"EDIFICADORA INDUSTRIAL DEL RIO","IDUso":1,"NombreUso":"Banqueta","IDProducto":513,"NombreProducto":"CONCRETO f\u0027c=200 Ag=20 Rev=14 A1 D","Remision":"M1/91238","CveCiudad":"MTY","NombreVendedor":"CESAR LUNA"}]