[{"Id_Viaje":3035033,"IDPedido":581927,"CargaViaje":7,"IDPlanta":15,"NombrePlantaViaje":"M5-Santiago","IDUnidad":28,"NombreUnidad":"CR-241","IDOperador":1509,"NombreOperador":"JUAN LUIS ROCHA","IDEstatusViaje":2,"NombreEstatus":"Entregado","FechaInicio":"2/4/2026 12:00:00 AM","HoraInicio":"13:30","HoraFin":"15:30","IDObra":8894027,"NombreObra":"residencial viento nuevo","IDClienteSAE":8894,"NombreCliente":"ACRE PROMOTORA","IDUso":15,"NombreUso":"Zapatas","IDProducto":575,"NombreProducto":"CONCRETO f\u0027c=200 Ag=20 Rev=12 A1 D","Remision":"M5/37056","CveCiudad":"MTY","NombreVendedor":"ENRIQUE ALVAREZ"},{"Id_Viaje":3035505,"IDPedido":582041,"CargaViaje":7,"IDPlanta":19,"NombrePlantaViaje":"M1-Apodaca","IDUnidad":332,"NombreUnidad":"CR-026","IDOperador":1458,"NombreOperador":"MIGUEL ANGEL LUGO","IDEstatusViaje":2,"NombreEstatus":"Entregado","FechaInicio":"2/4/2026 12:00:00 AM","HoraInicio":"07:00","HoraFin":"09:00","IDObra":12142002,"NombreObra":"casa blanca","IDClienteSAE":12142,"NombreCliente":"F \u0026 C CONSULTORIA Y CONSTRUCCION","IDUso":1,"NombreUso":"Banqueta","IDProducto":1526,"NombreProducto":"CONCRETO f\u0027c=150 Ag=20 Rev=14 A1","Remision":"M1/91047","CveCiudad":"MTY","NombreVendedor":"CESAR LUNA"},{"Id_Viaje":3035509,"IDPedido":582046,"CargaViaje":7,"IDPlanta":19,"NombrePlantaViaje":"M1-Apodaca","IDUnidad":40,"NombreUnidad":"CR-031","IDOperador":1157,"NombreOperador":"JUAN JOSE ROSARIO LOPEZ","IDEstatusViaje":2,"NombreEstatus":"Entregado","FechaInicio":"2/4/2026 12:00:00 AM","HoraInicio":"11:30","HoraFin":"13:30","IDObra":11623002,"NombreObra":"sungwoo hitech apartament","IDClienteSAE":11623,"NombreCliente":"TAEINS MEXICO","IDUso":26,"NombreUso":"Mortero","IDProducto":2455,"NombreProducto":"MORTERO f\u0027c= 150 Kgf/cm2 Ag=4 Rev.14 A1D","Remision":"M1/91052","CveCiudad":"MTY","NombreVendedor":"CASA PROGRAMACION"},{"Id_Viaje":3035511,"IDPedido":582048,"CargaViaje":4,"IDPlanta":11,"NombrePlantaViaje":"M4-Centro","IDUnidad":78,"NombreUnidad":"CR-062","IDOperador":1478,"NombreOperador":"VICTOR HUGO MARTINEZ","IDEstatusViaje":2,"NombreEstatus":"Entregado","FechaInicio":"2/4/2026 12:00:00 AM","HoraInicio":"07:30","HoraFin":"09:30","IDObra":12237001,"NombreObra":"valvulas","IDClienteSAE":12237,"NombreCliente":"ORGANIZACION EN VALVULAS","IDUso":77,"NombreUso":"Piso Pulido","IDProducto":11547,"NombreProducto":"CONCRETO P/PisoPulido f\u0027c250 Ag20 Rv10 D","Remision":"M4/89022","CveCiudad":"MTY","NombreVendedor":"CASA PROGRAMACION"},{"Id_Viaje":3035620,"IDPedido":581977,"CargaViaje":7,"IDPlanta":19,"NombrePlantaViaje":"M1-Apodaca","IDUnidad":348,"NombreUnidad":"CR-070","IDOperador":1536,"NombreOperador":"JESUS LOPEZ","IDEstatusViaje":2,"NombreEstatus":"Entregado","FechaInicio":"2/4/2026 12:00:00 AM","HoraInicio":"08:00","HoraFin":"10:00","IDObra":12154003,"NombreObra":"heb la fe","IDClienteSAE":12154,"NombreCliente":"EDIFICADORA INDUSTRIAL DEL RIO","IDUso":1,"NombreUso":"Banqueta","IDProducto":513,"NombreProducto":"CONCRETO f\u0027c=200 Ag=20 Rev=14 A1 D","Remision":"M1/91048","CveCiudad":"MTY","NombreVendedor":"CESAR LUNA"},{"Id_Viaje":3035624,"IDPedido":582045,"CargaViaje":7,"IDPlanta":19,"NombrePlantaViaje":"M1-Apodaca","IDUnidad":233,"NombreUnidad":"CR-152","IDOperador":1529,"NombreOperador":"ENRIQUE YESCAS","IDEstatusViaje":2,"NombreEstatus":"Entregado","FechaInicio":"2/4/2026 12:00:00 AM","HoraInicio":"09:30","HoraFin":"11:30","IDObra":11623002,"NombreObra":"sungwoo hitech apartament","IDClienteSAE":11623,"NombreCliente":"TAEINS MEXICO","IDUso":7,"NombreUso":"Firme","IDProducto":485,"NombreProducto":"CONCRETO f\u0027c=250 Ag=20 Rev=10 A1 D","Remision":"M1/91049","CveCiudad":"MTY","NombreVendedor":"CASA PROGRAMACION"},{"Id_Viaje":3035630,"IDPedido":581981,"CargaViaje":7,"IDPlanta":19,"NombrePlantaViaje":"M1-Apodaca","IDUnidad":261,"NombreUnidad":"CR-213","IDOperador":1631,"NombreOperador":"IVAN SANCHEZ","IDEstatusViaje":2,"NombreEstatus":"Entregado","FechaInicio":"2/4/2026 12:00:00 AM","HoraInicio":"11:50","HoraFin":"13:50","IDObra":12154003,"NombreObra":"heb la fe","IDClienteSAE":12154,"NombreCliente":"EDIFICADORA INDUSTRIAL DEL RIO","IDUso":7,"NombreUso":"Firme","IDProducto":513,"NombreProducto":"CONCRETO f\u0027c=200 Ag=20 Rev=14 A1 D","Remision":"M1/91054","CveCiudad":"MTY","NombreVendedor":"CESAR LUNA"},{"Id_Viaje":3035632,"IDPedido":581841,"CargaViaje":7,"IDPlanta":19,"NombrePlantaViaje":"M1-Apodaca","IDUnidad":314,"NombreUnidad":"CR-229","IDOperador":1529,"NombreOperador":"ENRIQUE YESCAS","IDEstatusViaje":2,"NombreEstatus":"Entregado","FechaInicio":"2/4/2026 12:00:00 AM","HoraInicio":"13:00","HoraFin":"15:00","IDObra":9876033,"NombreObra":"privada mugnano","IDClienteSAE":9876,"NombreCliente":"MX CONSTRUCCIONES","IDUso":21,"NombreUso":"Castillos","IDProducto":483,"NombreProducto":"CONCRETO f\u0027c=200 Ag=20. Rev=10 A1 D","Remision":"M1/91091","CveCiudad":"MTY","NombreVendedor":"ENRIQUE ALVAREZ"},{"Id_Viaje":3035638,"IDPedido":581922,"CargaViaje":7,"IDPlanta":7,"NombrePlantaViaje":"M2-Escobedo","IDUnidad":309,"NombreUnidad":"CR-117","IDOperador":1470,"NombreOperador":"ERICK BENJAMIN HERRERA","IDEstatusViaje":2,"NombreEstatus":"Entregado","FechaInicio":"2/4/2026 12:00:00 AM","HoraInicio":"14:00","HoraFin":"16:00","IDObra":8894025,"NombreObra":"cumbres platino","IDClienteSAE":8894,"NombreCliente":"ACRE PROMOTORA","IDUso":15,"NombreUso":"Zapatas","IDProducto":575,"NombreProducto":"CONCRETO f\u0027c=200 Ag=20 Rev=12 A1 D","Remision":"M2/79846","CveCiudad":"MTY","NombreVendedor":"SILVIA LOZANO"},{"Id_Viaje":3035642,"IDPedido":581889,"CargaViaje":5,"IDPlanta":11,"NombrePlantaViaje":"M4-Centro","IDUnidad":173,"NombreUnidad":"CR-165","IDOperador":1472,"NombreOperador":"MIGUEL ANGEL GONZALEZ","IDEstatusViaje":2,"NombreEstatus":"Entregado","FechaInicio":"2/4/2026 12:00:00 AM","HoraInicio":"08:00","HoraFin":"10:00","IDObra":11594002,"NombreObra":"depas san nicolas","IDClienteSAE":11594,"NombreCliente":"PROYECTOS NEM","IDUso":27,"NombreUso":"Empastado","IDProducto":11275,"NombreProducto":"MORTERO f\u0027c=200Kgf/cm2 Ag=4 Rev=14 D 28","Remision":"M4/89023","CveCiudad":"MTY","NombreVendedor":"GUILLERMO RAMA HERRERA"},{"Id_Viaje":3035644,"IDPedido":582065,"CargaViaje":1,"IDPlanta":11,"NombrePlantaViaje":"M4-Centro","IDUnidad":210,"NombreUnidad":"CR-166","IDOperador":1198,"NombreOperador":"ALEJANDRO TREVIÑO","IDEstatusViaje":2,"NombreEstatus":"Entregado","FechaInicio":"2/4/2026 12:00:00 AM","HoraInicio":"07:40","HoraFin":"09:40","IDObra":10580001,"NombreObra":"catehua","IDClienteSAE":10580,"NombreCliente":"LEMURA VIVIENDA","IDUso":26,"NombreUso":"Mortero","IDProducto":9993,"NombreProducto":"MORTERO f\u0027c=200 Kgf/cm2 Ag=4 R=18 A1 B","Remision":"M4/89025","CveCiudad":"MTY","NombreVendedor":"BLANCA P. GARZA"},{"Id_Viaje":3035647,"IDPedido":582066,"CargaViaje":7,"IDPlanta":11,"NombrePlantaViaje":"M4-Centro","IDUnidad":214,"NombreUnidad":"CR-170","IDOperador":1466,"NombreOperador":"JOSE GUADALUPE ESMERALDA","IDEstatusViaje":2,"NombreEstatus":"Entregado","FechaInicio":"2/4/2026 12:00:00 AM","HoraInicio":"07:50","HoraFin":"09:50","IDObra":10580001,"NombreObra":"catehua","IDClienteSAE":10580,"NombreCliente":"LEMURA VIVIENDA","IDUso":8,"NombreUso":"Losa","IDProducto":1557,"NombreProducto":"CONCRETO f\u0027c=250 Ag=20 Rev=18 A1 B","Remision":"M4/89029","CveCiudad":"MTY","NombreVendedor":"BLANCA P. GARZA"},{"Id_Viaje":3035649,"IDPedido":582066,"CargaViaje":7,"IDPlanta":11,"NombrePlantaViaje":"M4-Centro","IDUnidad":213,"NombreUnidad":"CR-171","IDOperador":1610,"NombreOperador":"MOISES ISRAEL HERNANDEZ","IDEstatusViaje":2,"NombreEstatus":"Entregado","FechaInicio":"2/4/2026 12:00:00 AM","HoraInicio":"08:00","HoraFin":"10:00","IDObra":10580001,"NombreObra":"catehua","IDClienteSAE":10580,"NombreCliente":"LEMURA VIVIENDA","IDUso":8,"NombreUso":"Losa","IDProducto":1557,"NombreProducto":"CONCRETO f\u0027c=250 Ag=20 Rev=18 A1 B","Remision":"M4/89035","CveCiudad":"MTY","NombreVendedor":"BLANCA P. GARZA"},{"Id_Viaje":3035651,"IDPedido":582066,"CargaViaje":7,"IDPlanta":11,"NombrePlantaViaje":"M4-Centro","IDUnidad":212,"NombreUnidad":"CR-172","IDOperador":1687,"NombreOperador":"PEDRO ELOY GARCIA","IDEstatusViaje":2,"NombreEstatus":"Entregado","FechaInicio":"2/4/2026 12:00:00 AM","HoraInicio":"08:10","HoraFin":"10:10","IDObra":10580001,"NombreObra":"catehua","IDClienteSAE":10580,"NombreCliente":"LEMURA VIVIENDA","IDUso":8,"NombreUso":"Losa","IDProducto":1557,"NombreProducto":"CONCRETO f\u0027c=250 Ag=20 Rev=18 A1 B","Remision":"M4/89027","CveCiudad":"MTY","NombreVendedor":"BLANCA P. GARZA"},{"Id_Viaje":3035653,"IDPedido":582066,"CargaViaje":7,"IDPlanta":11,"NombrePlantaViaje":"M4-Centro","IDUnidad":43,"NombreUnidad":"CR-173","IDOperador":1563,"NombreOperador":"JOSE ALFREDO DE LEON","IDEstatusViaje":2,"NombreEstatus":"Entregado","FechaInicio":"2/4/2026 12:00:00 AM","HoraInicio":"08:20","HoraFin":"10:20","IDObra":10580001,"NombreObra":"catehua","IDClienteSAE":10580,"NombreCliente":"LEMURA VIVIENDA","IDUso":8,"NombreUso":"Losa","IDProducto":1557,"NombreProducto":"CONCRETO f\u0027c=250 Ag=20 Rev=18 A1 B","Remision":"M4/89033","CveCiudad":"MTY","NombreVendedor":"BLANCA P. GARZA"},{"Id_Viaje":3035655,"IDPedido":582066,"CargaViaje":7,"IDPlanta":11,"NombrePlantaViaje":"M4-Centro","IDUnidad":206,"NombreUnidad":"CR-174","IDOperador":1692,"NombreOperador":"IVAN ENRIQUE PULGARIN","IDEstatusViaje":2,"NombreEstatus":"Entregado","FechaInicio":"2/4/2026 12:00:00 AM","HoraInicio":"08:30","HoraFin":"10:30","IDObra":10580001,"NombreObra":"catehua","IDClienteSAE":10580,"NombreCliente":"LEMURA VIVIENDA","IDUso":8,"NombreUso":"Losa","IDProducto":1557,"NombreProducto":"CONCRETO f\u0027c=250 Ag=20 Rev=18 A1 B","Remision":"M4/89034","CveCiudad":"MTY","NombreVendedor":"BLANCA P. GARZA"},{"Id_Viaje":3035657,"IDPedido":582066,"CargaViaje":7,"IDPlanta":11,"NombrePlantaViaje":"M4-Centro","IDUnidad":8,"NombreUnidad":"CR-244","IDOperador":1151,"NombreOperador":"GERARDO GARCIA","IDEstatusViaje":2,"NombreEstatus":"Entregado","FechaInicio":"2/4/2026 12:00:00 AM","HoraInicio":"08:40","HoraFin":"10:40","IDObra":10580001,"NombreObra":"catehua","IDClienteSAE":10580,"NombreCliente":"LEMURA VIVIENDA","IDUso":8,"NombreUso":"Losa","IDProducto":1557,"NombreProducto":"CONCRETO f\u0027c=250 Ag=20 Rev=18 A1 B","Remision":"M4/89028","CveCiudad":"MTY","NombreVendedor":"BLANCA P. GARZA"},{"Id_Viaje":3035659,"IDPedido":582066,"CargaViaje":7,"IDPlanta":11,"NombrePlantaViaje":"M4-Centro","IDUnidad":376,"NombreUnidad":"CR-247","IDOperador":1466,"NombreOperador":"JOSE GUADALUPE ESMERALDA","IDEstatusViaje":2,"NombreEstatus":"Entregado","FechaInicio":"2/4/2026 12:00:00 AM","HoraInicio":"08:50","HoraFin":"10:50","IDObra":10580001,"NombreObra":"catehua","IDClienteSAE":10580,"NombreCliente":"LEMURA VIVIENDA","IDUso":8,"NombreUso":"Losa","IDProducto":1557,"NombreProducto":"CONCRETO f\u0027c=250 Ag=20 Rev=18 A1 B","Remision":"M4/89036","CveCiudad":"MTY","NombreVendedor":"BLANCA P. GARZA"},{"Id_Viaje":3035661,"IDPedido":582066,"CargaViaje":7,"IDPlanta":11,"NombrePlantaViaje":"M4-Centro","IDUnidad":173,"NombreUnidad":"CR-165","IDOperador":1472,"NombreOperador":"MIGUEL ANGEL GONZALEZ","IDEstatusViaje":2,"NombreEstatus":"Entregado","FechaInicio":"2/4/2026 12:00:00 AM","HoraInicio":"09:00","HoraFin":"11:00","IDObra":10580001,"NombreObra":"catehua","IDClienteSAE":10580,"NombreCliente":"LEMURA VIVIENDA","IDUso":8,"NombreUso":"Losa","IDProducto":1557,"NombreProducto":"CONCRETO f\u0027c=250 Ag=20 Rev=18 A1 B","Remision":"M4/89038","CveCiudad":"MTY","NombreVendedor":"BLANCA P. GARZA"},{"Id_Viaje":3035663,"IDPedido":582066,"CargaViaje":7,"IDPlanta":11,"NombrePlantaViaje":"M4-Centro","IDUnidad":314,"NombreUnidad":"CR-229","IDOperador":1529,"NombreOperador":"ENRIQUE YESCAS","IDEstatusViaje":2,"NombreEstatus":"Entregado","FechaInicio":"2/4/2026 12:00:00 AM","HoraInicio":"11:00","HoraFin":"11:30","IDObra":10580001,"NombreObra":"catehua","IDClienteSAE":10580,"NombreCliente":"LEMURA VIVIENDA","IDUso":8,"NombreUso":"Losa","IDProducto":1557,"NombreProducto":"CONCRETO f\u0027c=250 Ag=20 Rev=18 A1 B","Remision":"M4/89026","CveCiudad":"MTY","NombreVendedor":"BLANCA P. GARZA"},{"Id_Viaje":3035665,"IDPedido":582066,"CargaViaje":7,"IDPlanta":11,"NombrePlantaViaje":"M4-Centro","IDUnidad":340,"NombreUnidad":"CR-219","IDOperador":1122,"NombreOperador":"NOE CASTILLO","IDEstatusViaje":2,"NombreEstatus":"Entregado","FechaInicio":"2/4/2026 12:00:00 AM","HoraInicio":"11:30","HoraFin":"12:00","IDObra":10580001,"NombreObra":"catehua","IDClienteSAE":10580,"NombreCliente":"LEMURA VIVIENDA","IDUso":8,"NombreUso":"Losa","IDProducto":1557,"NombreProducto":"CONCRETO f\u0027c=250 Ag=20 Rev=18 A1 B","Remision":"M4/89031","CveCiudad":"MTY","NombreVendedor":"BLANCA P. GARZA"},{"Id_Viaje":3035668,"IDPedido":582066,"CargaViaje":7,"IDPlanta":11,"NombrePlantaViaje":"M4-Centro","IDUnidad":315,"NombreUnidad":"CR-232","IDOperador":1452,"NombreOperador":"VICTOR LOPEZ","IDEstatusViaje":2,"NombreEstatus":"Entregado","FechaInicio":"2/4/2026 12:00:00 AM","HoraInicio":"12:00","HoraFin":"12:30","IDObra":10580001,"NombreObra":"catehua","IDClienteSAE":10580,"NombreCliente":"LEMURA VIVIENDA","IDUso":8,"NombreUso":"Losa","IDProducto":1557,"NombreProducto":"CONCRETO f\u0027c=250 Ag=20 Rev=18 A1 B","Remision":"M4/89032","CveCiudad":"MTY","NombreVendedor":"BLANCA P. GARZA"},{"Id_Viaje":3035676,"IDPedido":582058,"CargaViaje":5,"IDPlanta":15,"NombrePlantaViaje":"M5-Santiago","IDUnidad":216,"NombreUnidad":"CR-227","IDOperador":1468,"NombreOperador":"JOSE LUIS ESPARZA","IDEstatusViaje":2,"NombreEstatus":"Entregado","FechaInicio":"2/4/2026 12:00:00 AM","HoraInicio":"07:30","HoraFin":"09:30","IDObra":12191002,"NombreObra":"los encinos","IDClienteSAE":12191,"NombreCliente":"INGENIERIA DE PAVIMENTOS ASFALTICOS Y TOPOGRAFIA","IDUso":1,"NombreUso":"Banqueta","IDProducto":513,"NombreProducto":"CONCRETO f\u0027c=200 Ag=20 Rev=14 A1 D","Remision":"M5/37053","CveCiudad":"MTY","NombreVendedor":"CASA PROGRAMACION"},{"Id_Viaje":3035682,"IDPedido":581629,"CargaViaje":5,"IDPlanta":16,"NombrePlantaViaje":"M6-Juarez","IDUnidad":231,"NombreUnidad":"CR-151","IDOperador":1581,"NombreOperador":"FRANCISCO JAVIER GONZALEZ","IDEstatusViaje":2,"NombreEstatus":"Entregado","FechaInicio":"2/4/2026 12:00:00 AM","HoraInicio":"07:30","HoraFin":"09:30","IDObra":10117012,"NombreObra":"corfu residencial","IDClienteSAE":10117,"NombreCliente":"RESIDE INMUEBLES","IDUso":1,"NombreUso":"Banqueta","IDProducto":481,"NombreProducto":"CONCRETO f\u0027c=150 Ag=20 Rev=10 A1 D","Remision":"M6/67027","CveCiudad":"MTY","NombreVendedor":"ENRIQUE ALVAREZ"},{"Id_Viaje":3035688,"IDPedido":581627,"CargaViaje":7,"IDPlanta":16,"NombrePlantaViaje":"M6-Juarez","IDUnidad":342,"NombreUnidad":"CR-223","IDOperador":1143,"NombreOperador":"FERNANDO TEY","IDEstatusViaje":2,"NombreEstatus":"Entregado","FechaInicio":"2/4/2026 12:00:00 AM","HoraInicio":"13:00","HoraFin":"15:00","IDObra":10117012,"NombreObra":"corfu residencial","IDClienteSAE":10117,"NombreCliente":"RESIDE INMUEBLES","IDUso":7,"NombreUso":"Firme","IDProducto":483,"NombreProducto":"CONCRETO f\u0027c=200 Ag=20. Rev=10 A1 D","Remision":"M6/67031","CveCiudad":"MTY","NombreVendedor":"ENRIQUE ALVAREZ"},{"Id_Viaje":3035692,"IDPedido":581984,"CargaViaje":4,"IDPlanta":18,"NombrePlantaViaje":"M7-Salinas","IDUnidad":46,"NombreUnidad":"CR-061","IDOperador":1440,"NombreOperador":"HECTOR ALEJANDRO SALAZAR","IDEstatusViaje":2,"NombreEstatus":"Entregado","FechaInicio":"2/4/2026 12:00:00 AM","HoraInicio":"09:00","HoraFin":"11:00","IDObra":8153050,"NombreObra":"CASTILLA DIAMANTE","IDClienteSAE":8153,"NombreCliente":"CONSTRUCTORA OBREGON FERNANDEZ","IDUso":1,"NombreUso":"Banqueta","IDProducto":589,"NombreProducto":"CONCRETO f\u0027c=150 Ag=20 Rev=12 A1 D","Remision":"M7/41033","CveCiudad":"MTY","NombreVendedor":"CESAR LUNA"},{"Id_Viaje":3035814,"IDPedido":582097,"CargaViaje":7,"IDPlanta":11,"NombrePlantaViaje":"M4-Centro","IDUnidad":371,"NombreUnidad":"CR-008","IDOperador":1199,"NombreOperador":"GABRIEL RIVERA","IDEstatusViaje":2,"NombreEstatus":"Entregado","FechaInicio":"2/4/2026 12:00:00 AM","HoraInicio":"00:00","HoraFin":"00:30","IDObra":12239001,"NombreObra":"iberdrola energia monterrey","IDClienteSAE":12239,"NombreCliente":"GRUPO JILYET","IDUso":7,"NombreUso":"Firme","IDProducto":551,"NombreProducto":"CONCRETO f\u0027c=250 Ag=20 Rev=14 A1 D","Remision":"M4/89039","CveCiudad":"MTY","NombreVendedor":"ENRIQUE ALVAREZ"},{"Id_Viaje":3035816,"IDPedido":582097,"CargaViaje":4,"IDPlanta":11,"NombrePlantaViaje":"M4-Centro","IDUnidad":40,"NombreUnidad":"CR-031","IDOperador":1157,"NombreOperador":"JUAN JOSE ROSARIO LOPEZ","IDEstatusViaje":2,"NombreEstatus":"Entregado","FechaInicio":"2/4/2026 12:00:00 AM","HoraInicio":"00:10","HoraFin":"00:40","IDObra":12239001,"NombreObra":"iberdrola energia monterrey","IDClienteSAE":12239,"NombreCliente":"GRUPO JILYET","IDUso":7,"NombreUso":"Firme","IDProducto":551,"NombreProducto":"CONCRETO f\u0027c=250 Ag=20 Rev=14 A1 D","Remision":"M4/89041","CveCiudad":"MTY","NombreVendedor":"ENRIQUE ALVAREZ"},{"Id_Viaje":3035822,"IDPedido":582099,"CargaViaje":7,"IDPlanta":11,"NombrePlantaViaje":"M4-Centro","IDUnidad":314,"NombreUnidad":"CR-229","IDOperador":1529,"NombreOperador":"ENRIQUE YESCAS","IDEstatusViaje":2,"NombreEstatus":"Entregado","FechaInicio":"2/4/2026 12:00:00 AM","HoraInicio":"07:00","HoraFin":"07:30","IDObra":10580001,"NombreObra":"catehua","IDClienteSAE":10580,"NombreCliente":"LEMURA VIVIENDA","IDUso":7,"NombreUso":"Firme","IDProducto":589,"NombreProducto":"CONCRETO f\u0027c=150 Ag=20 Rev=12 A1 D","Remision":"M4/89024","CveCiudad":"MTY","NombreVendedor":"BLANCA P. GARZA"},{"Id_Viaje":3035853,"IDPedido":582102,"CargaViaje":7,"IDPlanta":7,"NombrePlantaViaje":"M2-Escobedo","IDUnidad":375,"NombreUnidad":"CR-121","IDOperador":78,"NombreOperador":"CARLOS ALBERTO VILLARREAL","IDEstatusViaje":2,"NombreEstatus":"Entregado","FechaInicio":"2/4/2026 12:00:00 AM","HoraInicio":"07:30","HoraFin":"09:30","IDObra":3828024,"NombreObra":"oxxo solana","IDClienteSAE":3828,"NombreCliente":"VEGA PONCE CONSTRUCCIONES","IDUso":8,"NombreUso":"Losa","IDProducto":491,"NombreProducto":"CONCRETO f\u0027c=200 Ag=20 Rev=14 A1 B","Remision":"M2/79842","CveCiudad":"MTY","NombreVendedor":"CASA PROGRAMACION"},{"Id_Viaje":3035855,"IDPedido":582102,"CargaViaje":7,"IDPlanta":7,"NombrePlantaViaje":"M2-Escobedo","IDUnidad":374,"NombreUnidad":"CR-189","IDOperador":1444,"NombreOperador":"HUMBERTO GONZALEZ","IDEstatusViaje":2,"NombreEstatus":"Entregado","FechaInicio":"2/4/2026 12:00:00 AM","HoraInicio":"07:40","HoraFin":"09:40","IDObra":3828024,"NombreObra":"oxxo solana","IDClienteSAE":3828,"NombreCliente":"VEGA PONCE CONSTRUCCIONES","IDUso":8,"NombreUso":"Losa","IDProducto":491,"NombreProducto":"CONCRETO f\u0027c=200 Ag=20 Rev=14 A1 B","Remision":"M2/79843","CveCiudad":"MTY","NombreVendedor":"CASA PROGRAMACION"},{"Id_Viaje":3035858,"IDPedido":582104,"CargaViaje":6,"IDPlanta":16,"NombrePlantaViaje":"M6-Juarez","IDUnidad":228,"NombreUnidad":"CR-224","IDOperador":1146,"NombreOperador":"LUIS ANTONIO VEGA","IDEstatusViaje":2,"NombreEstatus":"Entregado","FechaInicio":"2/4/2026 12:00:00 AM","HoraInicio":"09:00","HoraFin":"11:00","IDObra":10475011,"NombreObra":"san juan","IDClienteSAE":10475,"NombreCliente":"PROMOTORA DE INMUEBLES LINDA VISTA","IDUso":5,"NombreUso":"Cordon","IDProducto":483,"NombreProducto":"CONCRETO f\u0027c=200 Ag=20. Rev=10 A1 D","Remision":"M6/67028","CveCiudad":"MTY","NombreVendedor":"CASA PROGRAMACION"},{"Id_Viaje":3035880,"IDPedido":582111,"CargaViaje":6,"IDPlanta":15,"NombrePlantaViaje":"M5-Santiago","IDUnidad":28,"NombreUnidad":"CR-241","IDOperador":1509,"NombreOperador":"JUAN LUIS ROCHA","IDEstatusViaje":2,"NombreEstatus":"Entregado","FechaInicio":"2/4/2026 12:00:00 AM","HoraInicio":"11:00","HoraFin":"13:00","IDObra":541061,"NombreObra":"ANTIGUA SUR","IDClienteSAE":541,"NombreCliente":"DESARROLLOS LOCSA","IDUso":5,"NombreUso":"Cordon","IDProducto":483,"NombreProducto":"CONCRETO f\u0027c=200 Ag=20. Rev=10 A1 D","Remision":"M5/37055","CveCiudad":"MTY","NombreVendedor":"GUILLERMO RAMA HERRERA"},{"Id_Viaje":3035888,"IDPedido":582120,"CargaViaje":3,"IDPlanta":11,"NombrePlantaViaje":"M4-Centro","IDUnidad":366,"NombreUnidad":"CR-235","IDOperador":1198,"NombreOperador":"ALEJANDRO TREVIÑO","IDEstatusViaje":2,"NombreEstatus":"Entregado","FechaInicio":"2/4/2026 12:00:00 AM","HoraInicio":"06:30","HoraFin":"08:30","IDObra":10580001,"NombreObra":"catehua","IDClienteSAE":10580,"NombreCliente":"LEMURA VIVIENDA","IDUso":3,"NombreUso":"Columnas","IDProducto":3505,"NombreProducto":"CONCRETO f\u0027c=450 Ag=20 Rev=18 D","Remision":"M4/89021","CveCiudad":"MTY","NombreVendedor":"BLANCA P. GARZA"},{"Id_Viaje":3035896,"IDPedido":582118,"CargaViaje":7,"IDPlanta":31,"NombrePlantaViaje":"G3-Tlajomulco","IDUnidad":316,"NombreUnidad":"CR-013","IDOperador":40,"NombreOperador":"JUAN PABLO ESCOBAR","IDEstatusViaje":1,"NombreEstatus":"Despachado","FechaInicio":"2/4/2026 12:00:00 AM","HoraInicio":"08:00","HoraFin":"10:00","IDObra":6309004,"NombreObra":"ZACOALCO 2","IDClienteSAE":6309,"NombreCliente":"ARCH-VISION","IDUso":1,"NombreUso":"Banqueta","IDProducto":11453,"NombreProducto":"CONCRETO f\u0027c=200 Ag=20 Rev=10 D 28","Remision":"G3/49811","CveCiudad":"GDL","NombreVendedor":"RODOLFO ARREDONDO"},{"Id_Viaje":3035900,"IDPedido":582113,"CargaViaje":7,"IDPlanta":14,"NombrePlantaViaje":"G2-Zapopan","IDUnidad":90,"NombreUnidad":"CR-115","IDOperador":1732,"NombreOperador":"FRANCISCO BELTRAN","IDEstatusViaje":1,"NombreEstatus":"Despachado","FechaInicio":"2/4/2026 12:00:00 AM","HoraInicio":"06:30","HoraFin":"08:30","IDObra":6177002,"NombreObra":"FRACC SOFIA CLUB DE GOLF","IDClienteSAE":6177,"NombreCliente":"CONSTRUCCION INGENIERIA Y ESTRUCTURA LA LOMA","IDUso":85,"NombreUso":"Cochera","IDProducto":11453,"NombreProducto":"CONCRETO f\u0027c=200 Ag=20 Rev=10 D 28","Remision":"G2/63051","CveCiudad":"GDL","NombreVendedor":"FEDERICO GARCIA"},{"Id_Viaje":3035906,"IDPedido":582119,"CargaViaje":7,"IDPlanta":31,"NombrePlantaViaje":"G3-Tlajomulco","IDUnidad":149,"NombreUnidad":"CR-102","IDOperador":102,"NombreOperador":"ALFONSO OVALLE","IDEstatusViaje":1,"NombreEstatus":"Despachado","FechaInicio":"2/4/2026 12:00:00 AM","HoraInicio":"11:00","HoraFin":"13:00","IDObra":6309004,"NombreObra":"ZACOALCO 2","IDClienteSAE":6309,"NombreCliente":"ARCH-VISION","IDUso":1,"NombreUso":"Banqueta","IDProducto":2773,"NombreProducto":"CONCRETO MR:45 Ag=40 Rev:10 A1 D","Remision":"G3/49812","CveCiudad":"GDL","NombreVendedor":"RODOLFO ARREDONDO"},{"Id_Viaje":3035908,"IDPedido":582124,"CargaViaje":7,"IDPlanta":23,"NombrePlantaViaje":"L1-Leon","IDUnidad":351,"NombreUnidad":"CR-237-DRH","IDOperador":1623,"NombreOperador":"JORGE IGNACIO NEGRETE","IDEstatusViaje":1,"NombreEstatus":"Despachado","FechaInicio":"2/4/2026 12:00:00 AM","HoraInicio":"05:00","HoraFin":"07:00","IDObra":3156001,"NombreObra":"COPACHISA IND. COLINAS DE LEON","IDClienteSAE":3156,"NombreCliente":"COPACHISA","IDUso":9,"NombreUso":"Muro","IDProducto":12109,"NombreProducto":"CONCRETO f\u0027c=280 Ag=20 Rev=14 B 28","Remision":"L1/40906","CveCiudad":"LEON","NombreVendedor":"OFICINA MATRIZ"},{"Id_Viaje":3035910,"IDPedido":582124,"CargaViaje":7,"IDPlanta":23,"NombrePlantaViaje":"L1-Leon","IDUnidad":352,"NombreUnidad":"CR-246-NRH","IDOperador":522,"NombreOperador":"[LIBRE] .","IDEstatusViaje":1,"NombreEstatus":"Despachado","FechaInicio":"2/4/2026 12:00:00 AM","HoraInicio":"05:10","HoraFin":"07:10","IDObra":3156001,"NombreObra":"COPACHISA IND. COLINAS DE LEON","IDClienteSAE":3156,"NombreCliente":"COPACHISA","IDUso":9,"NombreUso":"Muro","IDProducto":12109,"NombreProducto":"CONCRETO f\u0027c=280 Ag=20 Rev=14 B 28","Remision":"L1/40907","CveCiudad":"LEON","NombreVendedor":"OFICINA MATRIZ"},{"Id_Viaje":3035912,"IDPedido":582124,"CargaViaje":7,"IDPlanta":23,"NombrePlantaViaje":"L1-Leon","IDUnidad":165,"NombreUnidad":"CR-207 FRG","IDOperador":1634,"NombreOperador":"JOSE GUADALUPE POZOS","IDEstatusViaje":1,"NombreEstatus":"Despachado","FechaInicio":"2/4/2026 12:00:00 AM","HoraInicio":"05:20","HoraFin":"07:20","IDObra":3156001,"NombreObra":"COPACHISA IND. COLINAS DE LEON","IDClienteSAE":3156,"NombreCliente":"COPACHISA","IDUso":9,"NombreUso":"Muro","IDProducto":12109,"NombreProducto":"CONCRETO f\u0027c=280 Ag=20 Rev=14 B 28","Remision":"L1/40908","CveCiudad":"LEON","NombreVendedor":"OFICINA MATRIZ"},{"Id_Viaje":3035914,"IDPedido":582124,"CargaViaje":7,"IDPlanta":23,"NombrePlantaViaje":"L1-Leon","IDUnidad":292,"NombreUnidad":"CR-210 JRG","IDOperador":1609,"NombreOperador":"ANDRES GONZALEZ","IDEstatusViaje":1,"NombreEstatus":"Despachado","FechaInicio":"2/4/2026 12:00:00 AM","HoraInicio":"05:30","HoraFin":"07:30","IDObra":3156001,"NombreObra":"COPACHISA IND. COLINAS DE LEON","IDClienteSAE":3156,"NombreCliente":"COPACHISA","IDUso":9,"NombreUso":"Muro","IDProducto":12109,"NombreProducto":"CONCRETO f\u0027c=280 Ag=20 Rev=14 B 28","Remision":"L1/40909","CveCiudad":"LEON","NombreVendedor":"OFICINA MATRIZ"},{"Id_Viaje":3035916,"IDPedido":582124,"CargaViaje":7,"IDPlanta":23,"NombrePlantaViaje":"L1-Leon","IDUnidad":290,"NombreUnidad":"CR-215 RRF","IDOperador":1578,"NombreOperador":"JOSE FLORENTINO TORRES","IDEstatusViaje":1,"NombreEstatus":"Despachado","FechaInicio":"2/4/2026 12:00:00 AM","HoraInicio":"05:40","HoraFin":"07:40","IDObra":3156001,"NombreObra":"COPACHISA IND. COLINAS DE LEON","IDClienteSAE":3156,"NombreCliente":"COPACHISA","IDUso":9,"NombreUso":"Muro","IDProducto":12109,"NombreProducto":"CONCRETO f\u0027c=280 Ag=20 Rev=14 B 28","Remision":"L1/40915","CveCiudad":"LEON","NombreVendedor":"OFICINA MATRIZ"},{"Id_Viaje":3035918,"IDPedido":582123,"CargaViaje":7,"IDPlanta":23,"NombrePlantaViaje":"L1-Leon","IDUnidad":353,"NombreUnidad":"CR-221 XRG","IDOperador":1624,"NombreOperador":"JUAN VICTOR PEREZ","IDEstatusViaje":1,"NombreEstatus":"Despachado","FechaInicio":"2/4/2026 12:00:00 AM","HoraInicio":"04:30","HoraFin":"06:30","IDObra":2494001,"NombreObra":"salon de fiesta","IDClienteSAE":2494,"NombreCliente":"MILIA ARISTA INMOBILIARIA","IDUso":7,"NombreUso":"Firme","IDProducto":1227,"NombreProducto":"CONCRETO f\u0027c:200 Ag=20 Rev:14 A1 B","Remision":"L1/40910","CveCiudad":"LEON","NombreVendedor":"JESSICA GAYTAN"},{"Id_Viaje":3035920,"IDPedido":582123,"CargaViaje":7,"IDPlanta":23,"NombrePlantaViaje":"L1-Leon","IDUnidad":354,"NombreUnidad":"CR-226 2RH","IDOperador":1329,"NombreOperador":"CHRISTIAN ALEJANDRO ARENAS","IDEstatusViaje":1,"NombreEstatus":"Despachado","FechaInicio":"2/4/2026 12:00:00 AM","HoraInicio":"04:40","HoraFin":"06:40","IDObra":2494001,"NombreObra":"salon de fiesta","IDClienteSAE":2494,"NombreCliente":"MILIA ARISTA INMOBILIARIA","IDUso":7,"NombreUso":"Firme","IDProducto":1227,"NombreProducto":"CONCRETO f\u0027c:200 Ag=20 Rev:14 A1 B","Remision":"L1/40911","CveCiudad":"LEON","NombreVendedor":"JESSICA GAYTAN"},{"Id_Viaje":3035922,"IDPedido":582123,"CargaViaje":7,"IDPlanta":23,"NombrePlantaViaje":"L1-Leon","IDUnidad":77,"NombreUnidad":"CR193-1RG","IDOperador":1623,"NombreOperador":"JORGE IGNACIO NEGRETE","IDEstatusViaje":1,"NombreEstatus":"Despachado","FechaInicio":"2/4/2026 12:00:00 AM","HoraInicio":"04:50","HoraFin":"06:50","IDObra":2494001,"NombreObra":"salon de fiesta","IDClienteSAE":2494,"NombreCliente":"MILIA ARISTA INMOBILIARIA","IDUso":7,"NombreUso":"Firme","IDProducto":1227,"NombreProducto":"CONCRETO f\u0027c:200 Ag=20 Rev:14 A1 B","Remision":"L1/40914","CveCiudad":"LEON","NombreVendedor":"JESSICA GAYTAN"},{"Id_Viaje":3035924,"IDPedido":582121,"CargaViaje":7,"IDPlanta":20,"NombrePlantaViaje":"A1-Ojo Caliente","IDUnidad":122,"NombreUnidad":"CR-043-","IDOperador":1067,"NombreOperador":"JUAN HUMBERTO MARQUEZ","IDEstatusViaje":1,"NombreEstatus":"Despachado","FechaInicio":"2/4/2026 12:00:00 AM","HoraInicio":"00:00","HoraFin":"02:00","IDObra":4616010,"NombreObra":"TEOCALTICHE","IDClienteSAE":4616,"NombreCliente":"MIGUEL ANGEL JAYME VALERIO","IDUso":25,"NombreUso":"Pavimento","IDProducto":2536,"NombreProducto":"CONCRETO f\u0027c:250 Ag=40 Rev:10 A1 D","Remision":"A1/96343","CveCiudad":"AGS","NombreVendedor":"HECTOR VILLANUEVA"},{"Id_Viaje":3035926,"IDPedido":582122,"CargaViaje":5,"IDPlanta":20,"NombrePlantaViaje":"A1-Ojo Caliente","IDUnidad":350,"NombreUnidad":"CR-047","IDOperador":1076,"NombreOperador":"EZEQUIEL SANDOVAL","IDEstatusViaje":1,"NombreEstatus":"Despachado","FechaInicio":"2/4/2026 12:00:00 AM","HoraInicio":"00:10","HoraFin":"02:10","IDObra":2380002,"NombreObra":"OJUELOS JALISCO","IDClienteSAE":2380,"NombreCliente":"MUNICIPIO DE OJUELOS JALISCO","IDUso":8,"NombreUso":"Losa","IDProducto":1042,"NombreProducto":"CONCRETO f\u0027c:250 Ag=20 Rev:14 A1 B","Remision":"A1/96344","CveCiudad":"AGS","NombreVendedor":"HECTOR VILLANUEVA"},{"Id_Viaje":3035928,"IDPedido":582121,"CargaViaje":7,"IDPlanta":20,"NombrePlantaViaje":"A1-Ojo Caliente","IDUnidad":108,"NombreUnidad":"CR-098 2RD","IDOperador":1503,"NombreOperador":"ALBERTO HERNANDEZ","IDEstatusViaje":1,"NombreEstatus":"Despachado","FechaInicio":"2/4/2026 12:00:00 AM","HoraInicio":"00:20","HoraFin":"02:20","IDObra":4616010,"NombreObra":"TEOCALTICHE","IDClienteSAE":4616,"NombreCliente":"MIGUEL ANGEL JAYME VALERIO","IDUso":25,"NombreUso":"Pavimento","IDProducto":2536,"NombreProducto":"CONCRETO f\u0027c:250 Ag=40 Rev:10 A1 D","Remision":"A1/96345","CveCiudad":"AGS","NombreVendedor":"HECTOR VILLANUEVA"},{"Id_Viaje":3035930,"IDPedido":582121,"CargaViaje":7,"IDPlanta":20,"NombrePlantaViaje":"A1-Ojo Caliente","IDUnidad":112,"NombreUnidad":"CR-154 TRE","IDOperador":1504,"NombreOperador":"HUGO MEDINA","IDEstatusViaje":1,"NombreEstatus":"Despachado","FechaInicio":"2/4/2026 12:00:00 AM","HoraInicio":"00:30","HoraFin":"02:30","IDObra":4616010,"NombreObra":"TEOCALTICHE","IDClienteSAE":4616,"NombreCliente":"MIGUEL ANGEL JAYME VALERIO","IDUso":25,"NombreUso":"Pavimento","IDProducto":2536,"NombreProducto":"CONCRETO f\u0027c:250 Ag=40 Rev:10 A1 D","Remision":"A1/96346","CveCiudad":"AGS","NombreVendedor":"HECTOR VILLANUEVA"},{"Id_Viaje":3035932,"IDPedido":582121,"CargaViaje":7,"IDPlanta":20,"NombrePlantaViaje":"A1-Ojo Caliente","IDUnidad":48,"NombreUnidad":"CR-063 ZRB","IDOperador":1500,"NombreOperador":"RICARDO CHAVEZ","IDEstatusViaje":1,"NombreEstatus":"Despachado","FechaInicio":"2/4/2026 12:00:00 AM","HoraInicio":"00:40","HoraFin":"02:40","IDObra":4616010,"NombreObra":"TEOCALTICHE","IDClienteSAE":4616,"NombreCliente":"MIGUEL ANGEL JAYME VALERIO","IDUso":25,"NombreUso":"Pavimento","IDProducto":2536,"NombreProducto":"CONCRETO f\u0027c:250 Ag=40 Rev:10 A1 D","Remision":"A1/96347","CveCiudad":"AGS","NombreVendedor":"HECTOR VILLANUEVA"},{"Id_Viaje":3035934,"IDPedido":582121,"CargaViaje":6,"IDPlanta":20,"NombrePlantaViaje":"A1-Ojo Caliente","IDUnidad":115,"NombreUnidad":"CR-069","IDOperador":209,"NombreOperador":"MARCO DE LEON","IDEstatusViaje":1,"NombreEstatus":"Despachado","FechaInicio":"2/4/2026 12:00:00 AM","HoraInicio":"00:50","HoraFin":"02:50","IDObra":4616010,"NombreObra":"TEOCALTICHE","IDClienteSAE":4616,"NombreCliente":"MIGUEL ANGEL JAYME VALERIO","IDUso":25,"NombreUso":"Pavimento","IDProducto":2536,"NombreProducto":"CONCRETO f\u0027c:250 Ag=40 Rev:10 A1 D","Remision":"A1/96348","CveCiudad":"AGS","NombreVendedor":"HECTOR VILLANUEVA"},{"Id_Viaje":3035936,"IDPedido":582123,"CargaViaje":7,"IDPlanta":23,"NombrePlantaViaje":"L1-Leon","IDUnidad":296,"NombreUnidad":"CR-027","IDOperador":773,"NombreOperador":"OMAR RODRIGO FRANCO","IDEstatusViaje":1,"NombreEstatus":"Despachado","FechaInicio":"2/4/2026 12:00:00 AM","HoraInicio":"04:30","HoraFin":"06:30","IDObra":2494001,"NombreObra":"salon de fiesta","IDClienteSAE":2494,"NombreCliente":"MILIA ARISTA INMOBILIARIA","IDUso":7,"NombreUso":"Firme","IDProducto":1227,"NombreProducto":"CONCRETO f\u0027c:200 Ag=20 Rev:14 A1 B","Remision":"L1/40912","CveCiudad":"LEON","NombreVendedor":"JESSICA GAYTAN"},{"Id_Viaje":3035938,"IDPedido":582123,"CargaViaje":7,"IDPlanta":23,"NombrePlantaViaje":"L1-Leon","IDUnidad":355,"NombreUnidad":"CR-233 9RH","IDOperador":1325,"NombreOperador":"RAMIRO HERNANDEZ","IDEstatusViaje":1,"NombreEstatus":"Despachado","FechaInicio":"2/4/2026 12:00:00 AM","HoraInicio":"04:40","HoraFin":"06:40","IDObra":2494001,"NombreObra":"salon de fiesta","IDClienteSAE":2494,"NombreCliente":"MILIA ARISTA INMOBILIARIA","IDUso":7,"NombreUso":"Firme","IDProducto":1227,"NombreProducto":"CONCRETO f\u0027c:200 Ag=20 Rev:14 A1 B","Remision":"L1/40913","CveCiudad":"LEON","NombreVendedor":"JESSICA GAYTAN"},{"Id_Viaje":3035940,"IDPedido":582130,"CargaViaje":7,"IDPlanta":30,"NombrePlantaViaje":"P1-Coronango","IDUnidad":195,"NombreUnidad":"CR-158","IDOperador":1006,"NombreOperador":"VICTOR MANUEL HERNANDEZ","IDEstatusViaje":1,"NombreEstatus":"Despachado","FechaInicio":"2/4/2026 12:00:00 AM","HoraInicio":"07:00","HoraFin":"09:00","IDObra":1491005,"NombreObra":"SANTA CATARINA COATEPEC","IDClienteSAE":1491,"NombreCliente":"GRUPO CONSTRUCTOR MATEOS CABRERA","IDUso":15,"NombreUso":"Zapatas","IDProducto":10975,"NombreProducto":"CONCRETO f\u0027c: 250 Ag=20 Rev.14 A1 B","Remision":"P1/38395","CveCiudad":"PUE","NombreVendedor":"GUADALUPE HERNANDEZ"},{"Id_Viaje":3035942,"IDPedido":582133,"CargaViaje":6,"IDPlanta":30,"NombrePlantaViaje":"P1-Coronango","IDUnidad":196,"NombreUnidad":"CR-159","IDOperador":1013,"NombreOperador":"ALEJANDRO ARCE","IDEstatusViaje":1,"NombreEstatus":"Despachado","FechaInicio":"2/4/2026 12:00:00 AM","HoraInicio":"07:00","HoraFin":"09:00","IDObra":845011,"NombreObra":"fracc platiniO","IDClienteSAE":845,"NombreCliente":"GRUPO BRECASA","IDUso":21,"NombreUso":"Castillos","IDProducto":11315,"NombreProducto":"CONCRETO f\u0027c=200 Ag=10 Rev=14 D 28","Remision":"P1/38398","CveCiudad":"PUE","NombreVendedor":"VENDEDOR PUEBLA ."},{"Id_Viaje":3035944,"IDPedido":582136,"CargaViaje":7,"IDPlanta":30,"NombrePlantaViaje":"P1-Coronango","IDUnidad":197,"NombreUnidad":"CR-160","IDOperador":1016,"NombreOperador":"FRANCISCO MANUEL PARDO","IDEstatusViaje":1,"NombreEstatus":"Despachado","FechaInicio":"2/4/2026 12:00:00 AM","HoraInicio":"07:00","HoraFin":"09:00","IDObra":1847001,"NombreObra":"CBTIS 300","IDClienteSAE":1847,"NombreCliente":"ESPECIALISTAS EN ACABADOS PROFESIONALES","IDUso":7,"NombreUso":"Firme","IDProducto":11089,"NombreProducto":"CONCRETO f\u0027c=200 Ag=10 Rev=14 B 28","Remision":"P1/38396","CveCiudad":"PUE","NombreVendedor":"GUADALUPE HERNANDEZ"},{"Id_Viaje":3035946,"IDPedido":582136,"CargaViaje":7,"IDPlanta":30,"NombrePlantaViaje":"P1-Coronango","IDUnidad":198,"NombreUnidad":"CR-161","IDOperador":1008,"NombreOperador":"CARLOS ARMAS","IDEstatusViaje":1,"NombreEstatus":"Despachado","FechaInicio":"2/4/2026 12:00:00 AM","HoraInicio":"07:10","HoraFin":"09:10","IDObra":1847001,"NombreObra":"CBTIS 300","IDClienteSAE":1847,"NombreCliente":"ESPECIALISTAS EN ACABADOS PROFESIONALES","IDUso":7,"NombreUso":"Firme","IDProducto":11089,"NombreProducto":"CONCRETO f\u0027c=200 Ag=10 Rev=14 B 28","Remision":"P1/38402","CveCiudad":"PUE","NombreVendedor":"GUADALUPE HERNANDEZ"},{"Id_Viaje":3035948,"IDPedido":582136,"CargaViaje":5,"IDPlanta":30,"NombrePlantaViaje":"P1-Coronango","IDUnidad":199,"NombreUnidad":"CR-162","IDOperador":1005,"NombreOperador":"DAVID FLORES","IDEstatusViaje":1,"NombreEstatus":"Despachado","FechaInicio":"2/4/2026 12:00:00 AM","HoraInicio":"07:20","HoraFin":"09:20","IDObra":1847001,"NombreObra":"CBTIS 300","IDClienteSAE":1847,"NombreCliente":"ESPECIALISTAS EN ACABADOS PROFESIONALES","IDUso":7,"NombreUso":"Firme","IDProducto":11089,"NombreProducto":"CONCRETO f\u0027c=200 Ag=10 Rev=14 B 28","Remision":"P1/38406","CveCiudad":"PUE","NombreVendedor":"GUADALUPE HERNANDEZ"},{"Id_Viaje":3035950,"IDPedido":582139,"CargaViaje":3,"IDPlanta":36,"NombrePlantaViaje":"Q1-Apaseo","IDUnidad":104,"NombreUnidad":"CR-024","IDOperador":1524,"NombreOperador":"ALEJANDRO VALLEJO","IDEstatusViaje":2,"NombreEstatus":"Entregado","FechaInicio":"2/4/2026 12:00:00 AM","HoraInicio":"07:00","HoraFin":"09:00","IDObra":1340004,"NombreObra":"GEO PLAZAS","IDClienteSAE":1340,"NombreCliente":"H. CONSTRUCCIONES MONTAJES Y DISEÑO","IDUso":11,"NombreUso":"Piso","IDProducto":4351,"NombreProducto":"CONCRETO f\u0027c=200 Ag=20 Rev=10 D 28","Remision":"Q1/11404","CveCiudad":"QRO","NombreVendedor":"MIGUEL ANGEL GUTIERREZ"},{"Id_Viaje":3035952,"IDPedido":582141,"CargaViaje":6.5,"IDPlanta":34,"NombrePlantaViaje":"A2-San Francisco","IDUnidad":113,"NombreUnidad":"CR-140 CRE","IDOperador":1501,"NombreOperador":"ANTONIO NAVARRO","IDEstatusViaje":1,"NombreEstatus":"Despachado","FechaInicio":"2/4/2026 12:00:00 AM","HoraInicio":"08:00","HoraFin":"10:00","IDObra":4429001,"NombreObra":"real del sol","IDClienteSAE":4429,"NombreCliente":"GIG VENTA DE MATERIALES","IDUso":2,"NombreUso":"Cimentacion","IDProducto":1014,"NombreProducto":"CONCRETO f\u0027c:200 Ag=20. Rev: 10 A1 D","Remision":"A2/41494","CveCiudad":"AGS","NombreVendedor":"HECTOR VILLANUEVA"},{"Id_Viaje":3035954,"IDPedido":582148,"CargaViaje":3.5,"IDPlanta":30,"NombrePlantaViaje":"P1-Coronango","IDUnidad":200,"NombreUnidad":"CR-163","IDOperador":1186,"NombreOperador":"AARON GUTIERREZ","IDEstatusViaje":1,"NombreEstatus":"Despachado","FechaInicio":"2/4/2026 12:00:00 AM","HoraInicio":"07:30","HoraFin":"09:30","IDObra":1491005,"NombreObra":"SANTA CATARINA COATEPEC","IDClienteSAE":1491,"NombreCliente":"GRUPO CONSTRUCTOR MATEOS CABRERA","IDUso":3,"NombreUso":"Columnas","IDProducto":11070,"NombreProducto":"CONCRETO EST. F.C. 250 AG 10 REV. 16 B 28 D","Remision":"P1/38397","CveCiudad":"PUE","NombreVendedor":"GUADALUPE HERNANDEZ"},{"Id_Viaje":3035956,"IDPedido":582115,"CargaViaje":5.5,"IDPlanta":13,"NombrePlantaViaje":"G1- VALLE DE LA MISERICORDIA","IDUnidad":138,"NombreUnidad":"CR-028","IDOperador":484,"NombreOperador":"[LIBRE] X","IDEstatusViaje":1,"NombreEstatus":"Despachado","FechaInicio":"2/4/2026 12:00:00 AM","HoraInicio":"09:00","HoraFin":"11:00","IDObra":5916003,"NombreObra":"LA TIJERA","IDClienteSAE":5916,"NombreCliente":"ARQUED CONSTRUCTOR DE OCCIDENTE","IDUso":39,"NombreUso":"Dado","IDProducto":11448,"NombreProducto":"CONCRETO f\u0027c=250 Ag=20 Rev=10 D 28","Remision":"G1/70648","CveCiudad":"GDL","NombreVendedor":"RODOLFO ARREDONDO"},{"Id_Viaje":3035968,"IDPedido":582149,"CargaViaje":4,"IDPlanta":36,"NombrePlantaViaje":"Q1-Apaseo","IDUnidad":274,"NombreUnidad":"CR-208","IDOperador":1647,"NombreOperador":"JOSE GUADALUPE LEDESMA","IDEstatusViaje":2,"NombreEstatus":"Entregado","FechaInicio":"2/4/2026 12:00:00 AM","HoraInicio":"07:40","HoraFin":"09:40","IDObra":196001,"NombreObra":"LOCARNO RESIDENCIAL","IDClienteSAE":196,"NombreCliente":"LAEESA SOLUTIONS","IDUso":8,"NombreUso":"Losa","IDProducto":10801,"NombreProducto":"Relleno Fluido f\u0027c=25 Ag=A4 Rev=18 B 28","Remision":"Q1/11406","CveCiudad":"QRO","NombreVendedor":"MIGUEL ANGEL GUTIERREZ"},{"Id_Viaje":3035970,"IDPedido":582124,"CargaViaje":2,"IDPlanta":23,"NombrePlantaViaje":"L1-Leon","IDUnidad":284,"NombreUnidad":"CR-100 PL2","IDOperador":1435,"NombreOperador":"ISAAC RODRIGUEZ","IDEstatusViaje":1,"NombreEstatus":"Despachado","FechaInicio":"2/4/2026 12:00:00 AM","HoraInicio":"05:00","HoraFin":"07:00","IDObra":3156001,"NombreObra":"COPACHISA IND. COLINAS DE LEON","IDClienteSAE":3156,"NombreCliente":"COPACHISA","IDUso":9,"NombreUso":"Muro","IDProducto":12109,"NombreProducto":"CONCRETO f\u0027c=280 Ag=20 Rev=14 B 28","Remision":"L1/40916","CveCiudad":"LEON","NombreVendedor":"OFICINA MATRIZ"},{"Id_Viaje":3035972,"IDPedido":582140,"CargaViaje":7,"IDPlanta":34,"NombrePlantaViaje":"A2-San Francisco","IDUnidad":328,"NombreUnidad":"CR-178","IDOperador":916,"NombreOperador":"CESAR DIAZ DE LEON","IDEstatusViaje":1,"NombreEstatus":"Despachado","FechaInicio":"2/4/2026 12:00:00 AM","HoraInicio":"08:00","HoraFin":"10:00","IDObra":3891003,"NombreObra":"SAN PANCHO","IDClienteSAE":3891,"NombreCliente":"MAOFRE GRUPO CONSTRUCTOR","IDUso":32,"NombreUso":"Guarnicion","IDProducto":1014,"NombreProducto":"CONCRETO f\u0027c:200 Ag=20. Rev: 10 A1 D","Remision":"A2/41495","CveCiudad":"AGS","NombreVendedor":"CASA CASA"},{"Id_Viaje":3035974,"IDPedido":582150,"CargaViaje":3,"IDPlanta":23,"NombrePlantaViaje":"L1-Leon","IDUnidad":351,"NombreUnidad":"CR-237-DRH","IDOperador":1623,"NombreOperador":"JORGE IGNACIO NEGRETE","IDEstatusViaje":1,"NombreEstatus":"Despachado","FechaInicio":"2/4/2026 12:00:00 AM","HoraInicio":"08:00","HoraFin":"10:00","IDObra":1004013,"NombreObra":"sacromonte 7","IDClienteSAE":1004,"NombreCliente":"INMOBILIARIA GESTORIA Y ASESORIA","IDUso":85,"NombreUso":"Cochera","IDProducto":1217,"NombreProducto":"CONCRETO f\u0027c:150 Ag=20 Rev:10 A1 D","Remision":"L1/40917","CveCiudad":"LEON","NombreVendedor":"OFICINA MATRIZ"},{"Id_Viaje":3035976,"IDPedido":582114,"CargaViaje":6.5,"IDPlanta":13,"NombrePlantaViaje":"G1- VALLE DE LA MISERICORDIA","IDUnidad":317,"NombreUnidad":"CR-023","IDOperador":481,"NombreOperador":"[LIBRE] LIBRE","IDEstatusViaje":1,"NombreEstatus":"Despachado","FechaInicio":"2/4/2026 12:00:00 AM","HoraInicio":"08:00","HoraFin":"10:00","IDObra":5916003,"NombreObra":"LA TIJERA","IDClienteSAE":5916,"NombreCliente":"ARQUED CONSTRUCTOR DE OCCIDENTE","IDUso":39,"NombreUso":"Dado","IDProducto":11448,"NombreProducto":"CONCRETO f\u0027c=250 Ag=20 Rev=10 D 28","Remision":"G1/70647","CveCiudad":"GDL","NombreVendedor":"RODOLFO ARREDONDO"},{"Id_Viaje":3035978,"IDPedido":582125,"CargaViaje":5.5,"IDPlanta":20,"NombrePlantaViaje":"A1-Ojo Caliente","IDUnidad":107,"NombreUnidad":"CR-050","IDOperador":677,"NombreOperador":"EDMUNDO DE LOERA","IDEstatusViaje":1,"NombreEstatus":"Despachado","FechaInicio":"2/4/2026 12:00:00 AM","HoraInicio":"01:00","HoraFin":"03:00","IDObra":2820038,"NombreObra":"GPE PERALTA","IDClienteSAE":2820,"NombreCliente":"URBANIZACIONES ARGU","IDUso":7,"NombreUso":"Firme","IDProducto":10760,"NombreProducto":"CONCRETO MR=42 Ag=40 Rev=10 D 28","Remision":"A1/96349","CveCiudad":"AGS","NombreVendedor":"CASA CASA"},{"Id_Viaje":3035980,"IDPedido":582125,"CargaViaje":5.5,"IDPlanta":20,"NombrePlantaViaje":"A1-Ojo Caliente","IDUnidad":116,"NombreUnidad":"CR-098","IDOperador":44,"NombreOperador":"ALBERTO HERRERA","IDEstatusViaje":1,"NombreEstatus":"Despachado","FechaInicio":"2/4/2026 12:00:00 AM","HoraInicio":"01:10","HoraFin":"03:10","IDObra":2820038,"NombreObra":"GPE PERALTA","IDClienteSAE":2820,"NombreCliente":"URBANIZACIONES ARGU","IDUso":7,"NombreUso":"Firme","IDProducto":10760,"NombreProducto":"CONCRETO MR=42 Ag=40 Rev=10 D 28","Remision":"A1/96351","CveCiudad":"AGS","NombreVendedor":"CASA CASA"},{"Id_Viaje":3035982,"IDPedido":582123,"CargaViaje":7,"IDPlanta":23,"NombrePlantaViaje":"L1-Leon","IDUnidad":120,"NombreUnidad":"CR-195 3RG","IDOperador":1441,"NombreOperador":"JUAN CARLOS RAMIREZ","IDEstatusViaje":1,"NombreEstatus":"Despachado","FechaInicio":"2/4/2026 12:00:00 AM","HoraInicio":"04:30","HoraFin":"06:30","IDObra":2494001,"NombreObra":"salon de fiesta","IDClienteSAE":2494,"NombreCliente":"MILIA ARISTA INMOBILIARIA","IDUso":7,"NombreUso":"Firme","IDProducto":1227,"NombreProducto":"CONCRETO f\u0027c:200 Ag=20 Rev:14 A1 B","Remision":"L1/40918","CveCiudad":"LEON","NombreVendedor":"JESSICA GAYTAN"},{"Id_Viaje":3035984,"IDPedido":581931,"CargaViaje":6,"IDPlanta":19,"NombrePlantaViaje":"M1-Apodaca","IDUnidad":378,"NombreUnidad":"CR-104","IDOperador":1534,"NombreOperador":"MIGUEL ANGEL ZAPATA","IDEstatusViaje":2,"NombreEstatus":"Entregado","FechaInicio":"2/4/2026 12:00:00 AM","HoraInicio":"12:00","HoraFin":"14:00","IDObra":11302024,"NombreObra":"las castas","IDClienteSAE":11302,"NombreCliente":"LUZ DE PARIS","IDUso":9,"NombreUso":"Muro","IDProducto":575,"NombreProducto":"CONCRETO f\u0027c=200 Ag=20 Rev=12 A1 D","Remision":"M1/91053","CveCiudad":"MTY","NombreVendedor":"CESAR LUNA"},{"Id_Viaje":3035990,"IDPedido":582152,"CargaViaje":0,"IDPlanta":36,"NombrePlantaViaje":"Q1-Apaseo","IDUnidad":383,"NombreUnidad":"CR-188","IDOperador":1655,"NombreOperador":"CARLOS ALARCÓN","IDEstatusViaje":2,"NombreEstatus":"Entregado","FechaInicio":"2/4/2026 12:00:00 AM","HoraInicio":"08:40","HoraFin":"10:40","IDObra":196001,"NombreObra":"LOCARNO RESIDENCIAL","IDClienteSAE":196,"NombreCliente":"LAEESA SOLUTIONS","IDUso":8,"NombreUso":"Losa","IDProducto":4401,"NombreProducto":"CONCRETO f\u0027c=200 Ag=20 Rev=14 B 28","Remision":"Q1/11407","CveCiudad":"QRO","NombreVendedor":"MIGUEL ANGEL GUTIERREZ"},{"Id_Viaje":3035992,"IDPedido":582154,"CargaViaje":7,"IDPlanta":30,"NombrePlantaViaje":"P1-Coronango","IDUnidad":201,"NombreUnidad":"CR-164","IDOperador":1014,"NombreOperador":"NAHUM ROMERO","IDEstatusViaje":1,"NombreEstatus":"Despachado","FechaInicio":"2/4/2026 12:00:00 AM","HoraInicio":"08:00","HoraFin":"10:00","IDObra":1835001,"NombreObra":"estadio olímpico zaragoza","IDClienteSAE":1835,"NombreCliente":"PROYECTOS NOVATERRA","IDUso":2,"NombreUso":"Cimentacion","IDProducto":3689,"NombreProducto":"CONCRETO f`c:150 Ag=20 Rev:14 A1 D","Remision":"P1/38399","CveCiudad":"PUE","NombreVendedor":"GUADALUPE HERNANDEZ"},{"Id_Viaje":3035994,"IDPedido":582067,"CargaViaje":6,"IDPlanta":19,"NombrePlantaViaje":"M1-Apodaca","IDUnidad":71,"NombreUnidad":"CR-038","IDOperador":1508,"NombreOperador":"VICTOR MANUEL CAMARILLO","IDEstatusViaje":2,"NombreEstatus":"Entregado","FechaInicio":"2/4/2026 12:00:00 AM","HoraInicio":"13:30","HoraFin":"15:30","IDObra":541068,"NombreObra":"carcamo santa maria","IDClienteSAE":541,"NombreCliente":"DESARROLLOS LOCSA","IDUso":7,"NombreUso":"Firme","IDProducto":1572,"NombreProducto":"CONCRETO f\u0027c=350 Ag=20 Rev=14 A1 B","Remision":"M1/91057","CveCiudad":"MTY","NombreVendedor":"GUILLERMO RAMA HERRERA"},{"Id_Viaje":3035996,"IDPedido":582067,"CargaViaje":6,"IDPlanta":19,"NombrePlantaViaje":"M1-Apodaca","IDUnidad":144,"NombreUnidad":"CR-060","IDOperador":1535,"NombreOperador":"CRUZ HUMBERTO TREVIÑO","IDEstatusViaje":2,"NombreEstatus":"Entregado","FechaInicio":"2/4/2026 12:00:00 AM","HoraInicio":"13:40","HoraFin":"15:40","IDObra":541068,"NombreObra":"carcamo santa maria","IDClienteSAE":541,"NombreCliente":"DESARROLLOS LOCSA","IDUso":7,"NombreUso":"Firme","IDProducto":1572,"NombreProducto":"CONCRETO f\u0027c=350 Ag=20 Rev=14 A1 B","Remision":"M1/91058","CveCiudad":"MTY","NombreVendedor":"GUILLERMO RAMA HERRERA"},{"Id_Viaje":3035999,"IDPedido":582142,"CargaViaje":3,"IDPlanta":34,"NombrePlantaViaje":"A2-San Francisco","IDUnidad":327,"NombreUnidad":"CR-201 9RG","IDOperador":1502,"NombreOperador":"JUAN FELIPE MARENTES","IDEstatusViaje":1,"NombreEstatus":"Despachado","FechaInicio":"2/4/2026 12:00:00 AM","HoraInicio":"09:00","HoraFin":"11:00","IDObra":4634004,"NombreObra":"MARENGO","IDClienteSAE":4634,"NombreCliente":"VAAR DISEÑO Y CONSTRUCCIONES","IDUso":85,"NombreUso":"Cochera","IDProducto":1014,"NombreProducto":"CONCRETO f\u0027c:200 Ag=20. Rev: 10 A1 D","Remision":"A2/41496","CveCiudad":"AGS","NombreVendedor":"JOSE ROBERTO MARMOLEJO"},{"Id_Viaje":3036001,"IDPedido":582160,"CargaViaje":6,"IDPlanta":30,"NombrePlantaViaje":"P1-Coronango","IDUnidad":249,"NombreUnidad":"CR-175","IDOperador":1009,"NombreOperador":"ALBERTO CORTEZ","IDEstatusViaje":1,"NombreEstatus":"Despachado","FechaInicio":"2/4/2026 12:00:00 AM","HoraInicio":"10:00","HoraFin":"12:00","IDObra":1491005,"NombreObra":"SANTA CATARINA COATEPEC","IDClienteSAE":1491,"NombreCliente":"GRUPO CONSTRUCTOR MATEOS CABRERA","IDUso":15,"NombreUso":"Zapatas","IDProducto":10975,"NombreProducto":"CONCRETO f\u0027c: 250 Ag=20 Rev.14 A1 B","Remision":"P1/38400","CveCiudad":"PUE","NombreVendedor":"GUADALUPE HERNANDEZ"},{"Id_Viaje":3036003,"IDPedido":582160,"CargaViaje":5,"IDPlanta":30,"NombrePlantaViaje":"P1-Coronango","IDUnidad":250,"NombreUnidad":"CR-180","IDOperador":1011,"NombreOperador":"ALBERTO JESUS ALVAREZ","IDEstatusViaje":1,"NombreEstatus":"Despachado","FechaInicio":"2/4/2026 12:00:00 AM","HoraInicio":"10:10","HoraFin":"12:10","IDObra":1491005,"NombreObra":"SANTA CATARINA COATEPEC","IDClienteSAE":1491,"NombreCliente":"GRUPO CONSTRUCTOR MATEOS CABRERA","IDUso":15,"NombreUso":"Zapatas","IDProducto":10975,"NombreProducto":"CONCRETO f\u0027c: 250 Ag=20 Rev.14 A1 B","Remision":"P1/38404","CveCiudad":"PUE","NombreVendedor":"GUADALUPE HERNANDEZ"},{"Id_Viaje":3036005,"IDPedido":582161,"CargaViaje":1.5,"IDPlanta":30,"NombrePlantaViaje":"P1-Coronango","IDUnidad":251,"NombreUnidad":"CR-183","IDOperador":1209,"NombreOperador":"IVAN RAMOS","IDEstatusViaje":1,"NombreEstatus":"Despachado","FechaInicio":"2/4/2026 12:00:00 AM","HoraInicio":"13:00","HoraFin":"15:00","IDObra":1835001,"NombreObra":"estadio olímpico zaragoza","IDClienteSAE":1835,"NombreCliente":"PROYECTOS NOVATERRA","IDUso":2,"NombreUso":"Cimentacion","IDProducto":12036,"NombreProducto":"CONCRETO f\u0027c=500 Ag=10 Ext=60 B 03 Autocompactabl","Remision":"P1/38401","CveCiudad":"PUE","NombreVendedor":"GUADALUPE HERNANDEZ"},{"Id_Viaje":3036007,"IDPedido":581895,"CargaViaje":5,"IDPlanta":19,"NombrePlantaViaje":"M1-Apodaca","IDUnidad":33,"NombreUnidad":"CR-168","IDOperador":1157,"NombreOperador":"JUAN JOSE ROSARIO LOPEZ","IDEstatusViaje":2,"NombreEstatus":"Entregado","FechaInicio":"2/4/2026 12:00:00 AM","HoraInicio":"12:30","HoraFin":"14:30","IDObra":11687007,"NombreObra":"ALTERRA - PLUVIAL","IDClienteSAE":11687,"NombreCliente":"CONSTRUCCIONES INTEGRALES PAYAN MORENO","IDUso":9,"NombreUso":"Muro","IDProducto":551,"NombreProducto":"CONCRETO f\u0027c=250 Ag=20 Rev=14 A1 D","Remision":"M1/91056","CveCiudad":"MTY","NombreVendedor":"ENRIQUE ALVAREZ"},{"Id_Viaje":3036009,"IDPedido":582162,"CargaViaje":8,"IDPlanta":36,"NombrePlantaViaje":"Q1-Apaseo","IDUnidad":260,"NombreUnidad":"CR-206","IDOperador":1484,"NombreOperador":"JOSE HIPOLITO MEJIA","IDEstatusViaje":2,"NombreEstatus":"Entregado","FechaInicio":"2/4/2026 12:00:00 AM","HoraInicio":"09:00","HoraFin":"11:00","IDObra":313001,"NombreObra":"HACIENDA SUR","IDClienteSAE":313,"NombreCliente":"VALLE DE LOS MEZQUITES","IDUso":2,"NombreUso":"Cimentacion","IDProducto":4347,"NombreProducto":"CONCRETO f\u0027c=150 Ag=20 Rev=10 D 28","Remision":"Q1/11410","CveCiudad":"QRO","NombreVendedor":"YIMI EDUARDO VAZQUEZ"},{"Id_Viaje":3036011,"IDPedido":582162,"CargaViaje":0,"IDPlanta":36,"NombrePlantaViaje":"Q1-Apaseo","IDUnidad":275,"NombreUnidad":"CR-209","IDOperador":1488,"NombreOperador":"RAMON HERNANDEZ","IDEstatusViaje":2,"NombreEstatus":"Entregado","FechaInicio":"2/4/2026 12:00:00 AM","HoraInicio":"09:10","HoraFin":"11:10","IDObra":313001,"NombreObra":"HACIENDA SUR","IDClienteSAE":313,"NombreCliente":"VALLE DE LOS MEZQUITES","IDUso":2,"NombreUso":"Cimentacion","IDProducto":4347,"NombreProducto":"CONCRETO f\u0027c=150 Ag=20 Rev=10 D 28","Remision":"Q1/11409","CveCiudad":"QRO","NombreVendedor":"YIMI EDUARDO VAZQUEZ"},{"Id_Viaje":3036013,"IDPedido":582163,"CargaViaje":7,"IDPlanta":16,"NombrePlantaViaje":"M6-Juarez","IDUnidad":209,"NombreUnidad":"CR-169","IDOperador":1226,"NombreOperador":"FRANCISCO JAVIER ARAUJO RAMOS","IDEstatusViaje":2,"NombreEstatus":"Entregado","FechaInicio":"2/4/2026 12:00:00 AM","HoraInicio":"09:30","HoraFin":"11:30","IDObra":12150002,"NombreObra":"VISTAS DEL SEMINARIO QUINTO SECTOR","IDClienteSAE":12150,"NombreCliente":"MAQUINARIA Y CONSTRUCTORA SEPULVEDA DE MONTERREY","IDUso":2,"NombreUso":"Cimentacion","IDProducto":513,"NombreProducto":"CONCRETO f\u0027c=200 Ag=20 Rev=14 A1 D","Remision":"M6/67029","CveCiudad":"MTY","NombreVendedor":"CESAR LUNA"},{"Id_Viaje":3036015,"IDPedido":582163,"CargaViaje":7,"IDPlanta":16,"NombrePlantaViaje":"M6-Juarez","IDUnidad":338,"NombreUnidad":"CR-204","IDOperador":1117,"NombreOperador":"JUAN FERNANDO TOBIAS","IDEstatusViaje":2,"NombreEstatus":"Entregado","FechaInicio":"2/4/2026 12:00:00 AM","HoraInicio":"09:40","HoraFin":"11:40","IDObra":12150002,"NombreObra":"VISTAS DEL SEMINARIO QUINTO SECTOR","IDClienteSAE":12150,"NombreCliente":"MAQUINARIA Y CONSTRUCTORA SEPULVEDA DE MONTERREY","IDUso":2,"NombreUso":"Cimentacion","IDProducto":513,"NombreProducto":"CONCRETO f\u0027c=200 Ag=20 Rev=14 A1 D","Remision":"M6/67030","CveCiudad":"MTY","NombreVendedor":"CESAR LUNA"},{"Id_Viaje":3036021,"IDPedido":582128,"CargaViaje":7,"IDPlanta":20,"NombrePlantaViaje":"A1-Ojo Caliente","IDUnidad":295,"NombreUnidad":"CR-065","IDOperador":675,"NombreOperador":"JUAN ANTONIO HERRERA","IDEstatusViaje":1,"NombreEstatus":"Despachado","FechaInicio":"2/4/2026 12:00:00 AM","HoraInicio":"09:00","HoraFin":"11:00","IDObra":3435021,"NombreObra":"ESCUELA MILITAR","IDClienteSAE":3435,"NombreCliente":"ATECO","IDUso":3,"NombreUso":"Columnas","IDProducto":2555,"NombreProducto":"CONCRETO f\u0027c:250 Ag=20 Rev:14 RR3 B","Remision":"A1/96350","CveCiudad":"AGS","NombreVendedor":"HECTOR VILLANUEVA"},{"Id_Viaje":3036028,"IDPedido":582143,"CargaViaje":7,"IDPlanta":34,"NombrePlantaViaje":"A2-San Francisco","IDUnidad":122,"NombreUnidad":"CR-043-","IDOperador":1067,"NombreOperador":"JUAN HUMBERTO MARQUEZ","IDEstatusViaje":1,"NombreEstatus":"Despachado","FechaInicio":"2/4/2026 12:00:00 AM","HoraInicio":"09:30","HoraFin":"11:30","IDObra":4510002,"NombreObra":"CONSTITUCION","IDClienteSAE":4510,"NombreCliente":"MARIA MAGDALENA CULEBRO PINTO","IDUso":7,"NombreUso":"Firme","IDProducto":11921,"NombreProducto":"CONCRETO f\u0027c=280 Ag=20 Rev=10 D 28","Remision":"A2/41497","CveCiudad":"AGS","NombreVendedor":"HECTOR VILLANUEVA"},{"Id_Viaje":3036030,"IDPedido":582143,"CargaViaje":7,"IDPlanta":34,"NombrePlantaViaje":"A2-San Francisco","IDUnidad":350,"NombreUnidad":"CR-047","IDOperador":1076,"NombreOperador":"EZEQUIEL SANDOVAL","IDEstatusViaje":1,"NombreEstatus":"Despachado","FechaInicio":"2/4/2026 12:00:00 AM","HoraInicio":"09:40","HoraFin":"11:40","IDObra":4510002,"NombreObra":"CONSTITUCION","IDClienteSAE":4510,"NombreCliente":"MARIA MAGDALENA CULEBRO PINTO","IDUso":7,"NombreUso":"Firme","IDProducto":11921,"NombreProducto":"CONCRETO f\u0027c=280 Ag=20 Rev=10 D 28","Remision":"A2/41499","CveCiudad":"AGS","NombreVendedor":"HECTOR VILLANUEVA"},{"Id_Viaje":3036045,"IDPedido":582168,"CargaViaje":4,"IDPlanta":30,"NombrePlantaViaje":"P1-Coronango","IDUnidad":253,"NombreUnidad":"CR-185","IDOperador":868,"NombreOperador":"EDGAR ROMERO","IDEstatusViaje":1,"NombreEstatus":"Despachado","FechaInicio":"2/4/2026 12:00:00 AM","HoraInicio":"10:10","HoraFin":"12:10","IDObra":1211008,"NombreObra":"JARDINES DEL ameyal","IDClienteSAE":1211,"NombreCliente":"OPERADORA ALTUS","IDUso":15,"NombreUso":"Zapatas","IDProducto":11315,"NombreProducto":"CONCRETO f\u0027c=200 Ag=10 Rev=14 D 28","Remision":"P1/38405","CveCiudad":"PUE","NombreVendedor":"VENDEDOR PUEBLA ."},{"Id_Viaje":3036047,"IDPedido":582144,"CargaViaje":7,"IDPlanta":34,"NombrePlantaViaje":"A2-San Francisco","IDUnidad":48,"NombreUnidad":"CR-063 ZRB","IDOperador":1500,"NombreOperador":"RICARDO CHAVEZ","IDEstatusViaje":1,"NombreEstatus":"Despachado","FechaInicio":"2/4/2026 12:00:00 AM","HoraInicio":"10:00","HoraFin":"12:00","IDObra":4582004,"NombreObra":"VISTA SERENA","IDClienteSAE":4582,"NombreCliente":"CASAS JAVER","IDUso":25,"NombreUso":"Pavimento","IDProducto":2603,"NombreProducto":"CONCRETO MR= 40 Ag=40 Rev:10 A1 D.","Remision":"A2/41498","CveCiudad":"AGS","NombreVendedor":"HECTOR VILLANUEVA"},{"Id_Viaje":3036049,"IDPedido":582155,"CargaViaje":6.5,"IDPlanta":23,"NombrePlantaViaje":"L1-Leon","IDUnidad":352,"NombreUnidad":"CR-246-NRH","IDOperador":522,"NombreOperador":"[LIBRE] .","IDEstatusViaje":1,"NombreEstatus":"Despachado","FechaInicio":"2/4/2026 12:00:00 AM","HoraInicio":"10:30","HoraFin":"12:30","IDObra":1104019,"NombreObra":"reserva premier","IDClienteSAE":1104,"NombreCliente":"INMOBILIARIA PROXIMA","IDUso":18,"NombreUso":"Loza de Azotea","IDProducto":11810,"NombreProducto":"JALCRETO F´C=50 JA=20 REV=14 B 28D","Remision":"L1/40919","CveCiudad":"LEON","NombreVendedor":"OFICINA MATRIZ"},{"Id_Viaje":3036051,"IDPedido":582156,"CargaViaje":5,"IDPlanta":23,"NombrePlantaViaje":"L1-Leon","IDUnidad":165,"NombreUnidad":"CR-207 FRG","IDOperador":1634,"NombreOperador":"JOSE GUADALUPE POZOS","IDEstatusViaje":1,"NombreEstatus":"Despachado","FechaInicio":"2/4/2026 12:00:00 AM","HoraInicio":"11:00","HoraFin":"13:00","IDObra":1998023,"NombreObra":"MIGUEL ALEMAN MANAVIL","IDClienteSAE":1998,"NombreCliente":"MANAVIL COMERCIALIZADORA","IDUso":7,"NombreUso":"Firme","IDProducto":1219,"NombreProducto":"CONCRETO f\u0027c:200 Ag=20. Rev: 10 A1 D","Remision":"L1/40920","CveCiudad":"LEON","NombreVendedor":"OFICINA MATRIZ"},{"Id_Viaje":3036053,"IDPedido":582156,"CargaViaje":5,"IDPlanta":23,"NombrePlantaViaje":"L1-Leon","IDUnidad":292,"NombreUnidad":"CR-210 JRG","IDOperador":1609,"NombreOperador":"ANDRES GONZALEZ","IDEstatusViaje":1,"NombreEstatus":"Despachado","FechaInicio":"2/4/2026 12:00:00 AM","HoraInicio":"11:10","HoraFin":"13:10","IDObra":1998023,"NombreObra":"MIGUEL ALEMAN MANAVIL","IDClienteSAE":1998,"NombreCliente":"MANAVIL COMERCIALIZADORA","IDUso":7,"NombreUso":"Firme","IDProducto":1219,"NombreProducto":"CONCRETO f\u0027c:200 Ag=20. Rev: 10 A1 D","Remision":"L1/40921","CveCiudad":"LEON","NombreVendedor":"OFICINA MATRIZ"},{"Id_Viaje":3036055,"IDPedido":582041,"CargaViaje":5,"IDPlanta":19,"NombrePlantaViaje":"M1-Apodaca","IDUnidad":371,"NombreUnidad":"CR-008","IDOperador":1199,"NombreOperador":"GABRIEL RIVERA","IDEstatusViaje":2,"NombreEstatus":"Entregado","FechaInicio":"2/4/2026 12:00:00 AM","HoraInicio":"23:20","HoraFin":"23:50","IDObra":12142002,"NombreObra":"casa blanca","IDClienteSAE":12142,"NombreCliente":"F \u0026 C CONSULTORIA Y CONSTRUCCION","IDUso":1,"NombreUso":"Banqueta","IDProducto":1526,"NombreProducto":"CONCRETO f\u0027c=150 Ag=20 Rev=14 A1","Remision":"M1/91050","CveCiudad":"MTY","NombreVendedor":"CESAR LUNA"},{"Id_Viaje":3036057,"IDPedido":581977,"CargaViaje":4,"IDPlanta":19,"NombrePlantaViaje":"M1-Apodaca","IDUnidad":40,"NombreUnidad":"CR-031","IDOperador":1157,"NombreOperador":"JUAN JOSE ROSARIO LOPEZ","IDEstatusViaje":2,"NombreEstatus":"Entregado","FechaInicio":"2/4/2026 12:00:00 AM","HoraInicio":"23:00","HoraFin":"23:30","IDObra":12154003,"NombreObra":"heb la fe","IDClienteSAE":12154,"NombreCliente":"EDIFICADORA INDUSTRIAL DEL RIO","IDUso":1,"NombreUso":"Banqueta","IDProducto":513,"NombreProducto":"CONCRETO f\u0027c=200 Ag=20 Rev=14 A1 D","Remision":"M1/91051","CveCiudad":"MTY","NombreVendedor":"CESAR LUNA"},{"Id_Viaje":3036059,"IDPedido":582129,"CargaViaje":2.5,"IDPlanta":20,"NombrePlantaViaje":"A1-Ojo Caliente","IDUnidad":113,"NombreUnidad":"CR-140 CRE","IDOperador":1501,"NombreOperador":"ANTONIO NAVARRO","IDEstatusViaje":1,"NombreEstatus":"Despachado","FechaInicio":"2/4/2026 12:00:00 AM","HoraInicio":"01:40","HoraFin":"03:40","IDObra":2219001,"NombreObra":"mision de santa fe","IDClienteSAE":2219,"NombreCliente":"INMOBILIARIA PROXIMA","IDUso":7,"NombreUso":"Firme","IDProducto":2491,"NombreProducto":"CONCRETO f\u0027c:100 Ag=20 Rev:10 A1 D","Remision":"A1/96352","CveCiudad":"AGS","NombreVendedor":"CASA CASA"},{"Id_Viaje":3036061,"IDPedido":582058,"CargaViaje":3,"IDPlanta":15,"NombrePlantaViaje":"M5-Santiago","IDUnidad":71,"NombreUnidad":"CR-038","IDOperador":1508,"NombreOperador":"VICTOR MANUEL CAMARILLO","IDEstatusViaje":2,"NombreEstatus":"Entregado","FechaInicio":"2/4/2026 12:00:00 AM","HoraInicio":"23:20","HoraFin":"23:50","IDObra":12191002,"NombreObra":"los encinos","IDClienteSAE":12191,"NombreCliente":"INGENIERIA DE PAVIMENTOS ASFALTICOS Y TOPOGRAFIA","IDUso":1,"NombreUso":"Banqueta","IDProducto":513,"NombreProducto":"CONCRETO f\u0027c=200 Ag=20 Rev=14 A1 D","Remision":"M5/37054","CveCiudad":"MTY","NombreVendedor":"CASA PROGRAMACION"},{"Id_Viaje":3036063,"IDPedido":582102,"CargaViaje":5,"IDPlanta":7,"NombrePlantaViaje":"M2-Escobedo","IDUnidad":315,"NombreUnidad":"CR-232","IDOperador":1452,"NombreOperador":"VICTOR LOPEZ","IDEstatusViaje":2,"NombreEstatus":"Entregado","FechaInicio":"2/4/2026 12:00:00 AM","HoraInicio":"23:30","HoraFin":"01:30","IDObra":3828024,"NombreObra":"oxxo solana","IDClienteSAE":3828,"NombreCliente":"VEGA PONCE CONSTRUCCIONES","IDUso":8,"NombreUso":"Losa","IDProducto":491,"NombreProducto":"CONCRETO f\u0027c=200 Ag=20 Rev=14 A1 B","Remision":"M2/79844","CveCiudad":"MTY","NombreVendedor":"CASA PROGRAMACION"},{"Id_Viaje":3036065,"IDPedido":581795,"CargaViaje":7,"IDPlanta":8,"NombrePlantaViaje":"M3-Santa","IDUnidad":35,"NombreUnidad":"CR-051","IDOperador":1477,"NombreOperador":"JONATHAN PABLO ROJAS","IDEstatusViaje":2,"NombreEstatus":"Entregado","FechaInicio":"2/4/2026 12:00:00 AM","HoraInicio":"10:00","HoraFin":"12:00","IDObra":4947069,"NombreObra":"CASAIRE","IDClienteSAE":4947,"NombreCliente":"CONCRETOS DELESE","IDUso":1,"NombreUso":"Banqueta","IDProducto":576,"NombreProducto":"CONCRETO f\u0027c=100 Ag=20 Rev=12 A1 D","Remision":"M3/42688","CveCiudad":"MTY","NombreVendedor":"OMAR HECTOR ARTEAGA"},{"Id_Viaje":3036067,"IDPedido":582126,"CargaViaje":7,"IDPlanta":20,"NombrePlantaViaje":"A1-Ojo Caliente","IDUnidad":101,"NombreUnidad":"CR-071","IDOperador":45,"NombreOperador":"BRANDON ESTRADA","IDEstatusViaje":1,"NombreEstatus":"Despachado","FechaInicio":"2/4/2026 12:00:00 AM","HoraInicio":"08:30","HoraFin":"10:30","IDObra":2820038,"NombreObra":"GPE PERALTA","IDClienteSAE":2820,"NombreCliente":"URBANIZACIONES ARGU","IDUso":7,"NombreUso":"Firme","IDProducto":2546,"NombreProducto":"CONCRETO f\u0027c:250 Ag=20 Rev:10 A1 D","Remision":"A1/96353","CveCiudad":"AGS","NombreVendedor":"CASA CASA"},{"Id_Viaje":3036069,"IDPedido":582099,"CargaViaje":6,"IDPlanta":11,"NombrePlantaViaje":"M4-Centro","IDUnidad":315,"NombreUnidad":"CR-232","IDOperador":1452,"NombreOperador":"VICTOR LOPEZ","IDEstatusViaje":2,"NombreEstatus":"Entregado","FechaInicio":"2/4/2026 12:00:00 AM","HoraInicio":"23:30","HoraFin":"01:30","IDObra":10580001,"NombreObra":"catehua","IDClienteSAE":10580,"NombreCliente":"LEMURA VIVIENDA","IDUso":7,"NombreUso":"Firme","IDProducto":589,"NombreProducto":"CONCRETO f\u0027c=150 Ag=20 Rev=12 A1 D","Remision":"M4/89030","CveCiudad":"MTY","NombreVendedor":"BLANCA P. GARZA"},{"Id_Viaje":3036073,"IDPedido":582131,"CargaViaje":2,"IDPlanta":20,"NombrePlantaViaje":"A1-Ojo Caliente","IDUnidad":122,"NombreUnidad":"CR-043-","IDOperador":1067,"NombreOperador":"JUAN HUMBERTO MARQUEZ","IDEstatusViaje":1,"NombreEstatus":"Despachado","FechaInicio":"2/4/2026 12:00:00 AM","HoraInicio":"02:00","HoraFin":"04:00","IDObra":3435020,"NombreObra":"CONECTOR FLUVIAL","IDClienteSAE":3435,"NombreCliente":"ATECO","IDUso":25,"NombreUso":"Pavimento","IDProducto":3563,"NombreProducto":"CONCRETO MR= 45 Ag=40 Rev:10 R3 D.","Remision":"A1/96354","CveCiudad":"AGS","NombreVendedor":"HECTOR VILLANUEVA"},{"Id_Viaje":3036075,"IDPedido":582171,"CargaViaje":6.5,"IDPlanta":36,"NombrePlantaViaje":"Q1-Apaseo","IDUnidad":276,"NombreUnidad":"CR-212","IDOperador":1614,"NombreOperador":"MANUEL VARGAS","IDEstatusViaje":2,"NombreEstatus":"Entregado","FechaInicio":"2/4/2026 12:00:00 AM","HoraInicio":"11:00","HoraFin":"13:00","IDObra":1012001,"NombreObra":"arimatea - meseta habitatt","IDClienteSAE":1012,"NombreCliente":"INMOBILIARIA GESTORIA Y ASESORIA","IDUso":2,"NombreUso":"Cimentacion","IDProducto":4355,"NombreProducto":"CONCRETO f\u0027c=250 Ag=20 Rev=10 D 28","Remision":"Q1/11411","CveCiudad":"QRO","NombreVendedor":"YIMI EDUARDO VAZQUEZ"},{"Id_Viaje":3036077,"IDPedido":582110,"CargaViaje":7,"IDPlanta":8,"NombrePlantaViaje":"M3-Santa","IDUnidad":337,"NombreUnidad":"CR-200","IDOperador":1462,"NombreOperador":"JOSE LUIS RODRIGUEZ","IDEstatusViaje":1,"NombreEstatus":"Despachado","FechaInicio":"2/4/2026 12:00:00 AM","HoraInicio":"13:00","HoraFin":"15:00","IDObra":9882014,"NombreObra":"magna park","IDClienteSAE":9882,"NombreCliente":"FINISTERRE CAPITAL","IDUso":15,"NombreUso":"Zapatas","IDProducto":483,"NombreProducto":"CONCRETO f\u0027c=200 Ag=20. Rev=10 A1 D","Remision":"M3/42689","CveCiudad":"MTY","NombreVendedor":"ENRIQUE ALVAREZ"},{"Id_Viaje":3036079,"IDPedido":582110,"CargaViaje":7,"IDPlanta":8,"NombrePlantaViaje":"M3-Santa","IDUnidad":35,"NombreUnidad":"CR-051","IDOperador":1477,"NombreOperador":"JONATHAN PABLO ROJAS","IDEstatusViaje":1,"NombreEstatus":"Despachado","FechaInicio":"2/4/2026 12:00:00 AM","HoraInicio":"13:10","HoraFin":"15:10","IDObra":9882014,"NombreObra":"magna park","IDClienteSAE":9882,"NombreCliente":"FINISTERRE CAPITAL","IDUso":15,"NombreUso":"Zapatas","IDProducto":483,"NombreProducto":"CONCRETO f\u0027c=200 Ag=20. Rev=10 A1 D","Remision":"M3/42690","CveCiudad":"MTY","NombreVendedor":"ENRIQUE ALVAREZ"},{"Id_Viaje":3036085,"IDPedido":582143,"CargaViaje":5,"IDPlanta":34,"NombrePlantaViaje":"A2-San Francisco","IDUnidad":108,"NombreUnidad":"CR-098 2RD","IDOperador":1503,"NombreOperador":"ALBERTO HERNANDEZ","IDEstatusViaje":1,"NombreEstatus":"Despachado","FechaInicio":"2/4/2026 12:00:00 AM","HoraInicio":"11:50","HoraFin":"13:50","IDObra":4510002,"NombreObra":"CONSTITUCION","IDClienteSAE":4510,"NombreCliente":"MARIA MAGDALENA CULEBRO PINTO","IDUso":7,"NombreUso":"Firme","IDProducto":11921,"NombreProducto":"CONCRETO f\u0027c=280 Ag=20 Rev=10 D 28","Remision":"A2/41500","CveCiudad":"AGS","NombreVendedor":"HECTOR VILLANUEVA"},{"Id_Viaje":3036092,"IDPedido":582001,"CargaViaje":6,"IDPlanta":7,"NombrePlantaViaje":"M2-Escobedo","IDUnidad":339,"NombreUnidad":"CR- 243","IDOperador":1552,"NombreOperador":"JOSE ISAIAS ROCHA","IDEstatusViaje":2,"NombreEstatus":"Entregado","FechaInicio":"2/4/2026 12:00:00 AM","HoraInicio":"12:00","HoraFin":"14:00","IDObra":8153049,"NombreObra":"RINCON DE LA SIERRA","IDClienteSAE":8153,"NombreCliente":"CONSTRUCTORA OBREGON FERNANDEZ","IDUso":7,"NombreUso":"Firme","IDProducto":575,"NombreProducto":"CONCRETO f\u0027c=200 Ag=20 Rev=12 A1 D","Remision":"M2/79845","CveCiudad":"MTY","NombreVendedor":"CESAR LUNA"},{"Id_Viaje":3036094,"IDPedido":582145,"CargaViaje":6,"IDPlanta":34,"NombrePlantaViaje":"A2-San Francisco","IDUnidad":112,"NombreUnidad":"CR-154 TRE","IDOperador":1504,"NombreOperador":"HUGO MEDINA","IDEstatusViaje":1,"NombreEstatus":"Despachado","FechaInicio":"2/4/2026 12:00:00 AM","HoraInicio":"12:00","HoraFin":"14:00","IDObra":4582001,"NombreObra":"caranday","IDClienteSAE":4582,"NombreCliente":"CASAS JAVER","IDUso":2,"NombreUso":"Cimentacion","IDProducto":1014,"NombreProducto":"CONCRETO f\u0027c:200 Ag=20. Rev: 10 A1 D","Remision":"A2/41502","CveCiudad":"AGS","NombreVendedor":"HECTOR VILLANUEVA"},{"Id_Viaje":3036096,"IDPedido":582145,"CargaViaje":6.5,"IDPlanta":34,"NombrePlantaViaje":"A2-San Francisco","IDUnidad":328,"NombreUnidad":"CR-178","IDOperador":916,"NombreOperador":"CESAR DIAZ DE LEON","IDEstatusViaje":1,"NombreEstatus":"Despachado","FechaInicio":"2/4/2026 12:00:00 AM","HoraInicio":"12:10","HoraFin":"14:10","IDObra":4582001,"NombreObra":"caranday","IDClienteSAE":4582,"NombreCliente":"CASAS JAVER","IDUso":2,"NombreUso":"Cimentacion","IDProducto":1014,"NombreProducto":"CONCRETO f\u0027c:200 Ag=20. Rev: 10 A1 D","Remision":"A2/41501","CveCiudad":"AGS","NombreVendedor":"HECTOR VILLANUEVA"},{"Id_Viaje":3036114,"IDPedido":582132,"CargaViaje":8,"IDPlanta":20,"NombrePlantaViaje":"A1-Ojo Caliente","IDUnidad":48,"NombreUnidad":"CR-063 ZRB","IDOperador":1500,"NombreOperador":"RICARDO CHAVEZ","IDEstatusViaje":1,"NombreEstatus":"Despachado","FechaInicio":"2/4/2026 12:00:00 AM","HoraInicio":"03:00","HoraFin":"05:00","IDObra":2983008,"NombreObra":"LUCERNA","IDClienteSAE":2983,"NombreCliente":"GRUPO CONSTRUCTOR LUMAVI","IDUso":8,"NombreUso":"Losa","IDProducto":2528,"NombreProducto":"CONCRETO f\u0027c:200 Ag=20 Rev:14 RR B","Remision":"A1/96355","CveCiudad":"AGS","NombreVendedor":"CASA CASA"},{"Id_Viaje":3036140,"IDPedido":582146,"CargaViaje":5,"IDPlanta":34,"NombrePlantaViaje":"A2-San Francisco","IDUnidad":327,"NombreUnidad":"CR-201 9RG","IDOperador":1502,"NombreOperador":"JUAN FELIPE MARENTES","IDEstatusViaje":1,"NombreEstatus":"Despachado","FechaInicio":"2/4/2026 12:00:00 AM","HoraInicio":"12:30","HoraFin":"14:30","IDObra":2983007,"NombreObra":"LA CARTUJA","IDClienteSAE":2983,"NombreCliente":"GRUPO CONSTRUCTOR LUMAVI","IDUso":8,"NombreUso":"Losa","IDProducto":2528,"NombreProducto":"CONCRETO f\u0027c:200 Ag=20 Rev:14 RR B","Remision":"A2/41503","CveCiudad":"AGS","NombreVendedor":"CASA CASA"},{"Id_Viaje":3036156,"IDPedido":582169,"CargaViaje":7,"IDPlanta":20,"NombrePlantaViaje":"A1-Ojo Caliente","IDUnidad":108,"NombreUnidad":"CR-098 2RD","IDOperador":1503,"NombreOperador":"ALBERTO HERNANDEZ","IDEstatusViaje":1,"NombreEstatus":"Despachado","FechaInicio":"2/4/2026 12:00:00 AM","HoraInicio":"03:20","HoraFin":"05:20","IDObra":4582002,"NombreObra":"PASEOS DEL SUR","IDClienteSAE":4582,"NombreCliente":"CASAS JAVER","IDUso":1,"NombreUso":"Banqueta","IDProducto":1012,"NombreProducto":"CONCRETO f\u0027c:150 Ag=20 Rev:10 A1 D","Remision":"A1/96356","CveCiudad":"AGS","NombreVendedor":"HECTOR VILLANUEVA"},{"Id_Viaje":3036164,"IDPedido":581890,"CargaViaje":4,"IDPlanta":11,"NombrePlantaViaje":"M4-Centro","IDUnidad":78,"NombreUnidad":"CR-062","IDOperador":1478,"NombreOperador":"VICTOR HUGO MARTINEZ","IDEstatusViaje":2,"NombreEstatus":"Entregado","FechaInicio":"2/4/2026 12:00:00 AM","HoraInicio":"10:30","HoraFin":"12:30","IDObra":11594002,"NombreObra":"depas san nicolas","IDClienteSAE":11594,"NombreCliente":"PROYECTOS NEM","IDUso":27,"NombreUso":"Empastado","IDProducto":11275,"NombreProducto":"MORTERO f\u0027c=200Kgf/cm2 Ag=4 Rev=14 D 28","Remision":"M4/89037","CveCiudad":"MTY","NombreVendedor":"GUILLERMO RAMA HERRERA"},{"Id_Viaje":3036166,"IDPedido":582182,"CargaViaje":4,"IDPlanta":36,"NombrePlantaViaje":"Q1-Apaseo","IDUnidad":278,"NombreUnidad":"CR-218","IDOperador":1068,"NombreOperador":"HONORIO ISIDRO LOPEZ","IDEstatusViaje":2,"NombreEstatus":"Entregado","FechaInicio":"2/4/2026 12:00:00 AM","HoraInicio":"13:00","HoraFin":"15:00","IDObra":945010,"NombreObra":"PARQUE IND. CALAMANDA NEVADON","IDClienteSAE":945,"NombreCliente":"VAAR DISEÑO Y CONSTRUCCIONES","IDUso":1,"NombreUso":"Banqueta","IDProducto":12108,"NombreProducto":"Concreto f´c=200 ag=10 rev=14 D 28","Remision":"Q1/11412","CveCiudad":"QRO","NombreVendedor":"MIGUEL ANGEL GUTIERREZ"},{"Id_Viaje":3036168,"IDPedido":582180,"CargaViaje":4,"IDPlanta":23,"NombrePlantaViaje":"L1-Leon","IDUnidad":290,"NombreUnidad":"CR-215 RRF","IDOperador":1578,"NombreOperador":"JOSE FLORENTINO TORRES","IDEstatusViaje":1,"NombreEstatus":"Despachado","FechaInicio":"2/4/2026 12:00:00 AM","HoraInicio":"13:00","HoraFin":"15:00","IDObra":3168001,"NombreObra":"GUSTAVO MENA SANTA JULIA","IDClienteSAE":3168,"NombreCliente":"GUSTAVO ALBERTO MENA GONZALEZ","IDUso":7,"NombreUso":"Firme","IDProducto":1219,"NombreProducto":"CONCRETO f\u0027c:200 Ag=20. Rev: 10 A1 D","Remision":"L1/40922","CveCiudad":"LEON","NombreVendedor":"OFICINA MATRIZ"},{"Id_Viaje":3036170,"IDPedido":582045,"CargaViaje":3,"IDPlanta":19,"NombrePlantaViaje":"M1-Apodaca","IDUnidad":309,"NombreUnidad":"CR-117","IDOperador":1470,"NombreOperador":"ERICK BENJAMIN HERRERA","IDEstatusViaje":2,"NombreEstatus":"Entregado","FechaInicio":"2/4/2026 12:00:00 AM","HoraInicio":"23:20","HoraFin":"23:50","IDObra":11623002,"NombreObra":"sungwoo hitech apartament","IDClienteSAE":11623,"NombreCliente":"TAEINS MEXICO","IDUso":7,"NombreUso":"Firme","IDProducto":485,"NombreProducto":"CONCRETO f\u0027c=250 Ag=20 Rev=10 A1 D","Remision":"M1/91055","CveCiudad":"MTY","NombreVendedor":"CASA PROGRAMACION"},{"Id_Viaje":3036172,"IDPedido":582181,"CargaViaje":5,"IDPlanta":20,"NombrePlantaViaje":"A1-Ojo Caliente","IDUnidad":109,"NombreUnidad":"CR-106","IDOperador":49,"NombreOperador":"ANTONIO RAMIREZ","IDEstatusViaje":1,"NombreEstatus":"Despachado","FechaInicio":"2/4/2026 12:00:00 AM","HoraInicio":"12:40","HoraFin":"14:40","IDObra":4964002,"NombreObra":"BOSQUES PROVIDENCIA","IDClienteSAE":4964,"NombreCliente":"CONSTRUCTORA SAN JOSE PREMIER","IDUso":75,"NombreUso":"Cadena","IDProducto":1014,"NombreProducto":"CONCRETO f\u0027c:200 Ag=20. Rev: 10 A1 D","Remision":"A1/96357","CveCiudad":"AGS","NombreVendedor":"HECTOR VILLANUEVA"},{"Id_Viaje":3036174,"IDPedido":581627,"CargaViaje":5,"IDPlanta":16,"NombrePlantaViaje":"M6-Juarez","IDUnidad":315,"NombreUnidad":"CR-232","IDOperador":1452,"NombreOperador":"VICTOR LOPEZ","IDEstatusViaje":2,"NombreEstatus":"Entregado","FechaInicio":"2/4/2026 12:00:00 AM","HoraInicio":"23:30","HoraFin":"01:30","IDObra":10117012,"NombreObra":"corfu residencial","IDClienteSAE":10117,"NombreCliente":"RESIDE INMUEBLES","IDUso":7,"NombreUso":"Firme","IDProducto":483,"NombreProducto":"CONCRETO f\u0027c=200 Ag=20. Rev=10 A1 D","Remision":"M6/67032","CveCiudad":"MTY","NombreVendedor":"ENRIQUE ALVAREZ"},{"Id_Viaje":3036176,"IDPedido":582183,"CargaViaje":6,"IDPlanta":36,"NombrePlantaViaje":"Q1-Apaseo","IDUnidad":104,"NombreUnidad":"CR-024","IDOperador":1524,"NombreOperador":"ALEJANDRO VALLEJO","IDEstatusViaje":2,"NombreEstatus":"Entregado","FechaInicio":"2/4/2026 12:00:00 AM","HoraInicio":"13:00","HoraFin":"15:00","IDObra":1303001,"NombreObra":"SAN JOSE DE LOS OLVERA","IDClienteSAE":1303,"NombreCliente":"RAQUEL AMADOR LANDEROS","IDUso":2,"NombreUso":"Cimentacion","IDProducto":4355,"NombreProducto":"CONCRETO f\u0027c=250 Ag=20 Rev=10 D 28","Remision":"Q1/11413","CveCiudad":"QRO","NombreVendedor":"MIGUEL ANGEL GUTIERREZ"},{"Id_Viaje":3036178,"IDPedido":582183,"CargaViaje":6,"IDPlanta":36,"NombrePlantaViaje":"Q1-Apaseo","IDUnidad":266,"NombreUnidad":"CR-136","IDOperador":1585,"NombreOperador":"CARLOS ANTONIO VILLALVA","IDEstatusViaje":2,"NombreEstatus":"Entregado","FechaInicio":"2/4/2026 12:00:00 AM","HoraInicio":"13:10","HoraFin":"15:10","IDObra":1303001,"NombreObra":"SAN JOSE DE LOS OLVERA","IDClienteSAE":1303,"NombreCliente":"RAQUEL AMADOR LANDEROS","IDUso":2,"NombreUso":"Cimentacion","IDProducto":4355,"NombreProducto":"CONCRETO f\u0027c=250 Ag=20 Rev=10 D 28","Remision":"Q1/11414","CveCiudad":"QRO","NombreVendedor":"MIGUEL ANGEL GUTIERREZ"},{"Id_Viaje":3036180,"IDPedido":582183,"CargaViaje":5,"IDPlanta":36,"NombrePlantaViaje":"Q1-Apaseo","IDUnidad":274,"NombreUnidad":"CR-208","IDOperador":1647,"NombreOperador":"JOSE GUADALUPE LEDESMA","IDEstatusViaje":2,"NombreEstatus":"Entregado","FechaInicio":"2/4/2026 12:00:00 AM","HoraInicio":"13:20","HoraFin":"15:20","IDObra":1303001,"NombreObra":"SAN JOSE DE LOS OLVERA","IDClienteSAE":1303,"NombreCliente":"RAQUEL AMADOR LANDEROS","IDUso":2,"NombreUso":"Cimentacion","IDProducto":4355,"NombreProducto":"CONCRETO f\u0027c=250 Ag=20 Rev=10 D 28","Remision":"Q1/11417","CveCiudad":"QRO","NombreVendedor":"MIGUEL ANGEL GUTIERREZ"},{"Id_Viaje":3036182,"IDPedido":582126,"CargaViaje":7,"IDPlanta":20,"NombrePlantaViaje":"A1-Ojo Caliente","IDUnidad":116,"NombreUnidad":"CR-098","IDOperador":44,"NombreOperador":"ALBERTO HERRERA","IDEstatusViaje":1,"NombreEstatus":"Despachado","FechaInicio":"2/4/2026 12:00:00 AM","HoraInicio":"04:00","HoraFin":"06:00","IDObra":2820038,"NombreObra":"GPE PERALTA","IDClienteSAE":2820,"NombreCliente":"URBANIZACIONES ARGU","IDUso":7,"NombreUso":"Firme","IDProducto":2546,"NombreProducto":"CONCRETO f\u0027c:250 Ag=20 Rev:10 A1 D","Remision":"A1/96358","CveCiudad":"AGS","NombreVendedor":"CASA CASA"},{"Id_Viaje":3036184,"IDPedido":582184,"CargaViaje":5,"IDPlanta":31,"NombrePlantaViaje":"G3-Tlajomulco","IDUnidad":151,"NombreUnidad":"CR-086","IDOperador":102,"NombreOperador":"ALFONSO OVALLE","IDEstatusViaje":1,"NombreEstatus":"Despachado","FechaInicio":"2/4/2026 12:00:00 AM","HoraInicio":"15:00","HoraFin":"17:00","IDObra":6309003,"NombreObra":"acatlan 2","IDClienteSAE":6309,"NombreCliente":"ARCH-VISION","IDUso":60,"NombreUso":"Machuelo","IDProducto":2646,"NombreProducto":"CONCRETO f\u0027c:150 Ag=10 Rev:10 A1 D","Remision":"G3/49813","CveCiudad":"GDL","NombreVendedor":"RODOLFO ARREDONDO"},{"Id_Viaje":3036186,"IDPedido":582116,"CargaViaje":4.5,"IDPlanta":13,"NombrePlantaViaje":"G1- VALLE DE LA MISERICORDIA","IDUnidad":319,"NombreUnidad":"CR-040","IDOperador":481,"NombreOperador":"[LIBRE] LIBRE","IDEstatusViaje":1,"NombreEstatus":"Despachado","FechaInicio":"2/4/2026 12:00:00 AM","HoraInicio":"10:00","HoraFin":"12:00","IDObra":5916003,"NombreObra":"LA TIJERA","IDClienteSAE":5916,"NombreCliente":"ARQUED CONSTRUCTOR DE OCCIDENTE","IDUso":39,"NombreUso":"Dado","IDProducto":11448,"NombreProducto":"CONCRETO f\u0027c=250 Ag=20 Rev=10 D 28","Remision":"G1/70649","CveCiudad":"GDL","NombreVendedor":"RODOLFO ARREDONDO"},{"Id_Viaje":3036188,"IDPedido":582185,"CargaViaje":8,"IDPlanta":36,"NombrePlantaViaje":"Q1-Apaseo","IDUnidad":279,"NombreUnidad":"CR-228","IDOperador":1612,"NombreOperador":"LUIS ALBERTO REYES","IDEstatusViaje":2,"NombreEstatus":"Entregado","FechaInicio":"2/4/2026 12:00:00 AM","HoraInicio":"13:00","HoraFin":"15:00","IDObra":313001,"NombreObra":"HACIENDA SUR","IDClienteSAE":313,"NombreCliente":"VALLE DE LOS MEZQUITES","IDUso":2,"NombreUso":"Cimentacion","IDProducto":4347,"NombreProducto":"CONCRETO f\u0027c=150 Ag=20 Rev=10 D 28","Remision":"Q1/11416","CveCiudad":"QRO","NombreVendedor":"YIMI EDUARDO VAZQUEZ"},{"Id_Viaje":3036190,"IDPedido":582185,"CargaViaje":0,"IDPlanta":36,"NombrePlantaViaje":"Q1-Apaseo","IDUnidad":382,"NombreUnidad":"CR-9RH","IDOperador":1586,"NombreOperador":"RAMIRO HERNANDEZ","IDEstatusViaje":2,"NombreEstatus":"Entregado","FechaInicio":"2/4/2026 12:00:00 AM","HoraInicio":"13:10","HoraFin":"15:10","IDObra":313001,"NombreObra":"HACIENDA SUR","IDClienteSAE":313,"NombreCliente":"VALLE DE LOS MEZQUITES","IDUso":2,"NombreUso":"Cimentacion","IDProducto":4347,"NombreProducto":"CONCRETO f\u0027c=150 Ag=20 Rev=10 D 28","Remision":"Q1/11415","CveCiudad":"QRO","NombreVendedor":"YIMI EDUARDO VAZQUEZ"},{"Id_Viaje":3036192,"IDPedido":582186,"CargaViaje":5,"IDPlanta":30,"NombrePlantaViaje":"P1-Coronango","IDUnidad":254,"NombreUnidad":"CR-187","IDOperador":1186,"NombreOperador":"AARON GUTIERREZ","IDEstatusViaje":1,"NombreEstatus":"Despachado","FechaInicio":"2/4/2026 12:00:00 AM","HoraInicio":"14:00","HoraFin":"16:00","IDObra":1835001,"NombreObra":"estadio olímpico zaragoza","IDClienteSAE":1835,"NombreCliente":"PROYECTOS NOVATERRA","IDUso":9,"NombreUso":"Muro","IDProducto":10839,"NombreProducto":"CONCRETO f\u0027c=300 Ag=10 Rev=18 B 28","Remision":"P1/38407","CveCiudad":"PUE","NombreVendedor":"GUADALUPE HERNANDEZ"},{"Id_Viaje":3036194,"IDPedido":582186,"CargaViaje":5,"IDPlanta":30,"NombrePlantaViaje":"P1-Coronango","IDUnidad":9,"NombreUnidad":"CR-192","IDOperador":868,"NombreOperador":"EDGAR ROMERO","IDEstatusViaje":1,"NombreEstatus":"Despachado","FechaInicio":"2/4/2026 12:00:00 AM","HoraInicio":"14:10","HoraFin":"16:10","IDObra":1835001,"NombreObra":"estadio olímpico zaragoza","IDClienteSAE":1835,"NombreCliente":"PROYECTOS NOVATERRA","IDUso":9,"NombreUso":"Muro","IDProducto":10839,"NombreProducto":"CONCRETO f\u0027c=300 Ag=10 Rev=18 B 28","Remision":"P1/38408","CveCiudad":"PUE","NombreVendedor":"GUADALUPE HERNANDEZ"},{"Id_Viaje":3036196,"IDPedido":582186,"CargaViaje":5,"IDPlanta":30,"NombrePlantaViaje":"P1-Coronango","IDUnidad":195,"NombreUnidad":"CR-158","IDOperador":1006,"NombreOperador":"VICTOR MANUEL HERNANDEZ","IDEstatusViaje":1,"NombreEstatus":"Despachado","FechaInicio":"2/4/2026 12:00:00 AM","HoraInicio":"14:20","HoraFin":"16:20","IDObra":1835001,"NombreObra":"estadio olímpico zaragoza","IDClienteSAE":1835,"NombreCliente":"PROYECTOS NOVATERRA","IDUso":9,"NombreUso":"Muro","IDProducto":10839,"NombreProducto":"CONCRETO f\u0027c=300 Ag=10 Rev=18 B 28","Remision":"P1/38411","CveCiudad":"PUE","NombreVendedor":"GUADALUPE HERNANDEZ"},{"Id_Viaje":3036198,"IDPedido":582187,"CargaViaje":4,"IDPlanta":23,"NombrePlantaViaje":"L1-Leon","IDUnidad":353,"NombreUnidad":"CR-221 XRG","IDOperador":1624,"NombreOperador":"JUAN VICTOR PEREZ","IDEstatusViaje":1,"NombreEstatus":"Despachado","FechaInicio":"2/4/2026 12:00:00 AM","HoraInicio":"13:30","HoraFin":"15:30","IDObra":3169001,"NombreObra":"AGUSTIN RIZO DUARTE","IDClienteSAE":3169,"NombreCliente":"AGUSTIN RIZO GOMEZ","IDUso":15,"NombreUso":"Zapatas","IDProducto":2805,"NombreProducto":"CONCRETO f\u0027c:100 Ag=20 Rev:10 A1 D","Remision":"L1/40923","CveCiudad":"LEON","NombreVendedor":"OFICINA MATRIZ"},{"Id_Viaje":3036200,"IDPedido":582134,"CargaViaje":6.5,"IDPlanta":20,"NombrePlantaViaje":"A1-Ojo Caliente","IDUnidad":331,"NombreUnidad":"CR-140-","IDOperador":1419,"NombreOperador":"JUAN HUMBERTO MARQUEZ","IDEstatusViaje":1,"NombreEstatus":"Despachado","FechaInicio":"2/4/2026 12:00:00 AM","HoraInicio":"14:00","HoraFin":"16:00","IDObra":4582001,"NombreObra":"caranday","IDClienteSAE":4582,"NombreCliente":"CASAS JAVER","IDUso":8,"NombreUso":"Losa","IDProducto":1022,"NombreProducto":"CONCRETO f\u0027c:200 Ag=20 Rev:14 A1 B","Remision":"A1/96359","CveCiudad":"AGS","NombreVendedor":"HECTOR VILLANUEVA"},{"Id_Viaje":3036202,"IDPedido":581981,"CargaViaje":7,"IDPlanta":19,"NombrePlantaViaje":"M1-Apodaca","IDUnidad":347,"NombreUnidad":"CR-099","IDOperador":1190,"NombreOperador":"SAUL GUAJARDO","IDEstatusViaje":2,"NombreEstatus":"Entregado","FechaInicio":"2/4/2026 12:00:00 AM","HoraInicio":"23:10","HoraFin":"23:40","IDObra":12154003,"NombreObra":"heb la fe","IDClienteSAE":12154,"NombreCliente":"EDIFICADORA INDUSTRIAL DEL RIO","IDUso":7,"NombreUso":"Firme","IDProducto":513,"NombreProducto":"CONCRETO f\u0027c=200 Ag=20 Rev=14 A1 D","Remision":"M1/91059","CveCiudad":"MTY","NombreVendedor":"CESAR LUNA"},{"Id_Viaje":3036204,"IDPedido":582158,"CargaViaje":2.5,"IDPlanta":23,"NombrePlantaViaje":"L1-Leon","IDUnidad":354,"NombreUnidad":"CR-226 2RH","IDOperador":1329,"NombreOperador":"CHRISTIAN ALEJANDRO ARENAS","IDEstatusViaje":1,"NombreEstatus":"Despachado","FechaInicio":"2/4/2026 12:00:00 AM","HoraInicio":"15:00","HoraFin":"17:00","IDObra":1004013,"NombreObra":"sacromonte 7","IDClienteSAE":1004,"NombreCliente":"INMOBILIARIA GESTORIA Y ASESORIA","IDUso":21,"NombreUso":"Castillos","IDProducto":11361,"NombreProducto":"CONCRETO f\u0027c=150 Ag=10 Rev=14 D 28","Remision":"L1/40924","CveCiudad":"LEON","NombreVendedor":"OFICINA MATRIZ"},{"Id_Viaje":3036206,"IDPedido":582066,"CargaViaje":7,"IDPlanta":11,"NombrePlantaViaje":"M4-Centro","IDUnidad":231,"NombreUnidad":"CR-151","IDOperador":1581,"NombreOperador":"FRANCISCO JAVIER GONZALEZ","IDEstatusViaje":2,"NombreEstatus":"Entregado","FechaInicio":"2/4/2026 12:00:00 AM","HoraInicio":"23:20","HoraFin":"23:50","IDObra":10580001,"NombreObra":"catehua","IDClienteSAE":10580,"NombreCliente":"LEMURA VIVIENDA","IDUso":8,"NombreUso":"Losa","IDProducto":1557,"NombreProducto":"CONCRETO f\u0027c=250 Ag=20 Rev=18 A1 B","Remision":"M4/89040","CveCiudad":"MTY","NombreVendedor":"BLANCA P. GARZA"},{"Id_Viaje":3036208,"IDPedido":582135,"CargaViaje":8,"IDPlanta":20,"NombrePlantaViaje":"A1-Ojo Caliente","IDUnidad":48,"NombreUnidad":"CR-063 ZRB","IDOperador":1500,"NombreOperador":"RICARDO CHAVEZ","IDEstatusViaje":1,"NombreEstatus":"Despachado","FechaInicio":"2/4/2026 12:00:00 AM","HoraInicio":"14:30","HoraFin":"16:30","IDObra":4582006,"NombreObra":"ZEKKEI II","IDClienteSAE":4582,"NombreCliente":"CASAS JAVER","IDUso":2,"NombreUso":"Cimentacion","IDProducto":1014,"NombreProducto":"CONCRETO f\u0027c:200 Ag=20. Rev: 10 A1 D","Remision":"A1/96360","CveCiudad":"AGS","NombreVendedor":"HECTOR VILLANUEVA"},{"Id_Viaje":3036212,"IDPedido":582189,"CargaViaje":7,"IDPlanta":30,"NombrePlantaViaje":"P1-Coronango","IDUnidad":196,"NombreUnidad":"CR-159","IDOperador":1013,"NombreOperador":"ALEJANDRO ARCE","IDEstatusViaje":1,"NombreEstatus":"Despachado","FechaInicio":"2/4/2026 12:00:00 AM","HoraInicio":"14:00","HoraFin":"16:00","IDObra":845011,"NombreObra":"fracc platiniO","IDClienteSAE":845,"NombreCliente":"GRUPO BRECASA","IDUso":8,"NombreUso":"Losa","IDProducto":11089,"NombreProducto":"CONCRETO f\u0027c=200 Ag=10 Rev=14 B 28","Remision":"P1/38409","CveCiudad":"PUE","NombreVendedor":"VENDEDOR PUEBLA ."},{"Id_Viaje":3036214,"IDPedido":582189,"CargaViaje":7,"IDPlanta":30,"NombrePlantaViaje":"P1-Coronango","IDUnidad":197,"NombreUnidad":"CR-160","IDOperador":1016,"NombreOperador":"FRANCISCO MANUEL PARDO","IDEstatusViaje":1,"NombreEstatus":"Despachado","FechaInicio":"2/4/2026 12:00:00 AM","HoraInicio":"14:10","HoraFin":"16:10","IDObra":845011,"NombreObra":"fracc platiniO","IDClienteSAE":845,"NombreCliente":"GRUPO BRECASA","IDUso":8,"NombreUso":"Losa","IDProducto":11089,"NombreProducto":"CONCRETO f\u0027c=200 Ag=10 Rev=14 B 28","Remision":"P1/38410","CveCiudad":"PUE","NombreVendedor":"VENDEDOR PUEBLA ."},{"Id_Viaje":3036216,"IDPedido":582189,"CargaViaje":7,"IDPlanta":30,"NombrePlantaViaje":"P1-Coronango","IDUnidad":198,"NombreUnidad":"CR-161","IDOperador":1008,"NombreOperador":"CARLOS ARMAS","IDEstatusViaje":1,"NombreEstatus":"Despachado","FechaInicio":"2/4/2026 12:00:00 AM","HoraInicio":"14:20","HoraFin":"16:20","IDObra":845011,"NombreObra":"fracc platiniO","IDClienteSAE":845,"NombreCliente":"GRUPO BRECASA","IDUso":8,"NombreUso":"Losa","IDProducto":11089,"NombreProducto":"CONCRETO f\u0027c=200 Ag=10 Rev=14 B 28","Remision":"P1/38412","CveCiudad":"PUE","NombreVendedor":"VENDEDOR PUEBLA ."},{"Id_Viaje":3036218,"IDPedido":582189,"CargaViaje":7,"IDPlanta":30,"NombrePlantaViaje":"P1-Coronango","IDUnidad":199,"NombreUnidad":"CR-162","IDOperador":1005,"NombreOperador":"DAVID FLORES","IDEstatusViaje":1,"NombreEstatus":"Despachado","FechaInicio":"2/4/2026 12:00:00 AM","HoraInicio":"14:30","HoraFin":"16:30","IDObra":845011,"NombreObra":"fracc platiniO","IDClienteSAE":845,"NombreCliente":"GRUPO BRECASA","IDUso":8,"NombreUso":"Losa","IDProducto":11089,"NombreProducto":"CONCRETO f\u0027c=200 Ag=10 Rev=14 B 28","Remision":"P1/38416","CveCiudad":"PUE","NombreVendedor":"VENDEDOR PUEBLA ."},{"Id_Viaje":3036220,"IDPedido":582189,"CargaViaje":4,"IDPlanta":30,"NombrePlantaViaje":"P1-Coronango","IDUnidad":200,"NombreUnidad":"CR-163","IDOperador":1186,"NombreOperador":"AARON GUTIERREZ","IDEstatusViaje":1,"NombreEstatus":"Despachado","FechaInicio":"2/4/2026 12:00:00 AM","HoraInicio":"14:40","HoraFin":"16:40","IDObra":845011,"NombreObra":"fracc platiniO","IDClienteSAE":845,"NombreCliente":"GRUPO BRECASA","IDUso":8,"NombreUso":"Losa","IDProducto":11089,"NombreProducto":"CONCRETO f\u0027c=200 Ag=10 Rev=14 B 28","Remision":"P1/38417","CveCiudad":"PUE","NombreVendedor":"VENDEDOR PUEBLA ."},{"Id_Viaje":3036224,"IDPedido":582127,"CargaViaje":5,"IDPlanta":20,"NombrePlantaViaje":"A1-Ojo Caliente","IDUnidad":295,"NombreUnidad":"CR-065","IDOperador":675,"NombreOperador":"JUAN ANTONIO HERRERA","IDEstatusViaje":1,"NombreEstatus":"Despachado","FechaInicio":"2/4/2026 12:00:00 AM","HoraInicio":"14:50","HoraFin":"16:50","IDObra":2820038,"NombreObra":"GPE PERALTA","IDClienteSAE":2820,"NombreCliente":"URBANIZACIONES ARGU","IDUso":32,"NombreUso":"Guarnicion","IDProducto":1014,"NombreProducto":"CONCRETO f\u0027c:200 Ag=20. Rev: 10 A1 D","Remision":"A1/96361","CveCiudad":"AGS","NombreVendedor":"CASA CASA"},{"Id_Viaje":3036226,"IDPedido":582147,"CargaViaje":7,"IDPlanta":34,"NombrePlantaViaje":"A2-San Francisco","IDUnidad":350,"NombreUnidad":"CR-047","IDOperador":1076,"NombreOperador":"EZEQUIEL SANDOVAL","IDEstatusViaje":1,"NombreEstatus":"Despachado","FechaInicio":"2/4/2026 12:00:00 AM","HoraInicio":"15:30","HoraFin":"17:30","IDObra":2730002,"NombreObra":"ALBASERRADA","IDClienteSAE":2730,"NombreCliente":"GARCAM DESARROLLOS","IDUso":13,"NombreUso":"Trabes","IDProducto":1042,"NombreProducto":"CONCRETO f\u0027c:250 Ag=20 Rev:14 A1 B","Remision":"A2/41504","CveCiudad":"AGS","NombreVendedor":"HECTOR VILLANUEVA"},{"Id_Viaje":3036228,"IDPedido":582147,"CargaViaje":7,"IDPlanta":34,"NombrePlantaViaje":"A2-San Francisco","IDUnidad":113,"NombreUnidad":"CR-140 CRE","IDOperador":1501,"NombreOperador":"ANTONIO NAVARRO","IDEstatusViaje":1,"NombreEstatus":"Despachado","FechaInicio":"2/4/2026 12:00:00 AM","HoraInicio":"15:40","HoraFin":"17:40","IDObra":2730002,"NombreObra":"ALBASERRADA","IDClienteSAE":2730,"NombreCliente":"GARCAM DESARROLLOS","IDUso":13,"NombreUso":"Trabes","IDProducto":1042,"NombreProducto":"CONCRETO f\u0027c:250 Ag=20 Rev:14 A1 B","Remision":"A2/41505","CveCiudad":"AGS","NombreVendedor":"HECTOR VILLANUEVA"},{"Id_Viaje":3036230,"IDPedido":582147,"CargaViaje":7,"IDPlanta":34,"NombrePlantaViaje":"A2-San Francisco","IDUnidad":112,"NombreUnidad":"CR-154 TRE","IDOperador":1504,"NombreOperador":"HUGO MEDINA","IDEstatusViaje":1,"NombreEstatus":"Despachado","FechaInicio":"2/4/2026 12:00:00 AM","HoraInicio":"15:50","HoraFin":"17:50","IDObra":2730002,"NombreObra":"ALBASERRADA","IDClienteSAE":2730,"NombreCliente":"GARCAM DESARROLLOS","IDUso":13,"NombreUso":"Trabes","IDProducto":1042,"NombreProducto":"CONCRETO f\u0027c:250 Ag=20 Rev:14 A1 B","Remision":"A2/41506","CveCiudad":"AGS","NombreVendedor":"HECTOR VILLANUEVA"},{"Id_Viaje":3036232,"IDPedido":582147,"CargaViaje":7,"IDPlanta":34,"NombrePlantaViaje":"A2-San Francisco","IDUnidad":328,"NombreUnidad":"CR-178","IDOperador":916,"NombreOperador":"CESAR DIAZ DE LEON","IDEstatusViaje":1,"NombreEstatus":"Despachado","FechaInicio":"2/4/2026 12:00:00 AM","HoraInicio":"16:00","HoraFin":"18:00","IDObra":2730002,"NombreObra":"ALBASERRADA","IDClienteSAE":2730,"NombreCliente":"GARCAM DESARROLLOS","IDUso":13,"NombreUso":"Trabes","IDProducto":1042,"NombreProducto":"CONCRETO f\u0027c:250 Ag=20 Rev:14 A1 B","Remision":"A2/41507","CveCiudad":"AGS","NombreVendedor":"HECTOR VILLANUEVA"},{"Id_Viaje":3036236,"IDPedido":582138,"CargaViaje":7,"IDPlanta":20,"NombrePlantaViaje":"A1-Ojo Caliente","IDUnidad":106,"NombreUnidad":"CR-157","IDOperador":48,"NombreOperador":"ROBERTO GONGORA","IDEstatusViaje":1,"NombreEstatus":"Despachado","FechaInicio":"2/4/2026 12:00:00 AM","HoraInicio":"15:00","HoraFin":"17:00","IDObra":2730002,"NombreObra":"ALBASERRADA","IDClienteSAE":2730,"NombreCliente":"GARCAM DESARROLLOS","IDUso":13,"NombreUso":"Trabes","IDProducto":1042,"NombreProducto":"CONCRETO f\u0027c:250 Ag=20 Rev:14 A1 B","Remision":"A1/96362","CveCiudad":"AGS","NombreVendedor":"HECTOR VILLANUEVA"},{"Id_Viaje":3036240,"IDPedido":582190,"CargaViaje":4,"IDPlanta":36,"NombrePlantaViaje":"Q1-Apaseo","IDUnidad":268,"NombreUnidad":"CR-137","IDOperador":1684,"NombreOperador":"BENJAMIN ROMAN","IDEstatusViaje":2,"NombreEstatus":"Entregado","FechaInicio":"2/4/2026 12:00:00 AM","HoraInicio":"14:30","HoraFin":"16:30","IDObra":1012001,"NombreObra":"arimatea - meseta habitatt","IDClienteSAE":1012,"NombreCliente":"INMOBILIARIA GESTORIA Y ASESORIA","IDUso":15,"NombreUso":"Zapatas","IDProducto":4355,"NombreProducto":"CONCRETO f\u0027c=250 Ag=20 Rev=10 D 28","Remision":"Q1/11418","CveCiudad":"QRO","NombreVendedor":"YIMI EDUARDO VAZQUEZ"},{"Id_Viaje":3036242,"IDPedido":582137,"CargaViaje":2,"IDPlanta":20,"NombrePlantaViaje":"A1-Ojo Caliente","IDUnidad":168,"NombreUnidad":"CR-181","IDOperador":43,"NombreOperador":"CARLOS VALDEZ","IDEstatusViaje":1,"NombreEstatus":"Despachado","FechaInicio":"2/4/2026 12:00:00 AM","HoraInicio":"14:10","HoraFin":"16:10","IDObra":3435010,"NombreObra":"GUADALUPE PERALTA","IDClienteSAE":3435,"NombreCliente":"ATECO","IDUso":25,"NombreUso":"Pavimento","IDProducto":3563,"NombreProducto":"CONCRETO MR= 45 Ag=40 Rev:10 R3 D.","Remision":"A1/96363","CveCiudad":"AGS","NombreVendedor":"HECTOR VILLANUEVA"},{"Id_Viaje":3036244,"IDPedido":582189,"CargaViaje":7,"IDPlanta":30,"NombrePlantaViaje":"P1-Coronango","IDUnidad":201,"NombreUnidad":"CR-164","IDOperador":1014,"NombreOperador":"NAHUM ROMERO","IDEstatusViaje":1,"NombreEstatus":"Despachado","FechaInicio":"2/4/2026 12:00:00 AM","HoraInicio":"14:00","HoraFin":"16:00","IDObra":845011,"NombreObra":"fracc platiniO","IDClienteSAE":845,"NombreCliente":"GRUPO BRECASA","IDUso":8,"NombreUso":"Losa","IDProducto":11089,"NombreProducto":"CONCRETO f\u0027c=200 Ag=10 Rev=14 B 28","Remision":"P1/38413","CveCiudad":"PUE","NombreVendedor":"VENDEDOR PUEBLA ."},{"Id_Viaje":3036246,"IDPedido":582189,"CargaViaje":7,"IDPlanta":30,"NombrePlantaViaje":"P1-Coronango","IDUnidad":249,"NombreUnidad":"CR-175","IDOperador":1009,"NombreOperador":"ALBERTO CORTEZ","IDEstatusViaje":1,"NombreEstatus":"Despachado","FechaInicio":"2/4/2026 12:00:00 AM","HoraInicio":"14:10","HoraFin":"16:10","IDObra":845011,"NombreObra":"fracc platiniO","IDClienteSAE":845,"NombreCliente":"GRUPO BRECASA","IDUso":8,"NombreUso":"Losa","IDProducto":11089,"NombreProducto":"CONCRETO f\u0027c=200 Ag=10 Rev=14 B 28","Remision":"P1/38414","CveCiudad":"PUE","NombreVendedor":"VENDEDOR PUEBLA ."},{"Id_Viaje":3036255,"IDPedido":582191,"CargaViaje":1,"IDPlanta":20,"NombrePlantaViaje":"A1-Ojo Caliente","IDUnidad":358,"NombreUnidad":"CR-220 WRG","IDOperador":1505,"NombreOperador":"RAUL DE LEON","IDEstatusViaje":1,"NombreEstatus":"Despachado","FechaInicio":"2/4/2026 12:00:00 AM","HoraInicio":"15:20","HoraFin":"17:20","IDObra":2820040,"NombreObra":"HEROE INMORTAL","IDClienteSAE":2820,"NombreCliente":"URBANIZACIONES ARGU","IDUso":1,"NombreUso":"Banqueta","IDProducto":1012,"NombreProducto":"CONCRETO f\u0027c:150 Ag=20 Rev:10 A1 D","Remision":"A1/96364","CveCiudad":"AGS","NombreVendedor":"CASA CASA"},{"Id_Viaje":3036263,"IDPedido":582147,"CargaViaje":7,"IDPlanta":34,"NombrePlantaViaje":"A2-San Francisco","IDUnidad":122,"NombreUnidad":"CR-043-","IDOperador":1067,"NombreOperador":"JUAN HUMBERTO MARQUEZ","IDEstatusViaje":1,"NombreEstatus":"Despachado","FechaInicio":"2/4/2026 12:00:00 AM","HoraInicio":"16:20","HoraFin":"18:20","IDObra":2730002,"NombreObra":"ALBASERRADA","IDClienteSAE":2730,"NombreCliente":"GARCAM DESARROLLOS","IDUso":13,"NombreUso":"Trabes","IDProducto":1042,"NombreProducto":"CONCRETO f\u0027c:250 Ag=20 Rev:14 A1 B","Remision":"A2/41508","CveCiudad":"AGS","NombreVendedor":"HECTOR VILLANUEVA"},{"Id_Viaje":3036265,"IDPedido":582186,"CargaViaje":2.5,"IDPlanta":30,"NombrePlantaViaje":"P1-Coronango","IDUnidad":197,"NombreUnidad":"CR-160","IDOperador":1016,"NombreOperador":"FRANCISCO MANUEL PARDO","IDEstatusViaje":1,"NombreEstatus":"Despachado","FechaInicio":"2/4/2026 12:00:00 AM","HoraInicio":"17:00","HoraFin":"19:00","IDObra":1835001,"NombreObra":"estadio olímpico zaragoza","IDClienteSAE":1835,"NombreCliente":"PROYECTOS NOVATERRA","IDUso":9,"NombreUso":"Muro","IDProducto":10839,"NombreProducto":"CONCRETO f\u0027c=300 Ag=10 Rev=18 B 28","Remision":"P1/38415","CveCiudad":"PUE","NombreVendedor":"GUADALUPE HERNANDEZ"},{"Id_Viaje":3036305,"IDPedido":582200,"CargaViaje":7,"IDPlanta":30,"NombrePlantaViaje":"P1-Coronango","IDUnidad":251,"NombreUnidad":"CR-183","IDOperador":1209,"NombreOperador":"IVAN RAMOS","IDEstatusViaje":1,"NombreEstatus":"Despachado","FechaInicio":"2/4/2026 12:00:00 AM","HoraInicio":"18:40","HoraFin":"20:40","IDObra":1835001,"NombreObra":"estadio olímpico zaragoza","IDClienteSAE":1835,"NombreCliente":"PROYECTOS NOVATERRA","IDUso":8,"NombreUso":"Losa","IDProducto":10975,"NombreProducto":"CONCRETO f\u0027c: 250 Ag=20 Rev.14 A1 B","Remision":"P1/38419","CveCiudad":"PUE","NombreVendedor":"GUADALUPE HERNANDEZ"},{"Id_Viaje":3036307,"IDPedido":582200,"CargaViaje":7,"IDPlanta":30,"NombrePlantaViaje":"P1-Coronango","IDUnidad":252,"NombreUnidad":"CR-184","IDOperador":1747,"NombreOperador":"JUAN CARLOS ENRIQUEZ","IDEstatusViaje":1,"NombreEstatus":"Despachado","FechaInicio":"2/4/2026 12:00:00 AM","HoraInicio":"18:50","HoraFin":"20:50","IDObra":1835001,"NombreObra":"estadio olímpico zaragoza","IDClienteSAE":1835,"NombreCliente":"PROYECTOS NOVATERRA","IDUso":8,"NombreUso":"Losa","IDProducto":10975,"NombreProducto":"CONCRETO f\u0027c: 250 Ag=20 Rev.14 A1 B","Remision":"P1/38420","CveCiudad":"PUE","NombreVendedor":"GUADALUPE HERNANDEZ"},{"Id_Viaje":3036309,"IDPedido":582200,"CargaViaje":7,"IDPlanta":30,"NombrePlantaViaje":"P1-Coronango","IDUnidad":253,"NombreUnidad":"CR-185","IDOperador":868,"NombreOperador":"EDGAR ROMERO","IDEstatusViaje":1,"NombreEstatus":"Despachado","FechaInicio":"2/4/2026 12:00:00 AM","HoraInicio":"19:00","HoraFin":"21:00","IDObra":1835001,"NombreObra":"estadio olímpico zaragoza","IDClienteSAE":1835,"NombreCliente":"PROYECTOS NOVATERRA","IDUso":8,"NombreUso":"Losa","IDProducto":10975,"NombreProducto":"CONCRETO f\u0027c: 250 Ag=20 Rev.14 A1 B","Remision":"P1/38421","CveCiudad":"PUE","NombreVendedor":"GUADALUPE HERNANDEZ"},{"Id_Viaje":3036311,"IDPedido":582200,"CargaViaje":4,"IDPlanta":30,"NombrePlantaViaje":"P1-Coronango","IDUnidad":254,"NombreUnidad":"CR-187","IDOperador":1186,"NombreOperador":"AARON GUTIERREZ","IDEstatusViaje":1,"NombreEstatus":"Despachado","FechaInicio":"2/4/2026 12:00:00 AM","HoraInicio":"19:10","HoraFin":"21:10","IDObra":1835001,"NombreObra":"estadio olímpico zaragoza","IDClienteSAE":1835,"NombreCliente":"PROYECTOS NOVATERRA","IDUso":8,"NombreUso":"Losa","IDProducto":10975,"NombreProducto":"CONCRETO f\u0027c: 250 Ag=20 Rev.14 A1 B","Remision":"P1/38422","CveCiudad":"PUE","NombreVendedor":"GUADALUPE HERNANDEZ"},{"Id_Viaje":3036313,"IDPedido":582147,"CargaViaje":7,"IDPlanta":34,"NombrePlantaViaje":"A2-San Francisco","IDUnidad":350,"NombreUnidad":"CR-047","IDOperador":1076,"NombreOperador":"EZEQUIEL SANDOVAL","IDEstatusViaje":1,"NombreEstatus":"Despachado","FechaInicio":"2/4/2026 12:00:00 AM","HoraInicio":"18:00","HoraFin":"20:00","IDObra":2730002,"NombreObra":"ALBASERRADA","IDClienteSAE":2730,"NombreCliente":"GARCAM DESARROLLOS","IDUso":13,"NombreUso":"Trabes","IDProducto":1042,"NombreProducto":"CONCRETO f\u0027c:250 Ag=20 Rev:14 A1 B","Remision":"A2/41509","CveCiudad":"AGS","NombreVendedor":"HECTOR VILLANUEVA"}]