[{"Id_Viaje":3034664,"IDPedido":581842,"CargaViaje":7,"IDPlanta":19,"NombrePlantaViaje":"M1-Apodaca","IDUnidad":332,"NombreUnidad":"CR-026","IDOperador":1458,"NombreOperador":"MIGUEL ANGEL LUGO","IDEstatusViaje":2,"NombreEstatus":"Entregado","FechaInicio":"2/5/2026 12:00:00 AM","HoraInicio":"13:00","HoraFin":"15:00","IDObra":9876033,"NombreObra":"privada mugnano","IDClienteSAE":9876,"NombreCliente":"MX CONSTRUCCIONES","IDUso":21,"NombreUso":"Castillos","IDProducto":483,"NombreProducto":"CONCRETO f\u0027c=200 Ag=20. Rev=10 A1 D","Remision":"M1/91073","CveCiudad":"MTY","NombreVendedor":"ENRIQUE ALVAREZ"},{"Id_Viaje":3034666,"IDPedido":581842,"CargaViaje":7,"IDPlanta":19,"NombrePlantaViaje":"M1-Apodaca","IDUnidad":40,"NombreUnidad":"CR-031","IDOperador":1157,"NombreOperador":"JUAN JOSE ROSARIO LOPEZ","IDEstatusViaje":2,"NombreEstatus":"Entregado","FechaInicio":"2/5/2026 12:00:00 AM","HoraInicio":"13:10","HoraFin":"15:10","IDObra":9876033,"NombreObra":"privada mugnano","IDClienteSAE":9876,"NombreCliente":"MX CONSTRUCCIONES","IDUso":21,"NombreUso":"Castillos","IDProducto":483,"NombreProducto":"CONCRETO f\u0027c=200 Ag=20. Rev=10 A1 D","Remision":"M1/91075","CveCiudad":"MTY","NombreVendedor":"ENRIQUE ALVAREZ"},{"Id_Viaje":3035183,"IDPedido":581982,"CargaViaje":7,"IDPlanta":19,"NombrePlantaViaje":"M1-Apodaca","IDUnidad":71,"NombreUnidad":"CR-038","IDOperador":1508,"NombreOperador":"VICTOR MANUEL CAMARILLO","IDEstatusViaje":2,"NombreEstatus":"Entregado","FechaInicio":"2/5/2026 12:00:00 AM","HoraInicio":"12:00","HoraFin":"14:00","IDObra":12154003,"NombreObra":"heb la fe","IDClienteSAE":12154,"NombreCliente":"EDIFICADORA INDUSTRIAL DEL RIO","IDUso":7,"NombreUso":"Firme","IDProducto":513,"NombreProducto":"CONCRETO f\u0027c=200 Ag=20 Rev=14 A1 D","Remision":"M1/91071","CveCiudad":"MTY","NombreVendedor":"CESAR LUNA"},{"Id_Viaje":3035513,"IDPedido":582049,"CargaViaje":7,"IDPlanta":16,"NombrePlantaViaje":"M6-Juarez","IDUnidad":371,"NombreUnidad":"CR-008","IDOperador":1199,"NombreOperador":"GABRIEL RIVERA","IDEstatusViaje":2,"NombreEstatus":"Entregado","FechaInicio":"2/5/2026 12:00:00 AM","HoraInicio":"13:00","HoraFin":"15:00","IDObra":8808027,"NombreObra":"patio lermas","IDClienteSAE":8808,"NombreCliente":"PAVIMENTOS CONSERVACION Y MICROSUPERFICIE","IDUso":11,"NombreUso":"Piso","IDProducto":513,"NombreProducto":"CONCRETO f\u0027c=200 Ag=20 Rev=14 A1 D","Remision":"M6/67038","CveCiudad":"MTY","NombreVendedor":"CESAR LUNA"},{"Id_Viaje":3035786,"IDPedido":582088,"CargaViaje":7,"IDPlanta":19,"NombrePlantaViaje":"M1-Apodaca","IDUnidad":144,"NombreUnidad":"CR-060","IDOperador":1535,"NombreOperador":"CRUZ HUMBERTO TREVIÑO","IDEstatusViaje":2,"NombreEstatus":"Entregado","FechaInicio":"2/5/2026 12:00:00 AM","HoraInicio":"10:00","HoraFin":"12:00","IDObra":9202011,"NombreObra":"andara","IDClienteSAE":9202,"NombreCliente":"A \u0026 G THOMAS","IDUso":7,"NombreUso":"Firme","IDProducto":575,"NombreProducto":"CONCRETO f\u0027c=200 Ag=20 Rev=12 A1 D","Remision":"M1/91067","CveCiudad":"MTY","NombreVendedor":"BLANCA P. GARZA"},{"Id_Viaje":3035788,"IDPedido":582088,"CargaViaje":7,"IDPlanta":19,"NombrePlantaViaje":"M1-Apodaca","IDUnidad":348,"NombreUnidad":"CR-070","IDOperador":1536,"NombreOperador":"JESUS LOPEZ","IDEstatusViaje":2,"NombreEstatus":"Entregado","FechaInicio":"2/5/2026 12:00:00 AM","HoraInicio":"10:10","HoraFin":"12:10","IDObra":9202011,"NombreObra":"andara","IDClienteSAE":9202,"NombreCliente":"A \u0026 G THOMAS","IDUso":7,"NombreUso":"Firme","IDProducto":575,"NombreProducto":"CONCRETO f\u0027c=200 Ag=20 Rev=12 A1 D","Remision":"M1/91069","CveCiudad":"MTY","NombreVendedor":"BLANCA P. GARZA"},{"Id_Viaje":3035878,"IDPedido":582112,"CargaViaje":6,"IDPlanta":15,"NombrePlantaViaje":"M5-Santiago","IDUnidad":28,"NombreUnidad":"CR-241","IDOperador":1509,"NombreOperador":"JUAN LUIS ROCHA","IDEstatusViaje":2,"NombreEstatus":"Entregado","FechaInicio":"2/5/2026 12:00:00 AM","HoraInicio":"11:00","HoraFin":"13:00","IDObra":541061,"NombreObra":"ANTIGUA SUR","IDClienteSAE":541,"NombreCliente":"DESARROLLOS LOCSA","IDUso":5,"NombreUso":"Cordon","IDProducto":483,"NombreProducto":"CONCRETO f\u0027c=200 Ag=20. Rev=10 A1 D","Remision":"M5/37060","CveCiudad":"MTY","NombreVendedor":"GUILLERMO RAMA HERRERA"},{"Id_Viaje":3036023,"IDPedido":582166,"CargaViaje":7,"IDPlanta":15,"NombrePlantaViaje":"M5-Santiago","IDUnidad":216,"NombreUnidad":"CR-227","IDOperador":1468,"NombreOperador":"JOSE LUIS ESPARZA","IDEstatusViaje":2,"NombreEstatus":"Entregado","FechaInicio":"2/5/2026 12:00:00 AM","HoraInicio":"07:30","HoraFin":"09:30","IDObra":12150004,"NombreObra":"SANTTE","IDClienteSAE":12150,"NombreCliente":"MAQUINARIA Y CONSTRUCTORA SEPULVEDA DE MONTERREY","IDUso":8,"NombreUso":"Losa","IDProducto":491,"NombreProducto":"CONCRETO f\u0027c=200 Ag=20 Rev=14 A1 B","Remision":"M5/37057","CveCiudad":"MTY","NombreVendedor":"CESAR LUNA"},{"Id_Viaje":3036025,"IDPedido":582166,"CargaViaje":7,"IDPlanta":15,"NombrePlantaViaje":"M5-Santiago","IDUnidad":28,"NombreUnidad":"CR-241","IDOperador":1509,"NombreOperador":"JUAN LUIS ROCHA","IDEstatusViaje":2,"NombreEstatus":"Entregado","FechaInicio":"2/5/2026 12:00:00 AM","HoraInicio":"07:40","HoraFin":"09:40","IDObra":12150004,"NombreObra":"SANTTE","IDClienteSAE":12150,"NombreCliente":"MAQUINARIA Y CONSTRUCTORA SEPULVEDA DE MONTERREY","IDUso":8,"NombreUso":"Losa","IDProducto":491,"NombreProducto":"CONCRETO f\u0027c=200 Ag=20 Rev=14 A1 B","Remision":"M5/37058","CveCiudad":"MTY","NombreVendedor":"CESAR LUNA"},{"Id_Viaje":3036034,"IDPedido":582167,"CargaViaje":7,"IDPlanta":19,"NombrePlantaViaje":"M1-Apodaca","IDUnidad":26,"NombreUnidad":"CR-20","IDOperador":32,"NombreOperador":"ARMANDO MARTINEZ DELGADO","IDEstatusViaje":2,"NombreEstatus":"Entregado","FechaInicio":"2/5/2026 12:00:00 AM","HoraInicio":"13:40","HoraFin":"15:40","IDObra":11623002,"NombreObra":"sungwoo hitech apartament","IDClienteSAE":11623,"NombreCliente":"TAEINS MEXICO","IDUso":8,"NombreUso":"Losa","IDProducto":511,"NombreProducto":"CONCRETO f\u0027c=250 Ag=20 Rev=14 A1 B","Remision":"M1/91077","CveCiudad":"MTY","NombreVendedor":"CASA PROGRAMACION"},{"Id_Viaje":3036071,"IDPedido":582170,"CargaViaje":7,"IDPlanta":7,"NombrePlantaViaje":"M2-Escobedo","IDUnidad":339,"NombreUnidad":"CR- 243","IDOperador":1552,"NombreOperador":"JOSE ISAIAS ROCHA","IDEstatusViaje":2,"NombreEstatus":"Entregado","FechaInicio":"2/5/2026 12:00:00 AM","HoraInicio":"09:00","HoraFin":"11:00","IDObra":12191001,"NombreObra":"plaza dominio cumbres","IDClienteSAE":12191,"NombreCliente":"INGENIERIA DE PAVIMENTOS ASFALTICOS Y TOPOGRAFIA","IDUso":5,"NombreUso":"Cordon","IDProducto":1528,"NombreProducto":"CONCRETO f\u0027c=150 Ag=20 Rev=08 A1 D","Remision":"M2/79847","CveCiudad":"MTY","NombreVendedor":"CASA PROGRAMACION"},{"Id_Viaje":3036087,"IDPedido":582175,"CargaViaje":7,"IDPlanta":11,"NombrePlantaViaje":"M4-Centro","IDUnidad":78,"NombreUnidad":"CR-062","IDOperador":1478,"NombreOperador":"VICTOR HUGO MARTINEZ","IDEstatusViaje":2,"NombreEstatus":"Entregado","FechaInicio":"2/5/2026 12:00:00 AM","HoraInicio":"07:30","HoraFin":"09:30","IDObra":11594002,"NombreObra":"depas san nicolas","IDClienteSAE":11594,"NombreCliente":"PROYECTOS NEM","IDUso":17,"NombreUso":"Escalera","IDProducto":511,"NombreProducto":"CONCRETO f\u0027c=250 Ag=20 Rev=14 A1 B","Remision":"M4/89042","CveCiudad":"MTY","NombreVendedor":"GUILLERMO RAMA HERRERA"},{"Id_Viaje":3036098,"IDPedido":582053,"CargaViaje":7,"IDPlanta":19,"NombrePlantaViaje":"M1-Apodaca","IDUnidad":314,"NombreUnidad":"CR-229","IDOperador":1529,"NombreOperador":"ENRIQUE YESCAS","IDEstatusViaje":2,"NombreEstatus":"Entregado","FechaInicio":"2/5/2026 12:00:00 AM","HoraInicio":"07:00","HoraFin":"09:00","IDObra":12142003,"NombreObra":"planicies","IDClienteSAE":12142,"NombreCliente":"F \u0026 C CONSULTORIA Y CONSTRUCCION","IDUso":1,"NombreUso":"Banqueta","IDProducto":1526,"NombreProducto":"CONCRETO f\u0027c=150 Ag=20 Rev=14 A1","Remision":"M1/91060","CveCiudad":"MTY","NombreVendedor":"CESAR LUNA"},{"Id_Viaje":3036100,"IDPedido":581839,"CargaViaje":7,"IDPlanta":19,"NombrePlantaViaje":"M1-Apodaca","IDUnidad":345,"NombreUnidad":"CR-231","IDOperador":1551,"NombreOperador":"ROGELIO MARTINEZ","IDEstatusViaje":2,"NombreEstatus":"Entregado","FechaInicio":"2/5/2026 12:00:00 AM","HoraInicio":"08:00","HoraFin":"10:00","IDObra":9876033,"NombreObra":"privada mugnano","IDClienteSAE":9876,"NombreCliente":"MX CONSTRUCCIONES","IDUso":7,"NombreUso":"Firme","IDProducto":483,"NombreProducto":"CONCRETO f\u0027c=200 Ag=20. Rev=10 A1 D","Remision":"M1/91063","CveCiudad":"MTY","NombreVendedor":"ENRIQUE ALVAREZ"},{"Id_Viaje":3036102,"IDPedido":581978,"CargaViaje":7,"IDPlanta":19,"NombrePlantaViaje":"M1-Apodaca","IDUnidad":332,"NombreUnidad":"CR-026","IDOperador":1458,"NombreOperador":"MIGUEL ANGEL LUGO","IDEstatusViaje":2,"NombreEstatus":"Entregado","FechaInicio":"2/5/2026 12:00:00 AM","HoraInicio":"07:30","HoraFin":"09:30","IDObra":12154003,"NombreObra":"heb la fe","IDClienteSAE":12154,"NombreCliente":"EDIFICADORA INDUSTRIAL DEL RIO","IDUso":1,"NombreUso":"Banqueta","IDProducto":513,"NombreProducto":"CONCRETO f\u0027c=200 Ag=20 Rev=14 A1 D","Remision":"M1/91065","CveCiudad":"MTY","NombreVendedor":"CESAR LUNA"},{"Id_Viaje":3036118,"IDPedido":581921,"CargaViaje":7,"IDPlanta":7,"NombrePlantaViaje":"M2-Escobedo","IDUnidad":374,"NombreUnidad":"CR-189","IDOperador":1444,"NombreOperador":"HUMBERTO GONZALEZ","IDEstatusViaje":2,"NombreEstatus":"Entregado","FechaInicio":"2/5/2026 12:00:00 AM","HoraInicio":"14:00","HoraFin":"16:00","IDObra":8894025,"NombreObra":"cumbres platino","IDClienteSAE":8894,"NombreCliente":"ACRE PROMOTORA","IDUso":13,"NombreUso":"Trabes","IDProducto":575,"NombreProducto":"CONCRETO f\u0027c=200 Ag=20 Rev=12 A1 D","Remision":"M2/79848","CveCiudad":"MTY","NombreVendedor":"SILVIA LOZANO"},{"Id_Viaje":3036122,"IDPedido":581796,"CargaViaje":7,"IDPlanta":11,"NombrePlantaViaje":"M4-Centro","IDUnidad":210,"NombreUnidad":"CR-166","IDOperador":1198,"NombreOperador":"ALEJANDRO TREVIÑO","IDEstatusViaje":2,"NombreEstatus":"Entregado","FechaInicio":"2/5/2026 12:00:00 AM","HoraInicio":"10:00","HoraFin":"12:00","IDObra":4947069,"NombreObra":"CASAIRE","IDClienteSAE":4947,"NombreCliente":"CONCRETOS DELESE","IDUso":1,"NombreUso":"Banqueta","IDProducto":576,"NombreProducto":"CONCRETO f\u0027c=100 Ag=20 Rev=12 A1 D","Remision":"M4/89043","CveCiudad":"MTY","NombreVendedor":"OMAR HECTOR ARTEAGA"},{"Id_Viaje":3036126,"IDPedido":582108,"CargaViaje":7,"IDPlanta":16,"NombrePlantaViaje":"M6-Juarez","IDUnidad":209,"NombreUnidad":"CR-169","IDOperador":1226,"NombreOperador":"FRANCISCO JAVIER ARAUJO RAMOS","IDEstatusViaje":2,"NombreEstatus":"Entregado","FechaInicio":"2/5/2026 12:00:00 AM","HoraInicio":"09:00","HoraFin":"11:00","IDObra":12150002,"NombreObra":"VISTAS DEL SEMINARIO QUINTO SECTOR","IDClienteSAE":12150,"NombreCliente":"MAQUINARIA Y CONSTRUCTORA SEPULVEDA DE MONTERREY","IDUso":2,"NombreUso":"Cimentacion","IDProducto":513,"NombreProducto":"CONCRETO f\u0027c=200 Ag=20 Rev=14 A1 D","Remision":"M6/67036","CveCiudad":"MTY","NombreVendedor":"CESAR LUNA"},{"Id_Viaje":3036128,"IDPedido":581626,"CargaViaje":4,"IDPlanta":16,"NombrePlantaViaje":"M6-Juarez","IDUnidad":338,"NombreUnidad":"CR-204","IDOperador":1117,"NombreOperador":"JUAN FERNANDO TOBIAS","IDEstatusViaje":2,"NombreEstatus":"Entregado","FechaInicio":"2/5/2026 12:00:00 AM","HoraInicio":"10:00","HoraFin":"12:00","IDObra":10117012,"NombreObra":"corfu residencial","IDClienteSAE":10117,"NombreCliente":"RESIDE INMUEBLES","IDUso":7,"NombreUso":"Firme","IDProducto":483,"NombreProducto":"CONCRETO f\u0027c=200 Ag=20. Rev=10 A1 D","Remision":"M6/67037","CveCiudad":"MTY","NombreVendedor":"ENRIQUE ALVAREZ"},{"Id_Viaje":3036134,"IDPedido":582105,"CargaViaje":7,"IDPlanta":16,"NombrePlantaViaje":"M6-Juarez","IDUnidad":209,"NombreUnidad":"CR-169","IDOperador":1226,"NombreOperador":"FRANCISCO JAVIER ARAUJO RAMOS","IDEstatusViaje":2,"NombreEstatus":"Entregado","FechaInicio":"2/5/2026 12:00:00 AM","HoraInicio":"14:00","HoraFin":"16:00","IDObra":12150002,"NombreObra":"VISTAS DEL SEMINARIO QUINTO SECTOR","IDClienteSAE":12150,"NombreCliente":"MAQUINARIA Y CONSTRUCTORA SEPULVEDA DE MONTERREY","IDUso":2,"NombreUso":"Cimentacion","IDProducto":513,"NombreProducto":"CONCRETO f\u0027c=200 Ag=20 Rev=14 A1 D","Remision":"M6/67039","CveCiudad":"MTY","NombreVendedor":"CESAR LUNA"},{"Id_Viaje":3036142,"IDPedido":582176,"CargaViaje":7,"IDPlanta":19,"NombrePlantaViaje":"M1-Apodaca","IDUnidad":40,"NombreUnidad":"CR-031","IDOperador":1157,"NombreOperador":"JUAN JOSE ROSARIO LOPEZ","IDEstatusViaje":2,"NombreEstatus":"Entregado","FechaInicio":"2/5/2026 12:00:00 AM","HoraInicio":"06:30","HoraFin":"08:30","IDObra":12076001,"NombreObra":"LA CHATARRERA","IDClienteSAE":12076,"NombreCliente":"PARQUE INTERNACIONAL REGIOMONTANA","IDUso":11,"NombreUso":"Piso","IDProducto":485,"NombreProducto":"CONCRETO f\u0027c=250 Ag=20 Rev=10 A1 D","Remision":"M1/91061","CveCiudad":"MTY","NombreVendedor":"CESAR LUNA"},{"Id_Viaje":3036144,"IDPedido":582176,"CargaViaje":7,"IDPlanta":19,"NombrePlantaViaje":"M1-Apodaca","IDUnidad":71,"NombreUnidad":"CR-038","IDOperador":1508,"NombreOperador":"VICTOR MANUEL CAMARILLO","IDEstatusViaje":2,"NombreEstatus":"Entregado","FechaInicio":"2/5/2026 12:00:00 AM","HoraInicio":"06:40","HoraFin":"08:40","IDObra":12076001,"NombreObra":"LA CHATARRERA","IDClienteSAE":12076,"NombreCliente":"PARQUE INTERNACIONAL REGIOMONTANA","IDUso":11,"NombreUso":"Piso","IDProducto":485,"NombreProducto":"CONCRETO f\u0027c=250 Ag=20 Rev=10 A1 D","Remision":"M1/91062","CveCiudad":"MTY","NombreVendedor":"CESAR LUNA"},{"Id_Viaje":3036146,"IDPedido":582176,"CargaViaje":7,"IDPlanta":19,"NombrePlantaViaje":"M1-Apodaca","IDUnidad":378,"NombreUnidad":"CR-104","IDOperador":1534,"NombreOperador":"MIGUEL ANGEL ZAPATA","IDEstatusViaje":2,"NombreEstatus":"Entregado","FechaInicio":"2/5/2026 12:00:00 AM","HoraInicio":"06:50","HoraFin":"08:50","IDObra":12076001,"NombreObra":"LA CHATARRERA","IDClienteSAE":12076,"NombreCliente":"PARQUE INTERNACIONAL REGIOMONTANA","IDUso":11,"NombreUso":"Piso","IDProducto":485,"NombreProducto":"CONCRETO f\u0027c=250 Ag=20 Rev=10 A1 D","Remision":"M1/91064","CveCiudad":"MTY","NombreVendedor":"CESAR LUNA"},{"Id_Viaje":3036148,"IDPedido":582176,"CargaViaje":7,"IDPlanta":19,"NombrePlantaViaje":"M1-Apodaca","IDUnidad":233,"NombreUnidad":"CR-152","IDOperador":1529,"NombreOperador":"ENRIQUE YESCAS","IDEstatusViaje":2,"NombreEstatus":"Entregado","FechaInicio":"2/5/2026 12:00:00 AM","HoraInicio":"07:00","HoraFin":"09:00","IDObra":12076001,"NombreObra":"LA CHATARRERA","IDClienteSAE":12076,"NombreCliente":"PARQUE INTERNACIONAL REGIOMONTANA","IDUso":11,"NombreUso":"Piso","IDProducto":485,"NombreProducto":"CONCRETO f\u0027c=250 Ag=20 Rev=10 A1 D","Remision":"M1/91066","CveCiudad":"MTY","NombreVendedor":"CESAR LUNA"},{"Id_Viaje":3036234,"IDPedido":581985,"CargaViaje":4.5,"IDPlanta":18,"NombrePlantaViaje":"M7-Salinas","IDUnidad":242,"NombreUnidad":"CR - 150","IDOperador":1750,"NombreOperador":"BARTOLO HERNANDEZ","IDEstatusViaje":2,"NombreEstatus":"Entregado","FechaInicio":"2/5/2026 12:00:00 AM","HoraInicio":"10:00","HoraFin":"12:00","IDObra":8153050,"NombreObra":"CASTILLA DIAMANTE","IDClienteSAE":8153,"NombreCliente":"CONSTRUCTORA OBREGON FERNANDEZ","IDUso":2,"NombreUso":"Cimentacion","IDProducto":575,"NombreProducto":"CONCRETO f\u0027c=200 Ag=20 Rev=12 A1 D","Remision":"M7/41034","CveCiudad":"MTY","NombreVendedor":"CESAR LUNA"},{"Id_Viaje":3036248,"IDPedido":582192,"CargaViaje":7,"IDPlanta":18,"NombrePlantaViaje":"M7-Salinas","IDUnidad":46,"NombreUnidad":"CR-061","IDOperador":1440,"NombreOperador":"HECTOR ALEJANDRO SALAZAR","IDEstatusViaje":2,"NombreEstatus":"Entregado","FechaInicio":"2/5/2026 12:00:00 AM","HoraInicio":"13:30","HoraFin":"15:30","IDObra":11720003,"NombreObra":"multiparque norte","IDClienteSAE":11720,"NombreCliente":"DOBLE H INGENIERIA Y ARQUITECTURA","IDUso":8,"NombreUso":"Losa","IDProducto":511,"NombreProducto":"CONCRETO f\u0027c=250 Ag=20 Rev=14 A1 B","Remision":"M7/41035","CveCiudad":"MTY","NombreVendedor":"CESAR LUNA"},{"Id_Viaje":3036250,"IDPedido":582192,"CargaViaje":7,"IDPlanta":18,"NombrePlantaViaje":"M7-Salinas","IDUnidad":306,"NombreUnidad":"CR-197","IDOperador":963,"NombreOperador":"ROGELIO PEÑA","IDEstatusViaje":2,"NombreEstatus":"Entregado","FechaInicio":"2/5/2026 12:00:00 AM","HoraInicio":"13:40","HoraFin":"15:40","IDObra":11720003,"NombreObra":"multiparque norte","IDClienteSAE":11720,"NombreCliente":"DOBLE H INGENIERIA Y ARQUITECTURA","IDUso":8,"NombreUso":"Losa","IDProducto":511,"NombreProducto":"CONCRETO f\u0027c=250 Ag=20 Rev=14 A1 B","Remision":"M7/41037","CveCiudad":"MTY","NombreVendedor":"CESAR LUNA"},{"Id_Viaje":3036252,"IDPedido":582192,"CargaViaje":7,"IDPlanta":18,"NombrePlantaViaje":"M7-Salinas","IDUnidad":315,"NombreUnidad":"CR-232","IDOperador":1452,"NombreOperador":"VICTOR LOPEZ","IDEstatusViaje":2,"NombreEstatus":"Entregado","FechaInicio":"2/5/2026 12:00:00 AM","HoraInicio":"13:50","HoraFin":"15:50","IDObra":11720003,"NombreObra":"multiparque norte","IDClienteSAE":11720,"NombreCliente":"DOBLE H INGENIERIA Y ARQUITECTURA","IDUso":8,"NombreUso":"Losa","IDProducto":511,"NombreProducto":"CONCRETO f\u0027c=250 Ag=20 Rev=14 A1 B","Remision":"M7/41036","CveCiudad":"MTY","NombreVendedor":"CESAR LUNA"},{"Id_Viaje":3036257,"IDPedido":582055,"CargaViaje":7,"IDPlanta":16,"NombrePlantaViaje":"M6-Juarez","IDUnidad":371,"NombreUnidad":"CR-008","IDOperador":1199,"NombreOperador":"GABRIEL RIVERA","IDEstatusViaje":2,"NombreEstatus":"Entregado","FechaInicio":"2/5/2026 12:00:00 AM","HoraInicio":"07:00","HoraFin":"09:00","IDObra":4947068,"NombreObra":"valle real","IDClienteSAE":4947,"NombreCliente":"CONCRETOS DELESE","IDUso":8,"NombreUso":"Losa","IDProducto":1544,"NombreProducto":"CONCRETO f\u0027c=200 Ag=20 Rev=18 A1 D","Remision":"M6/67033","CveCiudad":"MTY","NombreVendedor":"OMAR HECTOR ARTEAGA"},{"Id_Viaje":3036259,"IDPedido":582055,"CargaViaje":7,"IDPlanta":16,"NombrePlantaViaje":"M6-Juarez","IDUnidad":347,"NombreUnidad":"CR-099","IDOperador":1190,"NombreOperador":"SAUL GUAJARDO","IDEstatusViaje":2,"NombreEstatus":"Entregado","FechaInicio":"2/5/2026 12:00:00 AM","HoraInicio":"07:10","HoraFin":"09:10","IDObra":4947068,"NombreObra":"valle real","IDClienteSAE":4947,"NombreCliente":"CONCRETOS DELESE","IDUso":8,"NombreUso":"Losa","IDProducto":1544,"NombreProducto":"CONCRETO f\u0027c=200 Ag=20 Rev=18 A1 D","Remision":"M6/67034","CveCiudad":"MTY","NombreVendedor":"OMAR HECTOR ARTEAGA"},{"Id_Viaje":3036261,"IDPedido":582055,"CargaViaje":7,"IDPlanta":16,"NombrePlantaViaje":"M6-Juarez","IDUnidad":133,"NombreUnidad":"CR-124","IDOperador":1546,"NombreOperador":"VICTOR ADRIAN HERNANDEZ","IDEstatusViaje":2,"NombreEstatus":"Entregado","FechaInicio":"2/5/2026 12:00:00 AM","HoraInicio":"07:20","HoraFin":"09:20","IDObra":4947068,"NombreObra":"valle real","IDClienteSAE":4947,"NombreCliente":"CONCRETOS DELESE","IDUso":8,"NombreUso":"Losa","IDProducto":1544,"NombreProducto":"CONCRETO f\u0027c=200 Ag=20 Rev=18 A1 D","Remision":"M6/67035","CveCiudad":"MTY","NombreVendedor":"OMAR HECTOR ARTEAGA"},{"Id_Viaje":3036267,"IDPedido":582193,"CargaViaje":2,"IDPlanta":13,"NombrePlantaViaje":"G1- VALLE DE LA MISERICORDIA","IDUnidad":317,"NombreUnidad":"CR-023","IDOperador":481,"NombreOperador":"[LIBRE] LIBRE","IDEstatusViaje":1,"NombreEstatus":"Despachado","FechaInicio":"2/5/2026 12:00:00 AM","HoraInicio":"08:00","HoraFin":"10:00","IDObra":4739004,"NombreObra":"PAISAJES DEL TESORO","IDClienteSAE":4739,"NombreCliente":"DUE CONSTRUCTORES","IDUso":1,"NombreUso":"Banqueta","IDProducto":11453,"NombreProducto":"CONCRETO f\u0027c=200 Ag=20 Rev=10 D 28","Remision":"G1/70650","CveCiudad":"GDL","NombreVendedor":"FEDERICO GARCIA"},{"Id_Viaje":3036271,"IDPedido":582195,"CargaViaje":5,"IDPlanta":31,"NombrePlantaViaje":"G3-Tlajomulco","IDUnidad":316,"NombreUnidad":"CR-013","IDOperador":40,"NombreOperador":"JUAN PABLO ESCOBAR","IDEstatusViaje":1,"NombreEstatus":"Despachado","FechaInicio":"2/5/2026 12:00:00 AM","HoraInicio":"08:00","HoraFin":"10:00","IDObra":6309003,"NombreObra":"acatlan 2","IDClienteSAE":6309,"NombreCliente":"ARCH-VISION","IDUso":1,"NombreUso":"Banqueta","IDProducto":2646,"NombreProducto":"CONCRETO f\u0027c:150 Ag=10 Rev:10 A1 D","Remision":"G3/49814","CveCiudad":"GDL","NombreVendedor":"RODOLFO ARREDONDO"},{"Id_Viaje":3036273,"IDPedido":582197,"CargaViaje":7,"IDPlanta":31,"NombrePlantaViaje":"G3-Tlajomulco","IDUnidad":190,"NombreUnidad":"CR-081","IDOperador":102,"NombreOperador":"ALFONSO OVALLE","IDEstatusViaje":1,"NombreEstatus":"Despachado","FechaInicio":"2/5/2026 12:00:00 AM","HoraInicio":"08:30","HoraFin":"10:30","IDObra":6309004,"NombreObra":"ZACOALCO 2","IDClienteSAE":6309,"NombreCliente":"ARCH-VISION","IDUso":57,"NombreUso":"Huellas","IDProducto":2773,"NombreProducto":"CONCRETO MR:45 Ag=40 Rev:10 A1 D","Remision":"G3/49815","CveCiudad":"GDL","NombreVendedor":"RODOLFO ARREDONDO"},{"Id_Viaje":3036275,"IDPedido":582196,"CargaViaje":7,"IDPlanta":31,"NombrePlantaViaje":"G3-Tlajomulco","IDUnidad":151,"NombreUnidad":"CR-086","IDOperador":102,"NombreOperador":"ALFONSO OVALLE","IDEstatusViaje":1,"NombreEstatus":"Despachado","FechaInicio":"2/5/2026 12:00:00 AM","HoraInicio":"10:00","HoraFin":"12:00","IDObra":6309003,"NombreObra":"acatlan 2","IDClienteSAE":6309,"NombreCliente":"ARCH-VISION","IDUso":1,"NombreUso":"Banqueta","IDProducto":11453,"NombreProducto":"CONCRETO f\u0027c=200 Ag=20 Rev=10 D 28","Remision":"G3/49816","CveCiudad":"GDL","NombreVendedor":"RODOLFO ARREDONDO"},{"Id_Viaje":3036277,"IDPedido":582198,"CargaViaje":7,"IDPlanta":31,"NombrePlantaViaje":"G3-Tlajomulco","IDUnidad":149,"NombreUnidad":"CR-102","IDOperador":102,"NombreOperador":"ALFONSO OVALLE","IDEstatusViaje":1,"NombreEstatus":"Despachado","FechaInicio":"2/5/2026 12:00:00 AM","HoraInicio":"11:30","HoraFin":"13:30","IDObra":6309004,"NombreObra":"ZACOALCO 2","IDClienteSAE":6309,"NombreCliente":"ARCH-VISION","IDUso":1,"NombreUso":"Banqueta","IDProducto":11453,"NombreProducto":"CONCRETO f\u0027c=200 Ag=20 Rev=10 D 28","Remision":"G3/49817","CveCiudad":"GDL","NombreVendedor":"RODOLFO ARREDONDO"},{"Id_Viaje":3036325,"IDPedido":582194,"CargaViaje":7,"IDPlanta":13,"NombrePlantaViaje":"G1- VALLE DE LA MISERICORDIA","IDUnidad":138,"NombreUnidad":"CR-028","IDOperador":484,"NombreOperador":"[LIBRE] X","IDEstatusViaje":1,"NombreEstatus":"Despachado","FechaInicio":"2/5/2026 12:00:00 AM","HoraInicio":"09:00","HoraFin":"11:00","IDObra":4268034,"NombreObra":"CALLE CLAVEL ENTRE HORTENSIA Y GLADIOLA COLONIA LA TIJERA","IDClienteSAE":4268,"NombreCliente":"JAVIER AVALOS MARQUEZ","IDUso":80,"NombreUso":"Banqueta Lavada","IDProducto":3279,"NombreProducto":"CONCRETO f\u0027c:200 Ag=10 Rev:10 A1 D","Remision":"G1/70651","CveCiudad":"GDL","NombreVendedor":"RODOLFO ARREDONDO"},{"Id_Viaje":3036331,"IDPedido":582209,"CargaViaje":7,"IDPlanta":30,"NombrePlantaViaje":"P1-Coronango","IDUnidad":195,"NombreUnidad":"CR-158","IDOperador":1006,"NombreOperador":"VICTOR MANUEL HERNANDEZ","IDEstatusViaje":1,"NombreEstatus":"Despachado","FechaInicio":"2/5/2026 12:00:00 AM","HoraInicio":"06:00","HoraFin":"08:00","IDObra":1835001,"NombreObra":"estadio olímpico zaragoza","IDClienteSAE":1835,"NombreCliente":"PROYECTOS NOVATERRA","IDUso":7,"NombreUso":"Firme","IDProducto":11863,"NombreProducto":"CONCRETO MR=45 Ag=40 Rev=10 D 28","Remision":"P1/38423","CveCiudad":"PUE","NombreVendedor":"GUADALUPE HERNANDEZ"},{"Id_Viaje":3036333,"IDPedido":582209,"CargaViaje":7,"IDPlanta":30,"NombrePlantaViaje":"P1-Coronango","IDUnidad":196,"NombreUnidad":"CR-159","IDOperador":1013,"NombreOperador":"ALEJANDRO ARCE","IDEstatusViaje":1,"NombreEstatus":"Despachado","FechaInicio":"2/5/2026 12:00:00 AM","HoraInicio":"06:10","HoraFin":"08:10","IDObra":1835001,"NombreObra":"estadio olímpico zaragoza","IDClienteSAE":1835,"NombreCliente":"PROYECTOS NOVATERRA","IDUso":7,"NombreUso":"Firme","IDProducto":11863,"NombreProducto":"CONCRETO MR=45 Ag=40 Rev=10 D 28","Remision":"P1/38424","CveCiudad":"PUE","NombreVendedor":"GUADALUPE HERNANDEZ"},{"Id_Viaje":3036335,"IDPedido":582209,"CargaViaje":7,"IDPlanta":30,"NombrePlantaViaje":"P1-Coronango","IDUnidad":197,"NombreUnidad":"CR-160","IDOperador":1016,"NombreOperador":"FRANCISCO MANUEL PARDO","IDEstatusViaje":1,"NombreEstatus":"Despachado","FechaInicio":"2/5/2026 12:00:00 AM","HoraInicio":"06:20","HoraFin":"08:20","IDObra":1835001,"NombreObra":"estadio olímpico zaragoza","IDClienteSAE":1835,"NombreCliente":"PROYECTOS NOVATERRA","IDUso":7,"NombreUso":"Firme","IDProducto":11863,"NombreProducto":"CONCRETO MR=45 Ag=40 Rev=10 D 28","Remision":"P1/38425","CveCiudad":"PUE","NombreVendedor":"GUADALUPE HERNANDEZ"},{"Id_Viaje":3036337,"IDPedido":582209,"CargaViaje":7,"IDPlanta":30,"NombrePlantaViaje":"P1-Coronango","IDUnidad":198,"NombreUnidad":"CR-161","IDOperador":1008,"NombreOperador":"CARLOS ARMAS","IDEstatusViaje":1,"NombreEstatus":"Despachado","FechaInicio":"2/5/2026 12:00:00 AM","HoraInicio":"06:30","HoraFin":"08:30","IDObra":1835001,"NombreObra":"estadio olímpico zaragoza","IDClienteSAE":1835,"NombreCliente":"PROYECTOS NOVATERRA","IDUso":7,"NombreUso":"Firme","IDProducto":11863,"NombreProducto":"CONCRETO MR=45 Ag=40 Rev=10 D 28","Remision":"P1/38426","CveCiudad":"PUE","NombreVendedor":"GUADALUPE HERNANDEZ"},{"Id_Viaje":3036339,"IDPedido":582209,"CargaViaje":7,"IDPlanta":30,"NombrePlantaViaje":"P1-Coronango","IDUnidad":199,"NombreUnidad":"CR-162","IDOperador":1005,"NombreOperador":"DAVID FLORES","IDEstatusViaje":1,"NombreEstatus":"Despachado","FechaInicio":"2/5/2026 12:00:00 AM","HoraInicio":"06:40","HoraFin":"08:40","IDObra":1835001,"NombreObra":"estadio olímpico zaragoza","IDClienteSAE":1835,"NombreCliente":"PROYECTOS NOVATERRA","IDUso":7,"NombreUso":"Firme","IDProducto":11863,"NombreProducto":"CONCRETO MR=45 Ag=40 Rev=10 D 28","Remision":"P1/38427","CveCiudad":"PUE","NombreVendedor":"GUADALUPE HERNANDEZ"},{"Id_Viaje":3036341,"IDPedido":582209,"CargaViaje":7,"IDPlanta":30,"NombrePlantaViaje":"P1-Coronango","IDUnidad":200,"NombreUnidad":"CR-163","IDOperador":1186,"NombreOperador":"AARON GUTIERREZ","IDEstatusViaje":1,"NombreEstatus":"Despachado","FechaInicio":"2/5/2026 12:00:00 AM","HoraInicio":"06:50","HoraFin":"08:50","IDObra":1835001,"NombreObra":"estadio olímpico zaragoza","IDClienteSAE":1835,"NombreCliente":"PROYECTOS NOVATERRA","IDUso":7,"NombreUso":"Firme","IDProducto":11863,"NombreProducto":"CONCRETO MR=45 Ag=40 Rev=10 D 28","Remision":"P1/38428","CveCiudad":"PUE","NombreVendedor":"GUADALUPE HERNANDEZ"},{"Id_Viaje":3036343,"IDPedido":582203,"CargaViaje":7,"IDPlanta":23,"NombrePlantaViaje":"L1-Leon","IDUnidad":351,"NombreUnidad":"CR-237-DRH","IDOperador":1623,"NombreOperador":"JORGE IGNACIO NEGRETE","IDEstatusViaje":1,"NombreEstatus":"Despachado","FechaInicio":"2/5/2026 12:00:00 AM","HoraInicio":"06:00","HoraFin":"08:00","IDObra":3156001,"NombreObra":"COPACHISA IND. COLINAS DE LEON","IDClienteSAE":3156,"NombreCliente":"COPACHISA","IDUso":9,"NombreUso":"Muro","IDProducto":12109,"NombreProducto":"CONCRETO f\u0027c=280 Ag=20 Rev=14 B 28","Remision":"L1/40925","CveCiudad":"LEON","NombreVendedor":"OFICINA MATRIZ"},{"Id_Viaje":3036345,"IDPedido":582203,"CargaViaje":7,"IDPlanta":23,"NombrePlantaViaje":"L1-Leon","IDUnidad":352,"NombreUnidad":"CR-246-NRH","IDOperador":522,"NombreOperador":"[LIBRE] .","IDEstatusViaje":1,"NombreEstatus":"Despachado","FechaInicio":"2/5/2026 12:00:00 AM","HoraInicio":"06:10","HoraFin":"08:10","IDObra":3156001,"NombreObra":"COPACHISA IND. COLINAS DE LEON","IDClienteSAE":3156,"NombreCliente":"COPACHISA","IDUso":9,"NombreUso":"Muro","IDProducto":12109,"NombreProducto":"CONCRETO f\u0027c=280 Ag=20 Rev=14 B 28","Remision":"L1/40926","CveCiudad":"LEON","NombreVendedor":"OFICINA MATRIZ"},{"Id_Viaje":3036347,"IDPedido":582203,"CargaViaje":7,"IDPlanta":23,"NombrePlantaViaje":"L1-Leon","IDUnidad":165,"NombreUnidad":"CR-207 FRG","IDOperador":1634,"NombreOperador":"JOSE GUADALUPE POZOS","IDEstatusViaje":1,"NombreEstatus":"Despachado","FechaInicio":"2/5/2026 12:00:00 AM","HoraInicio":"06:20","HoraFin":"08:20","IDObra":3156001,"NombreObra":"COPACHISA IND. COLINAS DE LEON","IDClienteSAE":3156,"NombreCliente":"COPACHISA","IDUso":9,"NombreUso":"Muro","IDProducto":12109,"NombreProducto":"CONCRETO f\u0027c=280 Ag=20 Rev=14 B 28","Remision":"L1/40927","CveCiudad":"LEON","NombreVendedor":"OFICINA MATRIZ"},{"Id_Viaje":3036349,"IDPedido":582210,"CargaViaje":5,"IDPlanta":36,"NombrePlantaViaje":"Q1-Apaseo","IDUnidad":104,"NombreUnidad":"CR-024","IDOperador":1524,"NombreOperador":"ALEJANDRO VALLEJO","IDEstatusViaje":2,"NombreEstatus":"Entregado","FechaInicio":"2/5/2026 12:00:00 AM","HoraInicio":"07:00","HoraFin":"09:00","IDObra":313001,"NombreObra":"HACIENDA SUR","IDClienteSAE":313,"NombreCliente":"VALLE DE LOS MEZQUITES","IDUso":2,"NombreUso":"Cimentacion","IDProducto":4351,"NombreProducto":"CONCRETO f\u0027c=200 Ag=20 Rev=10 D 28","Remision":"Q1/11419","CveCiudad":"QRO","NombreVendedor":"YIMI EDUARDO VAZQUEZ"},{"Id_Viaje":3036351,"IDPedido":582211,"CargaViaje":7,"IDPlanta":30,"NombrePlantaViaje":"P1-Coronango","IDUnidad":201,"NombreUnidad":"CR-164","IDOperador":1014,"NombreOperador":"NAHUM ROMERO","IDEstatusViaje":1,"NombreEstatus":"Despachado","FechaInicio":"2/5/2026 12:00:00 AM","HoraInicio":"08:00","HoraFin":"10:00","IDObra":1835001,"NombreObra":"estadio olímpico zaragoza","IDClienteSAE":1835,"NombreCliente":"PROYECTOS NOVATERRA","IDUso":7,"NombreUso":"Firme","IDProducto":10323,"NombreProducto":"CONCRETO f\u0027c: 250 Ag=20 Rev.14 A1 D","Remision":"P1/38429","CveCiudad":"PUE","NombreVendedor":"GUADALUPE HERNANDEZ"},{"Id_Viaje":3036353,"IDPedido":582211,"CargaViaje":7,"IDPlanta":30,"NombrePlantaViaje":"P1-Coronango","IDUnidad":249,"NombreUnidad":"CR-175","IDOperador":1009,"NombreOperador":"ALBERTO CORTEZ","IDEstatusViaje":1,"NombreEstatus":"Despachado","FechaInicio":"2/5/2026 12:00:00 AM","HoraInicio":"08:10","HoraFin":"10:10","IDObra":1835001,"NombreObra":"estadio olímpico zaragoza","IDClienteSAE":1835,"NombreCliente":"PROYECTOS NOVATERRA","IDUso":7,"NombreUso":"Firme","IDProducto":10323,"NombreProducto":"CONCRETO f\u0027c: 250 Ag=20 Rev.14 A1 D","Remision":"P1/38430","CveCiudad":"PUE","NombreVendedor":"GUADALUPE HERNANDEZ"},{"Id_Viaje":3036355,"IDPedido":582211,"CargaViaje":7,"IDPlanta":30,"NombrePlantaViaje":"P1-Coronango","IDUnidad":250,"NombreUnidad":"CR-180","IDOperador":1011,"NombreOperador":"ALBERTO JESUS ALVAREZ","IDEstatusViaje":1,"NombreEstatus":"Despachado","FechaInicio":"2/5/2026 12:00:00 AM","HoraInicio":"08:20","HoraFin":"10:20","IDObra":1835001,"NombreObra":"estadio olímpico zaragoza","IDClienteSAE":1835,"NombreCliente":"PROYECTOS NOVATERRA","IDUso":7,"NombreUso":"Firme","IDProducto":10323,"NombreProducto":"CONCRETO f\u0027c: 250 Ag=20 Rev.14 A1 D","Remision":"P1/38431","CveCiudad":"PUE","NombreVendedor":"GUADALUPE HERNANDEZ"},{"Id_Viaje":3036357,"IDPedido":582211,"CargaViaje":7,"IDPlanta":30,"NombrePlantaViaje":"P1-Coronango","IDUnidad":251,"NombreUnidad":"CR-183","IDOperador":1209,"NombreOperador":"IVAN RAMOS","IDEstatusViaje":1,"NombreEstatus":"Despachado","FechaInicio":"2/5/2026 12:00:00 AM","HoraInicio":"08:30","HoraFin":"10:30","IDObra":1835001,"NombreObra":"estadio olímpico zaragoza","IDClienteSAE":1835,"NombreCliente":"PROYECTOS NOVATERRA","IDUso":7,"NombreUso":"Firme","IDProducto":10323,"NombreProducto":"CONCRETO f\u0027c: 250 Ag=20 Rev.14 A1 D","Remision":"P1/38433","CveCiudad":"PUE","NombreVendedor":"GUADALUPE HERNANDEZ"},{"Id_Viaje":3036359,"IDPedido":582211,"CargaViaje":7,"IDPlanta":30,"NombrePlantaViaje":"P1-Coronango","IDUnidad":252,"NombreUnidad":"CR-184","IDOperador":1747,"NombreOperador":"JUAN CARLOS ENRIQUEZ","IDEstatusViaje":1,"NombreEstatus":"Despachado","FechaInicio":"2/5/2026 12:00:00 AM","HoraInicio":"08:40","HoraFin":"10:40","IDObra":1835001,"NombreObra":"estadio olímpico zaragoza","IDClienteSAE":1835,"NombreCliente":"PROYECTOS NOVATERRA","IDUso":7,"NombreUso":"Firme","IDProducto":10323,"NombreProducto":"CONCRETO f\u0027c: 250 Ag=20 Rev.14 A1 D","Remision":"P1/38436","CveCiudad":"PUE","NombreVendedor":"GUADALUPE HERNANDEZ"},{"Id_Viaje":3036361,"IDPedido":582211,"CargaViaje":7,"IDPlanta":30,"NombrePlantaViaje":"P1-Coronango","IDUnidad":253,"NombreUnidad":"CR-185","IDOperador":868,"NombreOperador":"EDGAR ROMERO","IDEstatusViaje":1,"NombreEstatus":"Despachado","FechaInicio":"2/5/2026 12:00:00 AM","HoraInicio":"08:50","HoraFin":"10:50","IDObra":1835001,"NombreObra":"estadio olímpico zaragoza","IDClienteSAE":1835,"NombreCliente":"PROYECTOS NOVATERRA","IDUso":7,"NombreUso":"Firme","IDProducto":10323,"NombreProducto":"CONCRETO f\u0027c: 250 Ag=20 Rev.14 A1 D","Remision":"P1/38434","CveCiudad":"PUE","NombreVendedor":"GUADALUPE HERNANDEZ"},{"Id_Viaje":3036363,"IDPedido":582211,"CargaViaje":7,"IDPlanta":30,"NombrePlantaViaje":"P1-Coronango","IDUnidad":254,"NombreUnidad":"CR-187","IDOperador":1186,"NombreOperador":"AARON GUTIERREZ","IDEstatusViaje":1,"NombreEstatus":"Despachado","FechaInicio":"2/5/2026 12:00:00 AM","HoraInicio":"09:00","HoraFin":"11:00","IDObra":1835001,"NombreObra":"estadio olímpico zaragoza","IDClienteSAE":1835,"NombreCliente":"PROYECTOS NOVATERRA","IDUso":7,"NombreUso":"Firme","IDProducto":10323,"NombreProducto":"CONCRETO f\u0027c: 250 Ag=20 Rev.14 A1 D","Remision":"P1/38437","CveCiudad":"PUE","NombreVendedor":"GUADALUPE HERNANDEZ"},{"Id_Viaje":3036365,"IDPedido":582211,"CargaViaje":7,"IDPlanta":30,"NombrePlantaViaje":"P1-Coronango","IDUnidad":9,"NombreUnidad":"CR-192","IDOperador":868,"NombreOperador":"EDGAR ROMERO","IDEstatusViaje":1,"NombreEstatus":"Despachado","FechaInicio":"2/5/2026 12:00:00 AM","HoraInicio":"09:10","HoraFin":"11:10","IDObra":1835001,"NombreObra":"estadio olímpico zaragoza","IDClienteSAE":1835,"NombreCliente":"PROYECTOS NOVATERRA","IDUso":7,"NombreUso":"Firme","IDProducto":10323,"NombreProducto":"CONCRETO f\u0027c: 250 Ag=20 Rev.14 A1 D","Remision":"P1/38443","CveCiudad":"PUE","NombreVendedor":"GUADALUPE HERNANDEZ"},{"Id_Viaje":3036389,"IDPedido":582204,"CargaViaje":5.5,"IDPlanta":23,"NombrePlantaViaje":"L1-Leon","IDUnidad":290,"NombreUnidad":"CR-215 RRF","IDOperador":1578,"NombreOperador":"JOSE FLORENTINO TORRES","IDEstatusViaje":1,"NombreEstatus":"Despachado","FechaInicio":"2/5/2026 12:00:00 AM","HoraInicio":"08:10","HoraFin":"10:10","IDObra":1004013,"NombreObra":"sacromonte 7","IDClienteSAE":1004,"NombreCliente":"INMOBILIARIA GESTORIA Y ASESORIA","IDUso":19,"NombreUso":"Loza de Entrepiso","IDProducto":1227,"NombreProducto":"CONCRETO f\u0027c:200 Ag=20 Rev:14 A1 B","Remision":"L1/40930","CveCiudad":"LEON","NombreVendedor":"OFICINA MATRIZ"},{"Id_Viaje":3036411,"IDPedido":582215,"CargaViaje":7.5,"IDPlanta":34,"NombrePlantaViaje":"A2-San Francisco","IDUnidad":122,"NombreUnidad":"CR-043-","IDOperador":1067,"NombreOperador":"JUAN HUMBERTO MARQUEZ","IDEstatusViaje":1,"NombreEstatus":"Despachado","FechaInicio":"2/5/2026 12:00:00 AM","HoraInicio":"08:00","HoraFin":"10:00","IDObra":3891003,"NombreObra":"SAN PANCHO","IDClienteSAE":3891,"NombreCliente":"MAOFRE GRUPO CONSTRUCTOR","IDUso":32,"NombreUso":"Guarnicion","IDProducto":1014,"NombreProducto":"CONCRETO f\u0027c:200 Ag=20. Rev: 10 A1 D","Remision":"A2/41510","CveCiudad":"AGS","NombreVendedor":"CASA CASA"},{"Id_Viaje":3036415,"IDPedido":582216,"CargaViaje":2.5,"IDPlanta":36,"NombrePlantaViaje":"Q1-Apaseo","IDUnidad":274,"NombreUnidad":"CR-208","IDOperador":1647,"NombreOperador":"JOSE GUADALUPE LEDESMA","IDEstatusViaje":2,"NombreEstatus":"Entregado","FechaInicio":"2/5/2026 12:00:00 AM","HoraInicio":"07:30","HoraFin":"09:30","IDObra":1012001,"NombreObra":"arimatea - meseta habitatt","IDClienteSAE":1012,"NombreCliente":"INMOBILIARIA GESTORIA Y ASESORIA","IDUso":21,"NombreUso":"Castillos","IDProducto":10455,"NombreProducto":"CONCRETO f\u0027c=150 Ag=10 Rev=10 D 28","Remision":"Q1/11421","CveCiudad":"QRO","NombreVendedor":"YIMI EDUARDO VAZQUEZ"},{"Id_Viaje":3036417,"IDPedido":582213,"CargaViaje":6.5,"IDPlanta":20,"NombrePlantaViaje":"A1-Ojo Caliente","IDUnidad":48,"NombreUnidad":"CR-063 ZRB","IDOperador":1500,"NombreOperador":"RICARDO CHAVEZ","IDEstatusViaje":1,"NombreEstatus":"Despachado","FechaInicio":"2/5/2026 12:00:00 AM","HoraInicio":"00:00","HoraFin":"02:00","IDObra":4429001,"NombreObra":"real del sol","IDClienteSAE":4429,"NombreCliente":"GIG VENTA DE MATERIALES","IDUso":2,"NombreUso":"Cimentacion","IDProducto":1014,"NombreProducto":"CONCRETO f\u0027c:200 Ag=20. Rev: 10 A1 D","Remision":"A1/96365","CveCiudad":"AGS","NombreVendedor":"HECTOR VILLANUEVA"},{"Id_Viaje":3036419,"IDPedido":582214,"CargaViaje":4,"IDPlanta":20,"NombrePlantaViaje":"A1-Ojo Caliente","IDUnidad":107,"NombreUnidad":"CR-050","IDOperador":677,"NombreOperador":"EDMUNDO DE LOERA","IDEstatusViaje":1,"NombreEstatus":"Despachado","FechaInicio":"2/5/2026 12:00:00 AM","HoraInicio":"00:10","HoraFin":"02:10","IDObra":4038041,"NombreObra":"ARQUEROS","IDClienteSAE":4038,"NombreCliente":"ASFALTOS Y TRITURADOS RR","IDUso":15,"NombreUso":"Zapatas","IDProducto":2546,"NombreProducto":"CONCRETO f\u0027c:250 Ag=20 Rev:10 A1 D","Remision":"A1/96370","CveCiudad":"AGS","NombreVendedor":"HECTOR VILLANUEVA"},{"Id_Viaje":3036421,"IDPedido":582209,"CargaViaje":7,"IDPlanta":30,"NombrePlantaViaje":"P1-Coronango","IDUnidad":198,"NombreUnidad":"CR-161","IDOperador":1008,"NombreOperador":"CARLOS ARMAS","IDEstatusViaje":1,"NombreEstatus":"Despachado","FechaInicio":"2/5/2026 12:00:00 AM","HoraInicio":"08:40","HoraFin":"10:40","IDObra":1835001,"NombreObra":"estadio olímpico zaragoza","IDClienteSAE":1835,"NombreCliente":"PROYECTOS NOVATERRA","IDUso":7,"NombreUso":"Firme","IDProducto":11863,"NombreProducto":"CONCRETO MR=45 Ag=40 Rev=10 D 28","Remision":"P1/38432","CveCiudad":"PUE","NombreVendedor":"GUADALUPE HERNANDEZ"},{"Id_Viaje":3036423,"IDPedido":582203,"CargaViaje":4,"IDPlanta":23,"NombrePlantaViaje":"L1-Leon","IDUnidad":296,"NombreUnidad":"CR-027","IDOperador":773,"NombreOperador":"OMAR RODRIGO FRANCO","IDEstatusViaje":1,"NombreEstatus":"Despachado","FechaInicio":"2/5/2026 12:00:00 AM","HoraInicio":"06:00","HoraFin":"08:00","IDObra":3156001,"NombreObra":"COPACHISA IND. COLINAS DE LEON","IDClienteSAE":3156,"NombreCliente":"COPACHISA","IDUso":9,"NombreUso":"Muro","IDProducto":12109,"NombreProducto":"CONCRETO f\u0027c=280 Ag=20 Rev=14 B 28","Remision":"L1/40929","CveCiudad":"LEON","NombreVendedor":"OFICINA MATRIZ"},{"Id_Viaje":3036425,"IDPedido":582231,"CargaViaje":6.5,"IDPlanta":36,"NombrePlantaViaje":"Q1-Apaseo","IDUnidad":266,"NombreUnidad":"CR-136","IDOperador":1585,"NombreOperador":"CARLOS ANTONIO VILLALVA","IDEstatusViaje":2,"NombreEstatus":"Entregado","FechaInicio":"2/5/2026 12:00:00 AM","HoraInicio":"11:20","HoraFin":"13:20","IDObra":1012001,"NombreObra":"arimatea - meseta habitatt","IDClienteSAE":1012,"NombreCliente":"INMOBILIARIA GESTORIA Y ASESORIA","IDUso":8,"NombreUso":"Losa","IDProducto":4401,"NombreProducto":"CONCRETO f\u0027c=200 Ag=20 Rev=14 B 28","Remision":"Q1/11422","CveCiudad":"QRO","NombreVendedor":"YIMI EDUARDO VAZQUEZ"},{"Id_Viaje":3036427,"IDPedido":582231,"CargaViaje":6,"IDPlanta":36,"NombrePlantaViaje":"Q1-Apaseo","IDUnidad":104,"NombreUnidad":"CR-024","IDOperador":1524,"NombreOperador":"ALEJANDRO VALLEJO","IDEstatusViaje":2,"NombreEstatus":"Entregado","FechaInicio":"2/5/2026 12:00:00 AM","HoraInicio":"11:30","HoraFin":"13:30","IDObra":1012001,"NombreObra":"arimatea - meseta habitatt","IDClienteSAE":1012,"NombreCliente":"INMOBILIARIA GESTORIA Y ASESORIA","IDUso":8,"NombreUso":"Losa","IDProducto":4401,"NombreProducto":"CONCRETO f\u0027c=200 Ag=20 Rev=14 B 28","Remision":"Q1/11423","CveCiudad":"QRO","NombreVendedor":"YIMI EDUARDO VAZQUEZ"},{"Id_Viaje":3036429,"IDPedido":582221,"CargaViaje":7,"IDPlanta":20,"NombrePlantaViaje":"A1-Ojo Caliente","IDUnidad":122,"NombreUnidad":"CR-043-","IDOperador":1067,"NombreOperador":"JUAN HUMBERTO MARQUEZ","IDEstatusViaje":1,"NombreEstatus":"Despachado","FechaInicio":"2/5/2026 12:00:00 AM","HoraInicio":"00:20","HoraFin":"02:20","IDObra":4582001,"NombreObra":"caranday","IDClienteSAE":4582,"NombreCliente":"CASAS JAVER","IDUso":8,"NombreUso":"Losa","IDProducto":1022,"NombreProducto":"CONCRETO f\u0027c:200 Ag=20 Rev:14 A1 B","Remision":"A1/96366","CveCiudad":"AGS","NombreVendedor":"HECTOR VILLANUEVA"},{"Id_Viaje":3036433,"IDPedido":582222,"CargaViaje":2.5,"IDPlanta":20,"NombrePlantaViaje":"A1-Ojo Caliente","IDUnidad":350,"NombreUnidad":"CR-047","IDOperador":1076,"NombreOperador":"EZEQUIEL SANDOVAL","IDEstatusViaje":1,"NombreEstatus":"Despachado","FechaInicio":"2/5/2026 12:00:00 AM","HoraInicio":"00:30","HoraFin":"02:30","IDObra":4038041,"NombreObra":"ARQUEROS","IDClienteSAE":4038,"NombreCliente":"ASFALTOS Y TRITURADOS RR","IDUso":15,"NombreUso":"Zapatas","IDProducto":2546,"NombreProducto":"CONCRETO f\u0027c:250 Ag=20 Rev:10 A1 D","Remision":"A1/96367","CveCiudad":"AGS","NombreVendedor":"HECTOR VILLANUEVA"},{"Id_Viaje":3036447,"IDPedido":582233,"CargaViaje":4,"IDPlanta":34,"NombrePlantaViaje":"A2-San Francisco","IDUnidad":108,"NombreUnidad":"CR-098 2RD","IDOperador":1503,"NombreOperador":"ALBERTO HERNANDEZ","IDEstatusViaje":1,"NombreEstatus":"Despachado","FechaInicio":"2/5/2026 12:00:00 AM","HoraInicio":"09:00","HoraFin":"11:00","IDObra":4634004,"NombreObra":"MARENGO","IDClienteSAE":4634,"NombreCliente":"VAAR DISEÑO Y CONSTRUCCIONES","IDUso":2,"NombreUso":"Cimentacion","IDProducto":2525,"NombreProducto":"CONCRETO f\u0027c:200 Ag=20 Rev.14 A1.D","Remision":"A2/41512","CveCiudad":"AGS","NombreVendedor":"JOSE ROBERTO MARMOLEJO"},{"Id_Viaje":3036449,"IDPedido":582233,"CargaViaje":4.5,"IDPlanta":34,"NombrePlantaViaje":"A2-San Francisco","IDUnidad":113,"NombreUnidad":"CR-140 CRE","IDOperador":1501,"NombreOperador":"ANTONIO NAVARRO","IDEstatusViaje":1,"NombreEstatus":"Despachado","FechaInicio":"2/5/2026 12:00:00 AM","HoraInicio":"09:10","HoraFin":"11:10","IDObra":4634004,"NombreObra":"MARENGO","IDClienteSAE":4634,"NombreCliente":"VAAR DISEÑO Y CONSTRUCCIONES","IDUso":2,"NombreUso":"Cimentacion","IDProducto":2525,"NombreProducto":"CONCRETO f\u0027c:200 Ag=20 Rev.14 A1.D","Remision":"A2/41511","CveCiudad":"AGS","NombreVendedor":"JOSE ROBERTO MARMOLEJO"},{"Id_Viaje":3036469,"IDPedido":582235,"CargaViaje":7,"IDPlanta":34,"NombrePlantaViaje":"A2-San Francisco","IDUnidad":328,"NombreUnidad":"CR-178","IDOperador":916,"NombreOperador":"CESAR DIAZ DE LEON","IDEstatusViaje":1,"NombreEstatus":"Despachado","FechaInicio":"2/5/2026 12:00:00 AM","HoraInicio":"09:40","HoraFin":"11:40","IDObra":4510002,"NombreObra":"CONSTITUCION","IDClienteSAE":4510,"NombreCliente":"MARIA MAGDALENA CULEBRO PINTO","IDUso":7,"NombreUso":"Firme","IDProducto":11921,"NombreProducto":"CONCRETO f\u0027c=280 Ag=20 Rev=10 D 28","Remision":"A2/41513","CveCiudad":"AGS","NombreVendedor":"HECTOR VILLANUEVA"},{"Id_Viaje":3036471,"IDPedido":582247,"CargaViaje":6,"IDPlanta":30,"NombrePlantaViaje":"P1-Coronango","IDUnidad":196,"NombreUnidad":"CR-159","IDOperador":1013,"NombreOperador":"ALEJANDRO ARCE","IDEstatusViaje":1,"NombreEstatus":"Despachado","FechaInicio":"2/5/2026 12:00:00 AM","HoraInicio":"09:00","HoraFin":"11:00","IDObra":845011,"NombreObra":"fracc platiniO","IDClienteSAE":845,"NombreCliente":"GRUPO BRECASA","IDUso":21,"NombreUso":"Castillos","IDProducto":11315,"NombreProducto":"CONCRETO f\u0027c=200 Ag=10 Rev=14 D 28","Remision":"P1/38438","CveCiudad":"PUE","NombreVendedor":"VENDEDOR PUEBLA ."},{"Id_Viaje":3036473,"IDPedido":582206,"CargaViaje":7,"IDPlanta":23,"NombrePlantaViaje":"L1-Leon","IDUnidad":353,"NombreUnidad":"CR-221 XRG","IDOperador":1624,"NombreOperador":"JUAN VICTOR PEREZ","IDEstatusViaje":1,"NombreEstatus":"Despachado","FechaInicio":"2/5/2026 12:00:00 AM","HoraInicio":"12:00","HoraFin":"14:00","IDObra":1998023,"NombreObra":"MIGUEL ALEMAN MANAVIL","IDClienteSAE":1998,"NombreCliente":"MANAVIL COMERCIALIZADORA","IDUso":7,"NombreUso":"Firme","IDProducto":1219,"NombreProducto":"CONCRETO f\u0027c:200 Ag=20. Rev: 10 A1 D","Remision":"L1/40931","CveCiudad":"LEON","NombreVendedor":"OFICINA MATRIZ"},{"Id_Viaje":3036475,"IDPedido":582248,"CargaViaje":2.5,"IDPlanta":30,"NombrePlantaViaje":"P1-Coronango","IDUnidad":197,"NombreUnidad":"CR-160","IDOperador":1016,"NombreOperador":"FRANCISCO MANUEL PARDO","IDEstatusViaje":1,"NombreEstatus":"Despachado","FechaInicio":"2/5/2026 12:00:00 AM","HoraInicio":"09:30","HoraFin":"11:30","IDObra":1211008,"NombreObra":"JARDINES DEL ameyal","IDClienteSAE":1211,"NombreCliente":"OPERADORA ALTUS","IDUso":21,"NombreUso":"Castillos","IDProducto":11315,"NombreProducto":"CONCRETO f\u0027c=200 Ag=10 Rev=14 D 28","Remision":"P1/38439","CveCiudad":"PUE","NombreVendedor":"VENDEDOR PUEBLA ."},{"Id_Viaje":3036477,"IDPedido":582220,"CargaViaje":7,"IDPlanta":20,"NombrePlantaViaje":"A1-Ojo Caliente","IDUnidad":108,"NombreUnidad":"CR-098 2RD","IDOperador":1503,"NombreOperador":"ALBERTO HERNANDEZ","IDEstatusViaje":1,"NombreEstatus":"Despachado","FechaInicio":"2/5/2026 12:00:00 AM","HoraInicio":"00:50","HoraFin":"02:50","IDObra":2820038,"NombreObra":"GPE PERALTA","IDClienteSAE":2820,"NombreCliente":"URBANIZACIONES ARGU","IDUso":7,"NombreUso":"Firme","IDProducto":2546,"NombreProducto":"CONCRETO f\u0027c:250 Ag=20 Rev:10 A1 D","Remision":"A1/96368","CveCiudad":"AGS","NombreVendedor":"CASA CASA"},{"Id_Viaje":3036487,"IDPedido":581896,"CargaViaje":4.5,"IDPlanta":19,"NombrePlantaViaje":"M1-Apodaca","IDUnidad":33,"NombreUnidad":"CR-168","IDOperador":1157,"NombreOperador":"JUAN JOSE ROSARIO LOPEZ","IDEstatusViaje":2,"NombreEstatus":"Entregado","FechaInicio":"2/5/2026 12:00:00 AM","HoraInicio":"12:30","HoraFin":"14:30","IDObra":11687007,"NombreObra":"ALTERRA - PLUVIAL","IDClienteSAE":11687,"NombreCliente":"CONSTRUCCIONES INTEGRALES PAYAN MORENO","IDUso":9,"NombreUso":"Muro","IDProducto":513,"NombreProducto":"CONCRETO f\u0027c=200 Ag=20 Rev=14 A1 D","Remision":"M1/91074","CveCiudad":"MTY","NombreVendedor":"ENRIQUE ALVAREZ"},{"Id_Viaje":3036489,"IDPedido":582249,"CargaViaje":7,"IDPlanta":36,"NombrePlantaViaje":"Q1-Apaseo","IDUnidad":268,"NombreUnidad":"CR-137","IDOperador":1684,"NombreOperador":"BENJAMIN ROMAN","IDEstatusViaje":2,"NombreEstatus":"Entregado","FechaInicio":"2/5/2026 12:00:00 AM","HoraInicio":"08:00","HoraFin":"10:00","IDObra":1371003,"NombreObra":"MACROCEDIS KELLOGGS","IDClienteSAE":1371,"NombreCliente":"SERVICIOS INDUSTRIALES SOMA","IDUso":9,"NombreUso":"Muro","IDProducto":12110,"NombreProducto":"Concreto f´c=250 ag=10 rev=12 B 28","Remision":"Q1/11428","CveCiudad":"QRO","NombreVendedor":"MIGUEL ANGEL GUTIERREZ"},{"Id_Viaje":3036491,"IDPedido":582249,"CargaViaje":7,"IDPlanta":36,"NombrePlantaViaje":"Q1-Apaseo","IDUnidad":383,"NombreUnidad":"CR-188","IDOperador":1655,"NombreOperador":"CARLOS ALARCÓN","IDEstatusViaje":2,"NombreEstatus":"Entregado","FechaInicio":"2/5/2026 12:00:00 AM","HoraInicio":"08:10","HoraFin":"10:10","IDObra":1371003,"NombreObra":"MACROCEDIS KELLOGGS","IDClienteSAE":1371,"NombreCliente":"SERVICIOS INDUSTRIALES SOMA","IDUso":9,"NombreUso":"Muro","IDProducto":12110,"NombreProducto":"Concreto f´c=250 ag=10 rev=12 B 28","Remision":"Q1/11429","CveCiudad":"QRO","NombreVendedor":"MIGUEL ANGEL GUTIERREZ"},{"Id_Viaje":3036493,"IDPedido":582249,"CargaViaje":7,"IDPlanta":36,"NombrePlantaViaje":"Q1-Apaseo","IDUnidad":260,"NombreUnidad":"CR-206","IDOperador":1484,"NombreOperador":"JOSE HIPOLITO MEJIA","IDEstatusViaje":2,"NombreEstatus":"Entregado","FechaInicio":"2/5/2026 12:00:00 AM","HoraInicio":"08:20","HoraFin":"10:20","IDObra":1371003,"NombreObra":"MACROCEDIS KELLOGGS","IDClienteSAE":1371,"NombreCliente":"SERVICIOS INDUSTRIALES SOMA","IDUso":9,"NombreUso":"Muro","IDProducto":12110,"NombreProducto":"Concreto f´c=250 ag=10 rev=12 B 28","Remision":"Q1/11431","CveCiudad":"QRO","NombreVendedor":"MIGUEL ANGEL GUTIERREZ"},{"Id_Viaje":3036497,"IDPedido":581800,"CargaViaje":7,"IDPlanta":11,"NombrePlantaViaje":"M4-Centro","IDUnidad":214,"NombreUnidad":"CR-170","IDOperador":1722,"NombreOperador":"EDGAR JAVIER MARROQUIN","IDEstatusViaje":2,"NombreEstatus":"Entregado","FechaInicio":"2/5/2026 12:00:00 AM","HoraInicio":"13:00","HoraFin":"15:00","IDObra":4947069,"NombreObra":"CASAIRE","IDClienteSAE":4947,"NombreCliente":"CONCRETOS DELESE","IDUso":35,"NombreUso":"Registro","IDProducto":1559,"NombreProducto":"CONCRETO f\u0027c=250 Ag=20 Rev=08 A1 D","Remision":"M4/89044","CveCiudad":"MTY","NombreVendedor":"OMAR HECTOR ARTEAGA"},{"Id_Viaje":3036504,"IDPedido":582260,"CargaViaje":6,"IDPlanta":36,"NombrePlantaViaje":"Q1-Apaseo","IDUnidad":276,"NombreUnidad":"CR-212","IDOperador":1614,"NombreOperador":"MANUEL VARGAS","IDEstatusViaje":2,"NombreEstatus":"Entregado","FechaInicio":"2/5/2026 12:00:00 AM","HoraInicio":"09:30","HoraFin":"11:30","IDObra":1012001,"NombreObra":"arimatea - meseta habitatt","IDClienteSAE":1012,"NombreCliente":"INMOBILIARIA GESTORIA Y ASESORIA","IDUso":22,"NombreUso":"Relleno","IDProducto":4495,"NombreProducto":"Relleno Fluido f\u0027c=60 Ag=A4 Rev=18 B 28","Remision":"Q1/11430","CveCiudad":"QRO","NombreVendedor":"YIMI EDUARDO VAZQUEZ"},{"Id_Viaje":3036506,"IDPedido":582239,"CargaViaje":5,"IDPlanta":20,"NombrePlantaViaje":"A1-Ojo Caliente","IDUnidad":358,"NombreUnidad":"CR-220 WRG","IDOperador":1505,"NombreOperador":"RAUL DE LEON","IDEstatusViaje":1,"NombreEstatus":"Despachado","FechaInicio":"2/5/2026 12:00:00 AM","HoraInicio":"01:00","HoraFin":"03:00","IDObra":4955005,"NombreObra":"META","IDClienteSAE":4955,"NombreCliente":"CONSTRUCTORA DOVERA","IDUso":15,"NombreUso":"Zapatas","IDProducto":2546,"NombreProducto":"CONCRETO f\u0027c:250 Ag=20 Rev:10 A1 D","Remision":"A1/96369","CveCiudad":"AGS","NombreVendedor":"HECTOR VILLANUEVA"},{"Id_Viaje":3036508,"IDPedido":582176,"CargaViaje":3.5,"IDPlanta":19,"NombrePlantaViaje":"M1-Apodaca","IDUnidad":371,"NombreUnidad":"CR-008","IDOperador":1199,"NombreOperador":"GABRIEL RIVERA","IDEstatusViaje":2,"NombreEstatus":"Entregado","FechaInicio":"2/5/2026 12:00:00 AM","HoraInicio":"23:20","HoraFin":"23:50","IDObra":12076001,"NombreObra":"LA CHATARRERA","IDClienteSAE":12076,"NombreCliente":"PARQUE INTERNACIONAL REGIOMONTANA","IDUso":11,"NombreUso":"Piso","IDProducto":485,"NombreProducto":"CONCRETO f\u0027c=250 Ag=20 Rev=10 A1 D","Remision":"M1/91068","CveCiudad":"MTY","NombreVendedor":"CESAR LUNA"},{"Id_Viaje":3036510,"IDPedido":582261,"CargaViaje":4,"IDPlanta":30,"NombrePlantaViaje":"P1-Coronango","IDUnidad":199,"NombreUnidad":"CR-162","IDOperador":1005,"NombreOperador":"DAVID FLORES","IDEstatusViaje":1,"NombreEstatus":"Despachado","FechaInicio":"2/5/2026 12:00:00 AM","HoraInicio":"10:00","HoraFin":"12:00","IDObra":1835001,"NombreObra":"estadio olímpico zaragoza","IDClienteSAE":1835,"NombreCliente":"PROYECTOS NOVATERRA","IDUso":3,"NombreUso":"Columnas","IDProducto":10393,"NombreProducto":"C.Estructural f\u0027c=550 Ag=20 Rev=14 B 28","Remision":"P1/38440","CveCiudad":"PUE","NombreVendedor":"GUADALUPE HERNANDEZ"},{"Id_Viaje":3036512,"IDPedido":582262,"CargaViaje":3,"IDPlanta":15,"NombrePlantaViaje":"M5-Santiago","IDUnidad":216,"NombreUnidad":"CR-227","IDOperador":1468,"NombreOperador":"JOSE LUIS ESPARZA","IDEstatusViaje":2,"NombreEstatus":"Entregado","FechaInicio":"2/5/2026 12:00:00 AM","HoraInicio":"14:30","HoraFin":"16:30","IDObra":10819041,"NombreObra":"TOSCANA","IDClienteSAE":10819,"NombreCliente":"SERVICIOS POLISEMICOS","IDUso":22,"NombreUso":"Relleno","IDProducto":513,"NombreProducto":"CONCRETO f\u0027c=200 Ag=20 Rev=14 A1 D","Remision":"M5/37061","CveCiudad":"MTY","NombreVendedor":"OMAR HECTOR ARTEAGA"},{"Id_Viaje":3036514,"IDPedido":582250,"CargaViaje":6,"IDPlanta":23,"NombrePlantaViaje":"L1-Leon","IDUnidad":354,"NombreUnidad":"CR-226 2RH","IDOperador":1329,"NombreOperador":"CHRISTIAN ALEJANDRO ARENAS","IDEstatusViaje":1,"NombreEstatus":"Despachado","FechaInicio":"2/5/2026 12:00:00 AM","HoraInicio":"13:00","HoraFin":"15:00","IDObra":3159001,"NombreObra":"ZAVALA ARREDONDO PANORAMA","IDClienteSAE":3159,"NombreCliente":"ADOLFO ZAVALA ARREDONDO","IDUso":9,"NombreUso":"Muro","IDProducto":2861,"NombreProducto":"CONCRETO f\u0027c:250 Ag=20 Rev:14 A1 B","Remision":"L1/40932","CveCiudad":"LEON","NombreVendedor":"OFICINA MATRIZ"},{"Id_Viaje":3036516,"IDPedido":582250,"CargaViaje":5,"IDPlanta":23,"NombrePlantaViaje":"L1-Leon","IDUnidad":77,"NombreUnidad":"CR193-1RG","IDOperador":1623,"NombreOperador":"JORGE IGNACIO NEGRETE","IDEstatusViaje":1,"NombreEstatus":"Despachado","FechaInicio":"2/5/2026 12:00:00 AM","HoraInicio":"13:10","HoraFin":"15:10","IDObra":3159001,"NombreObra":"ZAVALA ARREDONDO PANORAMA","IDClienteSAE":3159,"NombreCliente":"ADOLFO ZAVALA ARREDONDO","IDUso":9,"NombreUso":"Muro","IDProducto":2861,"NombreProducto":"CONCRETO f\u0027c:250 Ag=20 Rev:14 A1 B","Remision":"L1/40933","CveCiudad":"LEON","NombreVendedor":"OFICINA MATRIZ"},{"Id_Viaje":3036524,"IDPedido":582264,"CargaViaje":7,"IDPlanta":30,"NombrePlantaViaje":"P1-Coronango","IDUnidad":200,"NombreUnidad":"CR-163","IDOperador":1186,"NombreOperador":"AARON GUTIERREZ","IDEstatusViaje":1,"NombreEstatus":"Despachado","FechaInicio":"2/5/2026 12:00:00 AM","HoraInicio":"10:00","HoraFin":"12:00","IDObra":1835001,"NombreObra":"estadio olímpico zaragoza","IDClienteSAE":1835,"NombreCliente":"PROYECTOS NOVATERRA","IDUso":8,"NombreUso":"Losa","IDProducto":10393,"NombreProducto":"C.Estructural f\u0027c=550 Ag=20 Rev=14 B 28","Remision":"P1/38441","CveCiudad":"PUE","NombreVendedor":"GUADALUPE HERNANDEZ"},{"Id_Viaje":3036526,"IDPedido":582264,"CargaViaje":7,"IDPlanta":30,"NombrePlantaViaje":"P1-Coronango","IDUnidad":201,"NombreUnidad":"CR-164","IDOperador":1014,"NombreOperador":"NAHUM ROMERO","IDEstatusViaje":1,"NombreEstatus":"Despachado","FechaInicio":"2/5/2026 12:00:00 AM","HoraInicio":"10:10","HoraFin":"12:10","IDObra":1835001,"NombreObra":"estadio olímpico zaragoza","IDClienteSAE":1835,"NombreCliente":"PROYECTOS NOVATERRA","IDUso":8,"NombreUso":"Losa","IDProducto":10393,"NombreProducto":"C.Estructural f\u0027c=550 Ag=20 Rev=14 B 28","Remision":"P1/38442","CveCiudad":"PUE","NombreVendedor":"GUADALUPE HERNANDEZ"},{"Id_Viaje":3036528,"IDPedido":582264,"CargaViaje":7,"IDPlanta":30,"NombrePlantaViaje":"P1-Coronango","IDUnidad":249,"NombreUnidad":"CR-175","IDOperador":1009,"NombreOperador":"ALBERTO CORTEZ","IDEstatusViaje":1,"NombreEstatus":"Despachado","FechaInicio":"2/5/2026 12:00:00 AM","HoraInicio":"10:20","HoraFin":"12:20","IDObra":1835001,"NombreObra":"estadio olímpico zaragoza","IDClienteSAE":1835,"NombreCliente":"PROYECTOS NOVATERRA","IDUso":8,"NombreUso":"Losa","IDProducto":10393,"NombreProducto":"C.Estructural f\u0027c=550 Ag=20 Rev=14 B 28","Remision":"P1/38444","CveCiudad":"PUE","NombreVendedor":"GUADALUPE HERNANDEZ"},{"Id_Viaje":3036530,"IDPedido":582264,"CargaViaje":7,"IDPlanta":30,"NombrePlantaViaje":"P1-Coronango","IDUnidad":250,"NombreUnidad":"CR-180","IDOperador":1011,"NombreOperador":"ALBERTO JESUS ALVAREZ","IDEstatusViaje":1,"NombreEstatus":"Despachado","FechaInicio":"2/5/2026 12:00:00 AM","HoraInicio":"10:30","HoraFin":"12:30","IDObra":1835001,"NombreObra":"estadio olímpico zaragoza","IDClienteSAE":1835,"NombreCliente":"PROYECTOS NOVATERRA","IDUso":8,"NombreUso":"Losa","IDProducto":10393,"NombreProducto":"C.Estructural f\u0027c=550 Ag=20 Rev=14 B 28","Remision":"P1/38445","CveCiudad":"PUE","NombreVendedor":"GUADALUPE HERNANDEZ"},{"Id_Viaje":3036532,"IDPedido":582264,"CargaViaje":7,"IDPlanta":30,"NombrePlantaViaje":"P1-Coronango","IDUnidad":251,"NombreUnidad":"CR-183","IDOperador":1209,"NombreOperador":"IVAN RAMOS","IDEstatusViaje":1,"NombreEstatus":"Despachado","FechaInicio":"2/5/2026 12:00:00 AM","HoraInicio":"10:40","HoraFin":"12:40","IDObra":1835001,"NombreObra":"estadio olímpico zaragoza","IDClienteSAE":1835,"NombreCliente":"PROYECTOS NOVATERRA","IDUso":8,"NombreUso":"Losa","IDProducto":10393,"NombreProducto":"C.Estructural f\u0027c=550 Ag=20 Rev=14 B 28","Remision":"P1/38446","CveCiudad":"PUE","NombreVendedor":"GUADALUPE HERNANDEZ"},{"Id_Viaje":3036534,"IDPedido":582264,"CargaViaje":7,"IDPlanta":30,"NombrePlantaViaje":"P1-Coronango","IDUnidad":252,"NombreUnidad":"CR-184","IDOperador":1747,"NombreOperador":"JUAN CARLOS ENRIQUEZ","IDEstatusViaje":1,"NombreEstatus":"Despachado","FechaInicio":"2/5/2026 12:00:00 AM","HoraInicio":"10:50","HoraFin":"12:50","IDObra":1835001,"NombreObra":"estadio olímpico zaragoza","IDClienteSAE":1835,"NombreCliente":"PROYECTOS NOVATERRA","IDUso":8,"NombreUso":"Losa","IDProducto":10393,"NombreProducto":"C.Estructural f\u0027c=550 Ag=20 Rev=14 B 28","Remision":"P1/38447","CveCiudad":"PUE","NombreVendedor":"GUADALUPE HERNANDEZ"},{"Id_Viaje":3036536,"IDPedido":582201,"CargaViaje":7,"IDPlanta":13,"NombrePlantaViaje":"G1- VALLE DE LA MISERICORDIA","IDUnidad":319,"NombreUnidad":"CR-040","IDOperador":481,"NombreOperador":"[LIBRE] LIBRE","IDEstatusViaje":1,"NombreEstatus":"Despachado","FechaInicio":"2/5/2026 12:00:00 AM","HoraInicio":"14:00","HoraFin":"16:00","IDObra":6218004,"NombreObra":"ADOLF HORN","IDClienteSAE":6218,"NombreCliente":"CONSTRUCTORA IGV","IDUso":15,"NombreUso":"Zapatas","IDProducto":11861,"NombreProducto":"CONCRETO f\u0027c=200 Ag=20 Rev=14 B 28","Remision":"G1/70652","CveCiudad":"GDL","NombreVendedor":"FEDERICO GARCIA"},{"Id_Viaje":3036538,"IDPedido":582201,"CargaViaje":3,"IDPlanta":13,"NombrePlantaViaje":"G1- VALLE DE LA MISERICORDIA","IDUnidad":86,"NombreUnidad":"CR-049","IDOperador":93,"NombreOperador":"MARCO ANTONIO GUZMAN","IDEstatusViaje":1,"NombreEstatus":"Despachado","FechaInicio":"2/5/2026 12:00:00 AM","HoraInicio":"14:10","HoraFin":"16:10","IDObra":6218004,"NombreObra":"ADOLF HORN","IDClienteSAE":6218,"NombreCliente":"CONSTRUCTORA IGV","IDUso":15,"NombreUso":"Zapatas","IDProducto":11861,"NombreProducto":"CONCRETO f\u0027c=200 Ag=20 Rev=14 B 28","Remision":"G1/70654","CveCiudad":"GDL","NombreVendedor":"FEDERICO GARCIA"},{"Id_Viaje":3036540,"IDPedido":582201,"CargaViaje":7,"IDPlanta":13,"NombrePlantaViaje":"G1- VALLE DE LA MISERICORDIA","IDUnidad":85,"NombreUnidad":"CR-110","IDOperador":735,"NombreOperador":"J NICOLAS FRANCO","IDEstatusViaje":1,"NombreEstatus":"Despachado","FechaInicio":"2/5/2026 12:00:00 AM","HoraInicio":"14:20","HoraFin":"16:20","IDObra":6218004,"NombreObra":"ADOLF HORN","IDClienteSAE":6218,"NombreCliente":"CONSTRUCTORA IGV","IDUso":15,"NombreUso":"Zapatas","IDProducto":11861,"NombreProducto":"CONCRETO f\u0027c=200 Ag=20 Rev=14 B 28","Remision":"G1/70653","CveCiudad":"GDL","NombreVendedor":"FEDERICO GARCIA"},{"Id_Viaje":3036548,"IDPedido":582166,"CargaViaje":5,"IDPlanta":15,"NombrePlantaViaje":"M5-Santiago","IDUnidad":315,"NombreUnidad":"CR-232","IDOperador":1452,"NombreOperador":"VICTOR LOPEZ","IDEstatusViaje":2,"NombreEstatus":"Entregado","FechaInicio":"2/5/2026 12:00:00 AM","HoraInicio":"23:30","HoraFin":"01:30","IDObra":12150004,"NombreObra":"SANTTE","IDClienteSAE":12150,"NombreCliente":"MAQUINARIA Y CONSTRUCTORA SEPULVEDA DE MONTERREY","IDUso":8,"NombreUso":"Losa","IDProducto":491,"NombreProducto":"CONCRETO f\u0027c=200 Ag=20 Rev=14 A1 B","Remision":"M5/37059","CveCiudad":"MTY","NombreVendedor":"CESAR LUNA"},{"Id_Viaje":3036552,"IDPedido":582223,"CargaViaje":7,"IDPlanta":20,"NombrePlantaViaje":"A1-Ojo Caliente","IDUnidad":116,"NombreUnidad":"CR-098","IDOperador":44,"NombreOperador":"ALBERTO HERRERA","IDEstatusViaje":1,"NombreEstatus":"Despachado","FechaInicio":"2/5/2026 12:00:00 AM","HoraInicio":"01:30","HoraFin":"03:30","IDObra":4582002,"NombreObra":"PASEOS DEL SUR","IDClienteSAE":4582,"NombreCliente":"CASAS JAVER","IDUso":32,"NombreUso":"Guarnicion","IDProducto":1123,"NombreProducto":"CONCRETO MR= 38 Ag=20 Rev 10 A1 D","Remision":"A1/96371","CveCiudad":"AGS","NombreVendedor":"HECTOR VILLANUEVA"},{"Id_Viaje":3036554,"IDPedido":581978,"CargaViaje":7,"IDPlanta":19,"NombrePlantaViaje":"M1-Apodaca","IDUnidad":40,"NombreUnidad":"CR-031","IDOperador":1157,"NombreOperador":"JUAN JOSE ROSARIO LOPEZ","IDEstatusViaje":2,"NombreEstatus":"Entregado","FechaInicio":"2/5/2026 12:00:00 AM","HoraInicio":"23:20","HoraFin":"23:50","IDObra":12154003,"NombreObra":"heb la fe","IDClienteSAE":12154,"NombreCliente":"EDIFICADORA INDUSTRIAL DEL RIO","IDUso":1,"NombreUso":"Banqueta","IDProducto":513,"NombreProducto":"CONCRETO f\u0027c=200 Ag=20 Rev=14 A1 D","Remision":"M1/91070","CveCiudad":"MTY","NombreVendedor":"CESAR LUNA"},{"Id_Viaje":3036560,"IDPedido":582235,"CargaViaje":6.5,"IDPlanta":34,"NombrePlantaViaje":"A2-San Francisco","IDUnidad":108,"NombreUnidad":"CR-098 2RD","IDOperador":1503,"NombreOperador":"ALBERTO HERNANDEZ","IDEstatusViaje":1,"NombreEstatus":"Despachado","FechaInicio":"2/5/2026 12:00:00 AM","HoraInicio":"11:50","HoraFin":"13:50","IDObra":4510002,"NombreObra":"CONSTITUCION","IDClienteSAE":4510,"NombreCliente":"MARIA MAGDALENA CULEBRO PINTO","IDUso":7,"NombreUso":"Firme","IDProducto":11921,"NombreProducto":"CONCRETO f\u0027c=280 Ag=20 Rev=10 D 28","Remision":"A2/41514","CveCiudad":"AGS","NombreVendedor":"HECTOR VILLANUEVA"},{"Id_Viaje":3036572,"IDPedido":582268,"CargaViaje":7,"IDPlanta":36,"NombrePlantaViaje":"Q1-Apaseo","IDUnidad":104,"NombreUnidad":"CR-024","IDOperador":1524,"NombreOperador":"ALEJANDRO VALLEJO","IDEstatusViaje":2,"NombreEstatus":"Entregado","FechaInicio":"2/5/2026 12:00:00 AM","HoraInicio":"15:30","HoraFin":"17:30","IDObra":1012001,"NombreObra":"arimatea - meseta habitatt","IDClienteSAE":1012,"NombreCliente":"INMOBILIARIA GESTORIA Y ASESORIA","IDUso":8,"NombreUso":"Losa","IDProducto":4409,"NombreProducto":"CONCRETO f\u0027c=250 Ag=20 Rev=14 B 28","Remision":"Q1/11432","CveCiudad":"QRO","NombreVendedor":"YIMI EDUARDO VAZQUEZ"},{"Id_Viaje":3036574,"IDPedido":582268,"CargaViaje":7,"IDPlanta":36,"NombrePlantaViaje":"Q1-Apaseo","IDUnidad":266,"NombreUnidad":"CR-136","IDOperador":1585,"NombreOperador":"CARLOS ANTONIO VILLALVA","IDEstatusViaje":2,"NombreEstatus":"Entregado","FechaInicio":"2/5/2026 12:00:00 AM","HoraInicio":"15:40","HoraFin":"17:40","IDObra":1012001,"NombreObra":"arimatea - meseta habitatt","IDClienteSAE":1012,"NombreCliente":"INMOBILIARIA GESTORIA Y ASESORIA","IDUso":8,"NombreUso":"Losa","IDProducto":4409,"NombreProducto":"CONCRETO f\u0027c=250 Ag=20 Rev=14 B 28","Remision":"Q1/11433","CveCiudad":"QRO","NombreVendedor":"YIMI EDUARDO VAZQUEZ"},{"Id_Viaje":3036583,"IDPedido":582242,"CargaViaje":5.5,"IDPlanta":34,"NombrePlantaViaje":"A2-San Francisco","IDUnidad":112,"NombreUnidad":"CR-154 TRE","IDOperador":1504,"NombreOperador":"HUGO MEDINA","IDEstatusViaje":1,"NombreEstatus":"Despachado","FechaInicio":"2/5/2026 12:00:00 AM","HoraInicio":"12:00","HoraFin":"14:00","IDObra":4582004,"NombreObra":"VISTA SERENA","IDClienteSAE":4582,"NombreCliente":"CASAS JAVER","IDUso":1,"NombreUso":"Banqueta","IDProducto":1014,"NombreProducto":"CONCRETO f\u0027c:200 Ag=20. Rev: 10 A1 D","Remision":"A2/41515","CveCiudad":"AGS","NombreVendedor":"HECTOR VILLANUEVA"},{"Id_Viaje":3036585,"IDPedido":582088,"CargaViaje":4,"IDPlanta":19,"NombrePlantaViaje":"M1-Apodaca","IDUnidad":71,"NombreUnidad":"CR-038","IDOperador":1508,"NombreOperador":"VICTOR MANUEL CAMARILLO","IDEstatusViaje":2,"NombreEstatus":"Entregado","FechaInicio":"2/5/2026 12:00:00 AM","HoraInicio":"23:10","HoraFin":"23:40","IDObra":9202011,"NombreObra":"andara","IDClienteSAE":9202,"NombreCliente":"A \u0026 G THOMAS","IDUso":7,"NombreUso":"Firme","IDProducto":575,"NombreProducto":"CONCRETO f\u0027c=200 Ag=20 Rev=12 A1 D","Remision":"M1/91072","CveCiudad":"MTY","NombreVendedor":"BLANCA P. GARZA"},{"Id_Viaje":3036587,"IDPedido":582226,"CargaViaje":7,"IDPlanta":20,"NombrePlantaViaje":"A1-Ojo Caliente","IDUnidad":48,"NombreUnidad":"CR-063 ZRB","IDOperador":1500,"NombreOperador":"RICARDO CHAVEZ","IDEstatusViaje":1,"NombreEstatus":"Despachado","FechaInicio":"2/5/2026 12:00:00 AM","HoraInicio":"02:00","HoraFin":"04:00","IDObra":2983008,"NombreObra":"LUCERNA","IDClienteSAE":2983,"NombreCliente":"GRUPO CONSTRUCTOR LUMAVI","IDUso":8,"NombreUso":"Losa","IDProducto":2528,"NombreProducto":"CONCRETO f\u0027c:200 Ag=20 Rev:14 RR B","Remision":"A1/96372","CveCiudad":"AGS","NombreVendedor":"CASA CASA"},{"Id_Viaje":3036600,"IDPedido":582224,"CargaViaje":6,"IDPlanta":20,"NombrePlantaViaje":"A1-Ojo Caliente","IDUnidad":168,"NombreUnidad":"CR-181","IDOperador":43,"NombreOperador":"CARLOS VALDEZ","IDEstatusViaje":1,"NombreEstatus":"Despachado","FechaInicio":"2/5/2026 12:00:00 AM","HoraInicio":"02:10","HoraFin":"04:10","IDObra":4964002,"NombreObra":"BOSQUES PROVIDENCIA","IDClienteSAE":4964,"NombreCliente":"CONSTRUCTORA SAN JOSE PREMIER","IDUso":7,"NombreUso":"Firme","IDProducto":1012,"NombreProducto":"CONCRETO f\u0027c:150 Ag=20 Rev:10 A1 D","Remision":"A1/96373","CveCiudad":"AGS","NombreVendedor":"HECTOR VILLANUEVA"},{"Id_Viaje":3036611,"IDPedido":582227,"CargaViaje":2,"IDPlanta":20,"NombrePlantaViaje":"A1-Ojo Caliente","IDUnidad":107,"NombreUnidad":"CR-050","IDOperador":677,"NombreOperador":"EDMUNDO DE LOERA","IDEstatusViaje":1,"NombreEstatus":"Despachado","FechaInicio":"2/5/2026 12:00:00 AM","HoraInicio":"02:30","HoraFin":"04:30","IDObra":2983008,"NombreObra":"LUCERNA","IDClienteSAE":2983,"NombreCliente":"GRUPO CONSTRUCTOR LUMAVI","IDUso":8,"NombreUso":"Losa","IDProducto":2528,"NombreProducto":"CONCRETO f\u0027c:200 Ag=20 Rev:14 RR B","Remision":"A1/96374","CveCiudad":"AGS","NombreVendedor":"CASA CASA"},{"Id_Viaje":3036625,"IDPedido":582274,"CargaViaje":7,"IDPlanta":30,"NombrePlantaViaje":"P1-Coronango","IDUnidad":253,"NombreUnidad":"CR-185","IDOperador":868,"NombreOperador":"EDGAR ROMERO","IDEstatusViaje":1,"NombreEstatus":"Despachado","FechaInicio":"2/5/2026 12:00:00 AM","HoraInicio":"13:00","HoraFin":"15:00","IDObra":1835001,"NombreObra":"estadio olímpico zaragoza","IDClienteSAE":1835,"NombreCliente":"PROYECTOS NOVATERRA","IDUso":8,"NombreUso":"Losa","IDProducto":10975,"NombreProducto":"CONCRETO f\u0027c: 250 Ag=20 Rev.14 A1 B","Remision":"P1/38448","CveCiudad":"PUE","NombreVendedor":"GUADALUPE HERNANDEZ"},{"Id_Viaje":3036627,"IDPedido":582274,"CargaViaje":7,"IDPlanta":30,"NombrePlantaViaje":"P1-Coronango","IDUnidad":254,"NombreUnidad":"CR-187","IDOperador":1186,"NombreOperador":"AARON GUTIERREZ","IDEstatusViaje":1,"NombreEstatus":"Despachado","FechaInicio":"2/5/2026 12:00:00 AM","HoraInicio":"13:10","HoraFin":"15:10","IDObra":1835001,"NombreObra":"estadio olímpico zaragoza","IDClienteSAE":1835,"NombreCliente":"PROYECTOS NOVATERRA","IDUso":8,"NombreUso":"Losa","IDProducto":10975,"NombreProducto":"CONCRETO f\u0027c: 250 Ag=20 Rev.14 A1 B","Remision":"P1/38450","CveCiudad":"PUE","NombreVendedor":"GUADALUPE HERNANDEZ"},{"Id_Viaje":3036629,"IDPedido":582274,"CargaViaje":7,"IDPlanta":30,"NombrePlantaViaje":"P1-Coronango","IDUnidad":9,"NombreUnidad":"CR-192","IDOperador":868,"NombreOperador":"EDGAR ROMERO","IDEstatusViaje":1,"NombreEstatus":"Despachado","FechaInicio":"2/5/2026 12:00:00 AM","HoraInicio":"13:20","HoraFin":"15:20","IDObra":1835001,"NombreObra":"estadio olímpico zaragoza","IDClienteSAE":1835,"NombreCliente":"PROYECTOS NOVATERRA","IDUso":8,"NombreUso":"Losa","IDProducto":10975,"NombreProducto":"CONCRETO f\u0027c: 250 Ag=20 Rev.14 A1 B","Remision":"P1/38453","CveCiudad":"PUE","NombreVendedor":"GUADALUPE HERNANDEZ"},{"Id_Viaje":3036631,"IDPedido":582274,"CargaViaje":7,"IDPlanta":30,"NombrePlantaViaje":"P1-Coronango","IDUnidad":195,"NombreUnidad":"CR-158","IDOperador":1006,"NombreOperador":"VICTOR MANUEL HERNANDEZ","IDEstatusViaje":1,"NombreEstatus":"Despachado","FechaInicio":"2/5/2026 12:00:00 AM","HoraInicio":"13:30","HoraFin":"15:30","IDObra":1835001,"NombreObra":"estadio olímpico zaragoza","IDClienteSAE":1835,"NombreCliente":"PROYECTOS NOVATERRA","IDUso":8,"NombreUso":"Losa","IDProducto":10975,"NombreProducto":"CONCRETO f\u0027c: 250 Ag=20 Rev.14 A1 B","Remision":"P1/38455","CveCiudad":"PUE","NombreVendedor":"GUADALUPE HERNANDEZ"},{"Id_Viaje":3036633,"IDPedido":582274,"CargaViaje":7,"IDPlanta":30,"NombrePlantaViaje":"P1-Coronango","IDUnidad":196,"NombreUnidad":"CR-159","IDOperador":1013,"NombreOperador":"ALEJANDRO ARCE","IDEstatusViaje":1,"NombreEstatus":"Despachado","FechaInicio":"2/5/2026 12:00:00 AM","HoraInicio":"13:40","HoraFin":"15:40","IDObra":1835001,"NombreObra":"estadio olímpico zaragoza","IDClienteSAE":1835,"NombreCliente":"PROYECTOS NOVATERRA","IDUso":8,"NombreUso":"Losa","IDProducto":10975,"NombreProducto":"CONCRETO f\u0027c: 250 Ag=20 Rev.14 A1 B","Remision":"P1/38458","CveCiudad":"PUE","NombreVendedor":"GUADALUPE HERNANDEZ"},{"Id_Viaje":3036635,"IDPedido":582279,"CargaViaje":7,"IDPlanta":30,"NombrePlantaViaje":"P1-Coronango","IDUnidad":197,"NombreUnidad":"CR-160","IDOperador":1016,"NombreOperador":"FRANCISCO MANUEL PARDO","IDEstatusViaje":1,"NombreEstatus":"Despachado","FechaInicio":"2/5/2026 12:00:00 AM","HoraInicio":"13:00","HoraFin":"15:00","IDObra":1491005,"NombreObra":"SANTA CATARINA COATEPEC","IDClienteSAE":1491,"NombreCliente":"GRUPO CONSTRUCTOR MATEOS CABRERA","IDUso":15,"NombreUso":"Zapatas","IDProducto":10975,"NombreProducto":"CONCRETO f\u0027c: 250 Ag=20 Rev.14 A1 B","Remision":"P1/38449","CveCiudad":"PUE","NombreVendedor":"GUADALUPE HERNANDEZ"},{"Id_Viaje":3036637,"IDPedido":582279,"CargaViaje":4,"IDPlanta":30,"NombrePlantaViaje":"P1-Coronango","IDUnidad":198,"NombreUnidad":"CR-161","IDOperador":1008,"NombreOperador":"CARLOS ARMAS","IDEstatusViaje":1,"NombreEstatus":"Despachado","FechaInicio":"2/5/2026 12:00:00 AM","HoraInicio":"13:10","HoraFin":"15:10","IDObra":1491005,"NombreObra":"SANTA CATARINA COATEPEC","IDClienteSAE":1491,"NombreCliente":"GRUPO CONSTRUCTOR MATEOS CABRERA","IDUso":15,"NombreUso":"Zapatas","IDProducto":10975,"NombreProducto":"CONCRETO f\u0027c: 250 Ag=20 Rev.14 A1 B","Remision":"P1/38454","CveCiudad":"PUE","NombreVendedor":"GUADALUPE HERNANDEZ"},{"Id_Viaje":3036639,"IDPedido":582279,"CargaViaje":7,"IDPlanta":30,"NombrePlantaViaje":"P1-Coronango","IDUnidad":199,"NombreUnidad":"CR-162","IDOperador":1005,"NombreOperador":"DAVID FLORES","IDEstatusViaje":1,"NombreEstatus":"Despachado","FechaInicio":"2/5/2026 12:00:00 AM","HoraInicio":"13:20","HoraFin":"15:20","IDObra":1491005,"NombreObra":"SANTA CATARINA COATEPEC","IDClienteSAE":1491,"NombreCliente":"GRUPO CONSTRUCTOR MATEOS CABRERA","IDUso":15,"NombreUso":"Zapatas","IDProducto":10975,"NombreProducto":"CONCRETO f\u0027c: 250 Ag=20 Rev.14 A1 B","Remision":"P1/38451","CveCiudad":"PUE","NombreVendedor":"GUADALUPE HERNANDEZ"},{"Id_Viaje":3036641,"IDPedido":582275,"CargaViaje":3,"IDPlanta":23,"NombrePlantaViaje":"L1-Leon","IDUnidad":351,"NombreUnidad":"CR-237-DRH","IDOperador":1623,"NombreOperador":"JORGE IGNACIO NEGRETE","IDEstatusViaje":1,"NombreEstatus":"Despachado","FechaInicio":"2/5/2026 12:00:00 AM","HoraInicio":"14:00","HoraFin":"16:00","IDObra":3164001,"NombreObra":"constructora igv antonio madrazo","IDClienteSAE":3164,"NombreCliente":"CONSTRUCTORA IGV","IDUso":21,"NombreUso":"Castillos","IDProducto":2862,"NombreProducto":"CONCRETO f\u0027c: 250 Ag=20 Rev.14 A1 D","Remision":"L1/40934","CveCiudad":"LEON","NombreVendedor":"OFICINA MATRIZ"},{"Id_Viaje":3036643,"IDPedido":582280,"CargaViaje":7,"IDPlanta":36,"NombrePlantaViaje":"Q1-Apaseo","IDUnidad":278,"NombreUnidad":"CR-218","IDOperador":1068,"NombreOperador":"HONORIO ISIDRO LOPEZ","IDEstatusViaje":2,"NombreEstatus":"Entregado","FechaInicio":"2/5/2026 12:00:00 AM","HoraInicio":"13:00","HoraFin":"15:00","IDObra":927001,"NombreObra":"el faro de los cisnes","IDClienteSAE":927,"NombreCliente":"CONSTRUCTORA EL FARO DE LOS CISNES","IDUso":2,"NombreUso":"Cimentacion","IDProducto":4355,"NombreProducto":"CONCRETO f\u0027c=250 Ag=20 Rev=10 D 28","Remision":"Q1/11434","CveCiudad":"QRO","NombreVendedor":"MIGUEL ANGEL GUTIERREZ"},{"Id_Viaje":3036645,"IDPedido":582280,"CargaViaje":7,"IDPlanta":36,"NombrePlantaViaje":"Q1-Apaseo","IDUnidad":279,"NombreUnidad":"CR-228","IDOperador":1612,"NombreOperador":"LUIS ALBERTO REYES","IDEstatusViaje":2,"NombreEstatus":"Entregado","FechaInicio":"2/5/2026 12:00:00 AM","HoraInicio":"13:10","HoraFin":"15:10","IDObra":927001,"NombreObra":"el faro de los cisnes","IDClienteSAE":927,"NombreCliente":"CONSTRUCTORA EL FARO DE LOS CISNES","IDUso":2,"NombreUso":"Cimentacion","IDProducto":4355,"NombreProducto":"CONCRETO f\u0027c=250 Ag=20 Rev=10 D 28","Remision":"Q1/11437","CveCiudad":"QRO","NombreVendedor":"MIGUEL ANGEL GUTIERREZ"},{"Id_Viaje":3036647,"IDPedido":582280,"CargaViaje":7,"IDPlanta":36,"NombrePlantaViaje":"Q1-Apaseo","IDUnidad":382,"NombreUnidad":"CR-9RH","IDOperador":1586,"NombreOperador":"RAMIRO HERNANDEZ","IDEstatusViaje":2,"NombreEstatus":"Entregado","FechaInicio":"2/5/2026 12:00:00 AM","HoraInicio":"13:20","HoraFin":"15:20","IDObra":927001,"NombreObra":"el faro de los cisnes","IDClienteSAE":927,"NombreCliente":"CONSTRUCTORA EL FARO DE LOS CISNES","IDUso":2,"NombreUso":"Cimentacion","IDProducto":4355,"NombreProducto":"CONCRETO f\u0027c=250 Ag=20 Rev=10 D 28","Remision":"Q1/11438","CveCiudad":"QRO","NombreVendedor":"MIGUEL ANGEL GUTIERREZ"},{"Id_Viaje":3036649,"IDPedido":582223,"CargaViaje":3,"IDPlanta":20,"NombrePlantaViaje":"A1-Ojo Caliente","IDUnidad":108,"NombreUnidad":"CR-098 2RD","IDOperador":1503,"NombreOperador":"ALBERTO HERNANDEZ","IDEstatusViaje":1,"NombreEstatus":"Despachado","FechaInicio":"2/5/2026 12:00:00 AM","HoraInicio":"03:00","HoraFin":"05:00","IDObra":4582002,"NombreObra":"PASEOS DEL SUR","IDClienteSAE":4582,"NombreCliente":"CASAS JAVER","IDUso":32,"NombreUso":"Guarnicion","IDProducto":1123,"NombreProducto":"CONCRETO MR= 38 Ag=20 Rev 10 A1 D","Remision":"A1/96375","CveCiudad":"AGS","NombreVendedor":"HECTOR VILLANUEVA"},{"Id_Viaje":3036651,"IDPedido":582207,"CargaViaje":1,"IDPlanta":23,"NombrePlantaViaje":"L1-Leon","IDUnidad":352,"NombreUnidad":"CR-246-NRH","IDOperador":522,"NombreOperador":"[LIBRE] .","IDEstatusViaje":1,"NombreEstatus":"Despachado","FechaInicio":"2/5/2026 12:00:00 AM","HoraInicio":"13:00","HoraFin":"15:00","IDObra":1004013,"NombreObra":"sacromonte 7","IDClienteSAE":1004,"NombreCliente":"INMOBILIARIA GESTORIA Y ASESORIA","IDUso":15,"NombreUso":"Zapatas","IDProducto":1219,"NombreProducto":"CONCRETO f\u0027c:200 Ag=20. Rev: 10 A1 D","Remision":"L1/40935","CveCiudad":"LEON","NombreVendedor":"OFICINA MATRIZ"},{"Id_Viaje":3036653,"IDPedido":582208,"CargaViaje":5,"IDPlanta":23,"NombrePlantaViaje":"L1-Leon","IDUnidad":165,"NombreUnidad":"CR-207 FRG","IDOperador":1634,"NombreOperador":"JOSE GUADALUPE POZOS","IDEstatusViaje":1,"NombreEstatus":"Despachado","FechaInicio":"2/5/2026 12:00:00 AM","HoraInicio":"13:00","HoraFin":"15:00","IDObra":2784008,"NombreObra":"RUBA BOSQUES DE BREDA","IDClienteSAE":2784,"NombreCliente":"RUBA DESARROLLOS","IDUso":18,"NombreUso":"Loza de Azotea","IDProducto":2841,"NombreProducto":"CONCRETO f\u0027c=200 Ag=10 Rev=14 B 28","Remision":"L1/40937","CveCiudad":"LEON","NombreVendedor":"OFICINA MATRIZ"},{"Id_Viaje":3036655,"IDPedido":582208,"CargaViaje":5.5,"IDPlanta":23,"NombrePlantaViaje":"L1-Leon","IDUnidad":292,"NombreUnidad":"CR-210 JRG","IDOperador":1609,"NombreOperador":"ANDRES GONZALEZ","IDEstatusViaje":1,"NombreEstatus":"Despachado","FechaInicio":"2/5/2026 12:00:00 AM","HoraInicio":"13:10","HoraFin":"15:10","IDObra":2784008,"NombreObra":"RUBA BOSQUES DE BREDA","IDClienteSAE":2784,"NombreCliente":"RUBA DESARROLLOS","IDUso":18,"NombreUso":"Loza de Azotea","IDProducto":2841,"NombreProducto":"CONCRETO f\u0027c=200 Ag=10 Rev=14 B 28","Remision":"L1/40936","CveCiudad":"LEON","NombreVendedor":"OFICINA MATRIZ"},{"Id_Viaje":3036657,"IDPedido":582276,"CargaViaje":1,"IDPlanta":20,"NombrePlantaViaje":"A1-Ojo Caliente","IDUnidad":122,"NombreUnidad":"CR-043-","IDOperador":1067,"NombreOperador":"JUAN HUMBERTO MARQUEZ","IDEstatusViaje":1,"NombreEstatus":"Despachado","FechaInicio":"2/5/2026 12:00:00 AM","HoraInicio":"03:20","HoraFin":"05:20","IDObra":2820040,"NombreObra":"HEROE INMORTAL","IDClienteSAE":2820,"NombreCliente":"URBANIZACIONES ARGU","IDUso":7,"NombreUso":"Firme","IDProducto":1012,"NombreProducto":"CONCRETO f\u0027c:150 Ag=20 Rev:10 A1 D","Remision":"A1/96376","CveCiudad":"AGS","NombreVendedor":"CASA CASA"},{"Id_Viaje":3036659,"IDPedido":582281,"CargaViaje":4,"IDPlanta":36,"NombrePlantaViaje":"Q1-Apaseo","IDUnidad":383,"NombreUnidad":"CR-188","IDOperador":1655,"NombreOperador":"CARLOS ALARCÓN","IDEstatusViaje":2,"NombreEstatus":"Entregado","FechaInicio":"2/5/2026 12:00:00 AM","HoraInicio":"13:30","HoraFin":"15:30","IDObra":945010,"NombreObra":"PARQUE IND. CALAMANDA NEVADON","IDClienteSAE":945,"NombreCliente":"VAAR DISEÑO Y CONSTRUCCIONES","IDUso":1,"NombreUso":"Banqueta","IDProducto":10935,"NombreProducto":"CONCRETO f\u0027c=200 Ag=10 Rev=14 D 28","Remision":"Q1/11435","CveCiudad":"QRO","NombreVendedor":"MIGUEL ANGEL GUTIERREZ"},{"Id_Viaje":3036661,"IDPedido":582278,"CargaViaje":1.5,"IDPlanta":20,"NombrePlantaViaje":"A1-Ojo Caliente","IDUnidad":350,"NombreUnidad":"CR-047","IDOperador":1076,"NombreOperador":"EZEQUIEL SANDOVAL","IDEstatusViaje":1,"NombreEstatus":"Despachado","FechaInicio":"2/5/2026 12:00:00 AM","HoraInicio":"03:30","HoraFin":"05:30","IDObra":3435020,"NombreObra":"CONECTOR FLUVIAL","IDClienteSAE":3435,"NombreCliente":"ATECO","IDUso":25,"NombreUso":"Pavimento","IDProducto":3563,"NombreProducto":"CONCRETO MR= 45 Ag=40 Rev:10 R3 D.","Remision":"A1/96377","CveCiudad":"AGS","NombreVendedor":"HECTOR VILLANUEVA"},{"Id_Viaje":3036663,"IDPedido":582244,"CargaViaje":4,"IDPlanta":34,"NombrePlantaViaje":"A2-San Francisco","IDUnidad":327,"NombreUnidad":"CR-201 9RG","IDOperador":1502,"NombreOperador":"JUAN FELIPE MARENTES","IDEstatusViaje":1,"NombreEstatus":"Despachado","FechaInicio":"2/5/2026 12:00:00 AM","HoraInicio":"14:00","HoraFin":"16:00","IDObra":2983007,"NombreObra":"LA CARTUJA","IDClienteSAE":2983,"NombreCliente":"GRUPO CONSTRUCTOR LUMAVI","IDUso":8,"NombreUso":"Losa","IDProducto":2528,"NombreProducto":"CONCRETO f\u0027c:200 Ag=20 Rev:14 RR B","Remision":"A2/41516","CveCiudad":"AGS","NombreVendedor":"CASA CASA"},{"Id_Viaje":3036665,"IDPedido":582228,"CargaViaje":4.5,"IDPlanta":34,"NombrePlantaViaje":"A2-San Francisco","IDUnidad":113,"NombreUnidad":"CR-140 CRE","IDOperador":1501,"NombreOperador":"ANTONIO NAVARRO","IDEstatusViaje":1,"NombreEstatus":"Despachado","FechaInicio":"2/5/2026 12:00:00 AM","HoraInicio":"14:00","HoraFin":"16:00","IDObra":5013001,"NombreObra":"RESIDENCIAL VALDELUZ","IDClienteSAE":5013,"NombreCliente":"EDUARDO DE LA ROSA MORALES","IDUso":7,"NombreUso":"Firme","IDProducto":1012,"NombreProducto":"CONCRETO f\u0027c:150 Ag=20 Rev:10 A1 D","Remision":"A2/41517","CveCiudad":"AGS","NombreVendedor":"CASA CASA"},{"Id_Viaje":3036667,"IDPedido":582217,"CargaViaje":6,"IDPlanta":23,"NombrePlantaViaje":"L1-Leon","IDUnidad":290,"NombreUnidad":"CR-215 RRF","IDOperador":1578,"NombreOperador":"JOSE FLORENTINO TORRES","IDEstatusViaje":1,"NombreEstatus":"Despachado","FechaInicio":"2/5/2026 12:00:00 AM","HoraInicio":"14:00","HoraFin":"16:00","IDObra":2784002,"NombreObra":"RUBA SAN CARLOS.","IDClienteSAE":2784,"NombreCliente":"RUBA DESARROLLOS","IDUso":30,"NombreUso":"Cisterna","IDProducto":12026,"NombreProducto":"RELLENO FLUIDO f\u0027c=30 Ag=A4 Rev=18 D 28","Remision":"L1/40938","CveCiudad":"LEON","NombreVendedor":"OFICINA MATRIZ"},{"Id_Viaje":3036669,"IDPedido":582268,"CargaViaje":5,"IDPlanta":36,"NombrePlantaViaje":"Q1-Apaseo","IDUnidad":274,"NombreUnidad":"CR-208","IDOperador":1647,"NombreOperador":"JOSE GUADALUPE LEDESMA","IDEstatusViaje":2,"NombreEstatus":"Entregado","FechaInicio":"2/5/2026 12:00:00 AM","HoraInicio":"14:20","HoraFin":"16:20","IDObra":1012001,"NombreObra":"arimatea - meseta habitatt","IDClienteSAE":1012,"NombreCliente":"INMOBILIARIA GESTORIA Y ASESORIA","IDUso":8,"NombreUso":"Losa","IDProducto":4409,"NombreProducto":"CONCRETO f\u0027c=250 Ag=20 Rev=14 B 28","Remision":"Q1/11436","CveCiudad":"QRO","NombreVendedor":"YIMI EDUARDO VAZQUEZ"},{"Id_Viaje":3036671,"IDPedido":582282,"CargaViaje":7,"IDPlanta":30,"NombrePlantaViaje":"P1-Coronango","IDUnidad":200,"NombreUnidad":"CR-163","IDOperador":1186,"NombreOperador":"AARON GUTIERREZ","IDEstatusViaje":1,"NombreEstatus":"Despachado","FechaInicio":"2/5/2026 12:00:00 AM","HoraInicio":"14:00","HoraFin":"16:00","IDObra":845011,"NombreObra":"fracc platiniO","IDClienteSAE":845,"NombreCliente":"GRUPO BRECASA","IDUso":8,"NombreUso":"Losa","IDProducto":11089,"NombreProducto":"CONCRETO f\u0027c=200 Ag=10 Rev=14 B 28","Remision":"P1/38452","CveCiudad":"PUE","NombreVendedor":"VENDEDOR PUEBLA ."},{"Id_Viaje":3036673,"IDPedido":582282,"CargaViaje":7,"IDPlanta":30,"NombrePlantaViaje":"P1-Coronango","IDUnidad":201,"NombreUnidad":"CR-164","IDOperador":1014,"NombreOperador":"NAHUM ROMERO","IDEstatusViaje":1,"NombreEstatus":"Despachado","FechaInicio":"2/5/2026 12:00:00 AM","HoraInicio":"14:10","HoraFin":"16:10","IDObra":845011,"NombreObra":"fracc platiniO","IDClienteSAE":845,"NombreCliente":"GRUPO BRECASA","IDUso":8,"NombreUso":"Losa","IDProducto":11089,"NombreProducto":"CONCRETO f\u0027c=200 Ag=10 Rev=14 B 28","Remision":"P1/38457","CveCiudad":"PUE","NombreVendedor":"VENDEDOR PUEBLA ."},{"Id_Viaje":3036675,"IDPedido":582282,"CargaViaje":7,"IDPlanta":30,"NombrePlantaViaje":"P1-Coronango","IDUnidad":249,"NombreUnidad":"CR-175","IDOperador":1009,"NombreOperador":"ALBERTO CORTEZ","IDEstatusViaje":1,"NombreEstatus":"Despachado","FechaInicio":"2/5/2026 12:00:00 AM","HoraInicio":"14:20","HoraFin":"16:20","IDObra":845011,"NombreObra":"fracc platiniO","IDClienteSAE":845,"NombreCliente":"GRUPO BRECASA","IDUso":8,"NombreUso":"Losa","IDProducto":11089,"NombreProducto":"CONCRETO f\u0027c=200 Ag=10 Rev=14 B 28","Remision":"P1/38459","CveCiudad":"PUE","NombreVendedor":"VENDEDOR PUEBLA ."},{"Id_Viaje":3036677,"IDPedido":582282,"CargaViaje":7,"IDPlanta":30,"NombrePlantaViaje":"P1-Coronango","IDUnidad":250,"NombreUnidad":"CR-180","IDOperador":1011,"NombreOperador":"ALBERTO JESUS ALVAREZ","IDEstatusViaje":1,"NombreEstatus":"Despachado","FechaInicio":"2/5/2026 12:00:00 AM","HoraInicio":"14:30","HoraFin":"16:30","IDObra":845011,"NombreObra":"fracc platiniO","IDClienteSAE":845,"NombreCliente":"GRUPO BRECASA","IDUso":8,"NombreUso":"Losa","IDProducto":11089,"NombreProducto":"CONCRETO f\u0027c=200 Ag=10 Rev=14 B 28","Remision":"P1/38461","CveCiudad":"PUE","NombreVendedor":"VENDEDOR PUEBLA ."},{"Id_Viaje":3036679,"IDPedido":582282,"CargaViaje":7,"IDPlanta":30,"NombrePlantaViaje":"P1-Coronango","IDUnidad":251,"NombreUnidad":"CR-183","IDOperador":1209,"NombreOperador":"IVAN RAMOS","IDEstatusViaje":1,"NombreEstatus":"Despachado","FechaInicio":"2/5/2026 12:00:00 AM","HoraInicio":"14:40","HoraFin":"16:40","IDObra":845011,"NombreObra":"fracc platiniO","IDClienteSAE":845,"NombreCliente":"GRUPO BRECASA","IDUso":8,"NombreUso":"Losa","IDProducto":11089,"NombreProducto":"CONCRETO f\u0027c=200 Ag=10 Rev=14 B 28","Remision":"P1/38462","CveCiudad":"PUE","NombreVendedor":"VENDEDOR PUEBLA ."},{"Id_Viaje":3036681,"IDPedido":582282,"CargaViaje":7,"IDPlanta":30,"NombrePlantaViaje":"P1-Coronango","IDUnidad":252,"NombreUnidad":"CR-184","IDOperador":1747,"NombreOperador":"JUAN CARLOS ENRIQUEZ","IDEstatusViaje":1,"NombreEstatus":"Despachado","FechaInicio":"2/5/2026 12:00:00 AM","HoraInicio":"14:50","HoraFin":"16:50","IDObra":845011,"NombreObra":"fracc platiniO","IDClienteSAE":845,"NombreCliente":"GRUPO BRECASA","IDUso":8,"NombreUso":"Losa","IDProducto":11089,"NombreProducto":"CONCRETO f\u0027c=200 Ag=10 Rev=14 B 28","Remision":"P1/38464","CveCiudad":"PUE","NombreVendedor":"VENDEDOR PUEBLA ."},{"Id_Viaje":3036683,"IDPedido":582283,"CargaViaje":5,"IDPlanta":31,"NombrePlantaViaje":"G3-Tlajomulco","IDUnidad":191,"NombreUnidad":"CR-111","IDOperador":1635,"NombreOperador":"FERNANDO GIMENEZ","IDEstatusViaje":1,"NombreEstatus":"Despachado","FechaInicio":"2/5/2026 12:00:00 AM","HoraInicio":"14:00","HoraFin":"16:00","IDObra":6309003,"NombreObra":"acatlan 2","IDClienteSAE":6309,"NombreCliente":"ARCH-VISION","IDUso":1,"NombreUso":"Banqueta","IDProducto":2646,"NombreProducto":"CONCRETO f\u0027c:150 Ag=10 Rev:10 A1 D","Remision":"G3/49818","CveCiudad":"GDL","NombreVendedor":"RODOLFO ARREDONDO"},{"Id_Viaje":3036685,"IDPedido":582245,"CargaViaje":5,"IDPlanta":34,"NombrePlantaViaje":"A2-San Francisco","IDUnidad":112,"NombreUnidad":"CR-154 TRE","IDOperador":1504,"NombreOperador":"HUGO MEDINA","IDEstatusViaje":1,"NombreEstatus":"Despachado","FechaInicio":"2/5/2026 12:00:00 AM","HoraInicio":"14:00","HoraFin":"16:00","IDObra":5013001,"NombreObra":"RESIDENCIAL VALDELUZ","IDClienteSAE":5013,"NombreCliente":"EDUARDO DE LA ROSA MORALES","IDUso":7,"NombreUso":"Firme","IDProducto":1014,"NombreProducto":"CONCRETO f\u0027c:200 Ag=20. Rev: 10 A1 D","Remision":"A2/41518","CveCiudad":"AGS","NombreVendedor":"CASA CASA"},{"Id_Viaje":3036687,"IDPedido":582219,"CargaViaje":3,"IDPlanta":23,"NombrePlantaViaje":"L1-Leon","IDUnidad":353,"NombreUnidad":"CR-221 XRG","IDOperador":1624,"NombreOperador":"JUAN VICTOR PEREZ","IDEstatusViaje":1,"NombreEstatus":"Despachado","FechaInicio":"2/5/2026 12:00:00 AM","HoraInicio":"15:00","HoraFin":"17:00","IDObra":1004013,"NombreObra":"sacromonte 7","IDClienteSAE":1004,"NombreCliente":"INMOBILIARIA GESTORIA Y ASESORIA","IDUso":21,"NombreUso":"Castillos","IDProducto":11361,"NombreProducto":"CONCRETO f\u0027c=150 Ag=10 Rev=14 D 28","Remision":"L1/40939","CveCiudad":"LEON","NombreVendedor":"OFICINA MATRIZ"},{"Id_Viaje":3036689,"IDPedido":582246,"CargaViaje":3.5,"IDPlanta":34,"NombrePlantaViaje":"A2-San Francisco","IDUnidad":328,"NombreUnidad":"CR-178","IDOperador":916,"NombreOperador":"CESAR DIAZ DE LEON","IDEstatusViaje":1,"NombreEstatus":"Despachado","FechaInicio":"2/5/2026 12:00:00 AM","HoraInicio":"14:00","HoraFin":"16:00","IDObra":4582004,"NombreObra":"VISTA SERENA","IDClienteSAE":4582,"NombreCliente":"CASAS JAVER","IDUso":25,"NombreUso":"Pavimento","IDProducto":2603,"NombreProducto":"CONCRETO MR= 40 Ag=40 Rev:10 A1 D.","Remision":"A2/41519","CveCiudad":"AGS","NombreVendedor":"HECTOR VILLANUEVA"},{"Id_Viaje":3036693,"IDPedido":582229,"CargaViaje":8,"IDPlanta":20,"NombrePlantaViaje":"A1-Ojo Caliente","IDUnidad":295,"NombreUnidad":"CR-065","IDOperador":675,"NombreOperador":"JUAN ANTONIO HERRERA","IDEstatusViaje":1,"NombreEstatus":"Despachado","FechaInicio":"2/5/2026 12:00:00 AM","HoraInicio":"03:40","HoraFin":"05:40","IDObra":4582006,"NombreObra":"ZEKKEI II","IDClienteSAE":4582,"NombreCliente":"CASAS JAVER","IDUso":2,"NombreUso":"Cimentacion","IDProducto":1014,"NombreProducto":"CONCRETO f\u0027c:200 Ag=20. Rev: 10 A1 D","Remision":"A1/96378","CveCiudad":"AGS","NombreVendedor":"HECTOR VILLANUEVA"},{"Id_Viaje":3036697,"IDPedido":582174,"CargaViaje":3,"IDPlanta":11,"NombrePlantaViaje":"M4-Centro","IDUnidad":309,"NombreUnidad":"CR-117","IDOperador":1470,"NombreOperador":"ERICK BENJAMIN HERRERA","IDEstatusViaje":2,"NombreEstatus":"Entregado","FechaInicio":"2/5/2026 12:00:00 AM","HoraInicio":"23:10","HoraFin":"23:40","IDObra":10580001,"NombreObra":"catehua","IDClienteSAE":10580,"NombreCliente":"LEMURA VIVIENDA","IDUso":3,"NombreUso":"Columnas","IDProducto":3505,"NombreProducto":"CONCRETO f\u0027c=450 Ag=20 Rev=18 D","Remision":"M4/89045","CveCiudad":"MTY","NombreVendedor":"BLANCA P. GARZA"},{"Id_Viaje":3036699,"IDPedido":582174,"CargaViaje":2,"IDPlanta":11,"NombrePlantaViaje":"M4-Centro","IDUnidad":347,"NombreUnidad":"CR-099","IDOperador":1190,"NombreOperador":"SAUL GUAJARDO","IDEstatusViaje":2,"NombreEstatus":"Entregado","FechaInicio":"2/5/2026 12:00:00 AM","HoraInicio":"23:20","HoraFin":"23:50","IDObra":10580001,"NombreObra":"catehua","IDClienteSAE":10580,"NombreCliente":"LEMURA VIVIENDA","IDUso":3,"NombreUso":"Columnas","IDProducto":3505,"NombreProducto":"CONCRETO f\u0027c=450 Ag=20 Rev=18 D","Remision":"M4/89046","CveCiudad":"MTY","NombreVendedor":"BLANCA P. GARZA"},{"Id_Viaje":3036701,"IDPedido":581842,"CargaViaje":3,"IDPlanta":19,"NombrePlantaViaje":"M1-Apodaca","IDUnidad":231,"NombreUnidad":"CR-151","IDOperador":1581,"NombreOperador":"FRANCISCO JAVIER GONZALEZ","IDEstatusViaje":2,"NombreEstatus":"Entregado","FechaInicio":"2/5/2026 12:00:00 AM","HoraInicio":"23:10","HoraFin":"23:40","IDObra":9876033,"NombreObra":"privada mugnano","IDClienteSAE":9876,"NombreCliente":"MX CONSTRUCCIONES","IDUso":21,"NombreUso":"Castillos","IDProducto":483,"NombreProducto":"CONCRETO f\u0027c=200 Ag=20. Rev=10 A1 D","Remision":"M1/91076","CveCiudad":"MTY","NombreVendedor":"ENRIQUE ALVAREZ"},{"Id_Viaje":3036703,"IDPedido":582287,"CargaViaje":1,"IDPlanta":30,"NombrePlantaViaje":"P1-Coronango","IDUnidad":253,"NombreUnidad":"CR-185","IDOperador":868,"NombreOperador":"EDGAR ROMERO","IDEstatusViaje":1,"NombreEstatus":"Despachado","FechaInicio":"2/5/2026 12:00:00 AM","HoraInicio":"03:00","HoraFin":"05:00","IDObra":286001,"NombreObra":"2do piso autopista mex- pue sentido cdmx","IDClienteSAE":286,"NombreCliente":"TORRE ELECTRICA","IDUso":7,"NombreUso":"Firme","IDProducto":10617,"NombreProducto":"CONCRETO f\u0027c=350 Ag=10 Rev=10 D 01","Remision":"P1/38456","CveCiudad":"PUE","NombreVendedor":"VENDEDOR PUEBLA ."},{"Id_Viaje":3036705,"IDPedido":582277,"CargaViaje":4,"IDPlanta":20,"NombrePlantaViaje":"A1-Ojo Caliente","IDUnidad":48,"NombreUnidad":"CR-063 ZRB","IDOperador":1500,"NombreOperador":"RICARDO CHAVEZ","IDEstatusViaje":1,"NombreEstatus":"Despachado","FechaInicio":"2/5/2026 12:00:00 AM","HoraInicio":"04:00","HoraFin":"06:00","IDObra":4674005,"NombreObra":"BODEGA MERCADO LIBRE","IDClienteSAE":4674,"NombreCliente":"ASPE Y ASOCIADOS","IDUso":7,"NombreUso":"Firme","IDProducto":2546,"NombreProducto":"CONCRETO f\u0027c:250 Ag=20 Rev:10 A1 D","Remision":"A1/96379","CveCiudad":"AGS","NombreVendedor":"HECTOR VILLANUEVA"},{"Id_Viaje":3036711,"IDPedido":582274,"CargaViaje":7,"IDPlanta":30,"NombrePlantaViaje":"P1-Coronango","IDUnidad":197,"NombreUnidad":"CR-160","IDOperador":1016,"NombreOperador":"FRANCISCO MANUEL PARDO","IDEstatusViaje":1,"NombreEstatus":"Despachado","FechaInicio":"2/5/2026 12:00:00 AM","HoraInicio":"15:10","HoraFin":"17:10","IDObra":1835001,"NombreObra":"estadio olímpico zaragoza","IDClienteSAE":1835,"NombreCliente":"PROYECTOS NOVATERRA","IDUso":8,"NombreUso":"Losa","IDProducto":10975,"NombreProducto":"CONCRETO f\u0027c: 250 Ag=20 Rev.14 A1 B","Remision":"P1/38460","CveCiudad":"PUE","NombreVendedor":"GUADALUPE HERNANDEZ"},{"Id_Viaje":3036713,"IDPedido":582274,"CargaViaje":7,"IDPlanta":30,"NombrePlantaViaje":"P1-Coronango","IDUnidad":199,"NombreUnidad":"CR-162","IDOperador":1005,"NombreOperador":"DAVID FLORES","IDEstatusViaje":1,"NombreEstatus":"Despachado","FechaInicio":"2/5/2026 12:00:00 AM","HoraInicio":"15:20","HoraFin":"17:20","IDObra":1835001,"NombreObra":"estadio olímpico zaragoza","IDClienteSAE":1835,"NombreCliente":"PROYECTOS NOVATERRA","IDUso":8,"NombreUso":"Losa","IDProducto":10975,"NombreProducto":"CONCRETO f\u0027c: 250 Ag=20 Rev.14 A1 B","Remision":"P1/38463","CveCiudad":"PUE","NombreVendedor":"GUADALUPE HERNANDEZ"},{"Id_Viaje":3036719,"IDPedido":582232,"CargaViaje":6.5,"IDPlanta":20,"NombrePlantaViaje":"A1-Ojo Caliente","IDUnidad":115,"NombreUnidad":"CR-069","IDOperador":209,"NombreOperador":"MARCO DE LEON","IDEstatusViaje":1,"NombreEstatus":"Despachado","FechaInicio":"2/5/2026 12:00:00 AM","HoraInicio":"15:30","HoraFin":"17:30","IDObra":4582001,"NombreObra":"caranday","IDClienteSAE":4582,"NombreCliente":"CASAS JAVER","IDUso":8,"NombreUso":"Losa","IDProducto":1022,"NombreProducto":"CONCRETO f\u0027c:200 Ag=20 Rev:14 A1 B","Remision":"A1/96380","CveCiudad":"AGS","NombreVendedor":"HECTOR VILLANUEVA"},{"Id_Viaje":3036731,"IDPedido":582192,"CargaViaje":4,"IDPlanta":18,"NombrePlantaViaje":"M7-Salinas","IDUnidad":33,"NombreUnidad":"CR-168","IDOperador":1157,"NombreOperador":"JUAN JOSE ROSARIO LOPEZ","IDEstatusViaje":2,"NombreEstatus":"Entregado","FechaInicio":"2/5/2026 12:00:00 AM","HoraInicio":"23:10","HoraFin":"23:40","IDObra":11720003,"NombreObra":"multiparque norte","IDClienteSAE":11720,"NombreCliente":"DOBLE H INGENIERIA Y ARQUITECTURA","IDUso":8,"NombreUso":"Losa","IDProducto":511,"NombreProducto":"CONCRETO f\u0027c=250 Ag=20 Rev=14 A1 B","Remision":"M7/41038","CveCiudad":"MTY","NombreVendedor":"CESAR LUNA"},{"Id_Viaje":3036733,"IDPedido":582282,"CargaViaje":7,"IDPlanta":30,"NombrePlantaViaje":"P1-Coronango","IDUnidad":197,"NombreUnidad":"CR-160","IDOperador":1016,"NombreOperador":"FRANCISCO MANUEL PARDO","IDEstatusViaje":1,"NombreEstatus":"Despachado","FechaInicio":"2/5/2026 12:00:00 AM","HoraInicio":"17:30","HoraFin":"19:30","IDObra":845011,"NombreObra":"fracc platiniO","IDClienteSAE":845,"NombreCliente":"GRUPO BRECASA","IDUso":8,"NombreUso":"Losa","IDProducto":11089,"NombreProducto":"CONCRETO f\u0027c=200 Ag=10 Rev=14 B 28","Remision":"P1/38465","CveCiudad":"PUE","NombreVendedor":"VENDEDOR PUEBLA ."},{"Id_Viaje":3036735,"IDPedido":582282,"CargaViaje":7,"IDPlanta":30,"NombrePlantaViaje":"P1-Coronango","IDUnidad":201,"NombreUnidad":"CR-164","IDOperador":1014,"NombreOperador":"NAHUM ROMERO","IDEstatusViaje":1,"NombreEstatus":"Despachado","FechaInicio":"2/5/2026 12:00:00 AM","HoraInicio":"17:40","HoraFin":"19:40","IDObra":845011,"NombreObra":"fracc platiniO","IDClienteSAE":845,"NombreCliente":"GRUPO BRECASA","IDUso":8,"NombreUso":"Losa","IDProducto":11089,"NombreProducto":"CONCRETO f\u0027c=200 Ag=10 Rev=14 B 28","Remision":"P1/38466","CveCiudad":"PUE","NombreVendedor":"VENDEDOR PUEBLA ."},{"Id_Viaje":3036737,"IDPedido":582298,"CargaViaje":7,"IDPlanta":30,"NombrePlantaViaje":"P1-Coronango","IDUnidad":254,"NombreUnidad":"CR-187","IDOperador":1186,"NombreOperador":"AARON GUTIERREZ","IDEstatusViaje":1,"NombreEstatus":"Despachado","FechaInicio":"2/5/2026 12:00:00 AM","HoraInicio":"18:00","HoraFin":"20:00","IDObra":1835001,"NombreObra":"estadio olímpico zaragoza","IDClienteSAE":1835,"NombreCliente":"PROYECTOS NOVATERRA","IDUso":2,"NombreUso":"Cimentacion","IDProducto":10348,"NombreProducto":"CONCRETO f\u0027c: 300 Ag=20 Rev 14 A1 B","Remision":"P1/38467","CveCiudad":"PUE","NombreVendedor":"GUADALUPE HERNANDEZ"},{"Id_Viaje":3036739,"IDPedido":582298,"CargaViaje":7,"IDPlanta":30,"NombrePlantaViaje":"P1-Coronango","IDUnidad":9,"NombreUnidad":"CR-192","IDOperador":868,"NombreOperador":"EDGAR ROMERO","IDEstatusViaje":1,"NombreEstatus":"Despachado","FechaInicio":"2/5/2026 12:00:00 AM","HoraInicio":"18:10","HoraFin":"20:10","IDObra":1835001,"NombreObra":"estadio olímpico zaragoza","IDClienteSAE":1835,"NombreCliente":"PROYECTOS NOVATERRA","IDUso":2,"NombreUso":"Cimentacion","IDProducto":10348,"NombreProducto":"CONCRETO f\u0027c: 300 Ag=20 Rev 14 A1 B","Remision":"P1/38468","CveCiudad":"PUE","NombreVendedor":"GUADALUPE HERNANDEZ"},{"Id_Viaje":3036741,"IDPedido":582298,"CargaViaje":5,"IDPlanta":30,"NombrePlantaViaje":"P1-Coronango","IDUnidad":195,"NombreUnidad":"CR-158","IDOperador":1006,"NombreOperador":"VICTOR MANUEL HERNANDEZ","IDEstatusViaje":1,"NombreEstatus":"Despachado","FechaInicio":"2/5/2026 12:00:00 AM","HoraInicio":"18:20","HoraFin":"20:20","IDObra":1835001,"NombreObra":"estadio olímpico zaragoza","IDClienteSAE":1835,"NombreCliente":"PROYECTOS NOVATERRA","IDUso":2,"NombreUso":"Cimentacion","IDProducto":10348,"NombreProducto":"CONCRETO f\u0027c: 300 Ag=20 Rev 14 A1 B","Remision":"P1/38469","CveCiudad":"PUE","NombreVendedor":"GUADALUPE HERNANDEZ"}]