[{"Id_Viaje":3038738,"IDPedido":582762,"CargaViaje":4,"IDPlanta":16,"NombrePlantaViaje":"M6-Juarez","IDUnidad":371,"NombreUnidad":"CR-008","IDOperador":1199,"NombreOperador":"GABRIEL RIVERA","IDEstatusViaje":2,"NombreEstatus":"Entregado","FechaInicio":"2/19/2026 12:00:00 AM","HoraInicio":"13:00","HoraFin":"15:00","IDObra":12040002,"NombreObra":"dalias ii residencial","IDClienteSAE":12040,"NombreCliente":"BLANCA NELLY HERRERA FLORES","IDUso":8,"NombreUso":"Losa","IDProducto":513,"NombreProducto":"CONCRETO f\u0027c=200 Ag=20 Rev=14 A1 D","Remision":"M6/67143","CveCiudad":"MTY","NombreVendedor":"OMAR HECTOR ARTEAGA"},{"Id_Viaje":3040111,"IDPedido":583072,"CargaViaje":4,"IDPlanta":16,"NombrePlantaViaje":"M6-Juarez","IDUnidad":347,"NombreUnidad":"CR-099","IDOperador":1190,"NombreOperador":"SAUL GUAJARDO","IDEstatusViaje":1,"NombreEstatus":"Despachado","FechaInicio":"2/19/2026 12:00:00 AM","HoraInicio":"08:00","HoraFin":"10:00","IDObra":12040002,"NombreObra":"dalias ii residencial","IDClienteSAE":12040,"NombreCliente":"BLANCA NELLY HERRERA FLORES","IDUso":1,"NombreUso":"Banqueta","IDProducto":1512,"NombreProducto":"CONCRETO f\u0027c=100 Ag=20 Rev=14 A1 D","Remision":"M6/67141","CveCiudad":"MTY","NombreVendedor":"OMAR HECTOR ARTEAGA"},{"Id_Viaje":3040307,"IDPedido":582462,"CargaViaje":7,"IDPlanta":30,"NombrePlantaViaje":"P1-Coronango","IDUnidad":195,"NombreUnidad":"CR-158","IDOperador":1006,"NombreOperador":"VICTOR MANUEL HERNANDEZ","IDEstatusViaje":1,"NombreEstatus":"Despachado","FechaInicio":"2/19/2026 12:00:00 AM","HoraInicio":"10:00","HoraFin":"12:00","IDObra":1491005,"NombreObra":"SANTA CATARINA COATEPEC","IDClienteSAE":1491,"NombreCliente":"GRUPO CONSTRUCTOR MATEOS CABRERA","IDUso":15,"NombreUso":"Zapatas","IDProducto":10322,"NombreProducto":"CONCRETO f´c: 250 Ag=20 Rev:14 A1 B","Remision":"P1/38595","CveCiudad":"PUE","NombreVendedor":"GUADALUPE HERNANDEZ"},{"Id_Viaje":3040309,"IDPedido":582462,"CargaViaje":7,"IDPlanta":30,"NombrePlantaViaje":"P1-Coronango","IDUnidad":196,"NombreUnidad":"CR-159","IDOperador":1013,"NombreOperador":"ALEJANDRO ARCE","IDEstatusViaje":1,"NombreEstatus":"Despachado","FechaInicio":"2/19/2026 12:00:00 AM","HoraInicio":"10:10","HoraFin":"12:10","IDObra":1491005,"NombreObra":"SANTA CATARINA COATEPEC","IDClienteSAE":1491,"NombreCliente":"GRUPO CONSTRUCTOR MATEOS CABRERA","IDUso":15,"NombreUso":"Zapatas","IDProducto":10322,"NombreProducto":"CONCRETO f´c: 250 Ag=20 Rev:14 A1 B","Remision":"P1/38596","CveCiudad":"PUE","NombreVendedor":"GUADALUPE HERNANDEZ"},{"Id_Viaje":3040311,"IDPedido":582462,"CargaViaje":7,"IDPlanta":30,"NombrePlantaViaje":"P1-Coronango","IDUnidad":197,"NombreUnidad":"CR-160","IDOperador":1016,"NombreOperador":"FRANCISCO MANUEL PARDO","IDEstatusViaje":1,"NombreEstatus":"Despachado","FechaInicio":"2/19/2026 12:00:00 AM","HoraInicio":"10:20","HoraFin":"12:20","IDObra":1491005,"NombreObra":"SANTA CATARINA COATEPEC","IDClienteSAE":1491,"NombreCliente":"GRUPO CONSTRUCTOR MATEOS CABRERA","IDUso":15,"NombreUso":"Zapatas","IDProducto":10322,"NombreProducto":"CONCRETO f´c: 250 Ag=20 Rev:14 A1 B","Remision":"P1/38597","CveCiudad":"PUE","NombreVendedor":"GUADALUPE HERNANDEZ"},{"Id_Viaje":3040313,"IDPedido":582462,"CargaViaje":4,"IDPlanta":30,"NombrePlantaViaje":"P1-Coronango","IDUnidad":198,"NombreUnidad":"CR-161","IDOperador":1008,"NombreOperador":"CARLOS ARMAS","IDEstatusViaje":1,"NombreEstatus":"Despachado","FechaInicio":"2/19/2026 12:00:00 AM","HoraInicio":"10:30","HoraFin":"12:30","IDObra":1491005,"NombreObra":"SANTA CATARINA COATEPEC","IDClienteSAE":1491,"NombreCliente":"GRUPO CONSTRUCTOR MATEOS CABRERA","IDUso":15,"NombreUso":"Zapatas","IDProducto":10322,"NombreProducto":"CONCRETO f´c: 250 Ag=20 Rev:14 A1 B","Remision":"P1/38598","CveCiudad":"PUE","NombreVendedor":"GUADALUPE HERNANDEZ"},{"Id_Viaje":3040344,"IDPedido":583131,"CargaViaje":7,"IDPlanta":16,"NombrePlantaViaje":"M6-Juarez","IDUnidad":133,"NombreUnidad":"CR-124","IDOperador":1546,"NombreOperador":"VICTOR ADRIAN HERNANDEZ","IDEstatusViaje":2,"NombreEstatus":"Entregado","FechaInicio":"2/19/2026 12:00:00 AM","HoraInicio":"14:00","HoraFin":"16:00","IDObra":9882010,"NombreObra":"LOS LERMAS","IDClienteSAE":9882,"NombreCliente":"FINISTERRE CAPITAL","IDUso":15,"NombreUso":"Zapatas","IDProducto":483,"NombreProducto":"CONCRETO f\u0027c=200 Ag=20. Rev=10 A1 D","Remision":"M6/67142","CveCiudad":"MTY","NombreVendedor":"ENRIQUE ALVAREZ"},{"Id_Viaje":3040367,"IDPedido":582906,"CargaViaje":7,"IDPlanta":19,"NombrePlantaViaje":"M1-Apodaca","IDUnidad":332,"NombreUnidad":"CR-026","IDOperador":1458,"NombreOperador":"MIGUEL ANGEL LUGO","IDEstatusViaje":2,"NombreEstatus":"Entregado","FechaInicio":"2/19/2026 12:00:00 AM","HoraInicio":"08:30","HoraFin":"10:30","IDObra":9876033,"NombreObra":"privada mugnano","IDClienteSAE":9876,"NombreCliente":"MX CONSTRUCCIONES","IDUso":7,"NombreUso":"Firme","IDProducto":483,"NombreProducto":"CONCRETO f\u0027c=200 Ag=20. Rev=10 A1 D","Remision":"M1/91219","CveCiudad":"MTY","NombreVendedor":"ENRIQUE ALVAREZ"},{"Id_Viaje":3040369,"IDPedido":582906,"CargaViaje":7,"IDPlanta":19,"NombrePlantaViaje":"M1-Apodaca","IDUnidad":40,"NombreUnidad":"CR-031","IDOperador":1157,"NombreOperador":"JUAN JOSE ROSARIO LOPEZ","IDEstatusViaje":2,"NombreEstatus":"Entregado","FechaInicio":"2/19/2026 12:00:00 AM","HoraInicio":"08:40","HoraFin":"10:40","IDObra":9876033,"NombreObra":"privada mugnano","IDClienteSAE":9876,"NombreCliente":"MX CONSTRUCCIONES","IDUso":7,"NombreUso":"Firme","IDProducto":483,"NombreProducto":"CONCRETO f\u0027c=200 Ag=20. Rev=10 A1 D","Remision":"M1/91221","CveCiudad":"MTY","NombreVendedor":"ENRIQUE ALVAREZ"},{"Id_Viaje":3040375,"IDPedido":583141,"CargaViaje":7,"IDPlanta":16,"NombrePlantaViaje":"M6-Juarez","IDUnidad":231,"NombreUnidad":"CR-151","IDOperador":1581,"NombreOperador":"FRANCISCO JAVIER GONZALEZ","IDEstatusViaje":2,"NombreEstatus":"Entregado","FechaInicio":"2/19/2026 12:00:00 AM","HoraInicio":"16:00","HoraFin":"18:00","IDObra":8153024,"NombreObra":"VISTAS DEL SEMINARIO","IDClienteSAE":8153,"NombreCliente":"CONSTRUCTORA OBREGON FERNANDEZ","IDUso":2,"NombreUso":"Cimentacion","IDProducto":575,"NombreProducto":"CONCRETO f\u0027c=200 Ag=20 Rev=12 A1 D","Remision":"M6/67149","CveCiudad":"MTY","NombreVendedor":"CESAR LUNA"},{"Id_Viaje":3040379,"IDPedido":582754,"CargaViaje":7,"IDPlanta":11,"NombrePlantaViaje":"M4-Centro","IDUnidad":210,"NombreUnidad":"CR-166","IDOperador":1198,"NombreOperador":"ALEJANDRO TREVIÑO","IDEstatusViaje":2,"NombreEstatus":"Entregado","FechaInicio":"2/19/2026 12:00:00 AM","HoraInicio":"11:00","HoraFin":"13:00","IDObra":4947069,"NombreObra":"CASAIRE","IDClienteSAE":4947,"NombreCliente":"CONCRETOS DELESE","IDUso":1,"NombreUso":"Banqueta","IDProducto":1512,"NombreProducto":"CONCRETO f\u0027c=100 Ag=20 Rev=14 A1 D","Remision":"M4/89208","CveCiudad":"MTY","NombreVendedor":"OMAR HECTOR ARTEAGA"},{"Id_Viaje":3040381,"IDPedido":583142,"CargaViaje":7,"IDPlanta":11,"NombrePlantaViaje":"M4-Centro","IDUnidad":214,"NombreUnidad":"CR-170","IDOperador":1722,"NombreOperador":"EDGAR JAVIER MARROQUIN","IDEstatusViaje":2,"NombreEstatus":"Entregado","FechaInicio":"2/19/2026 12:00:00 AM","HoraInicio":"07:30","HoraFin":"09:30","IDObra":11302015,"NombreObra":"casa blanca","IDClienteSAE":11302,"NombreCliente":"LUZ DE PARIS","IDUso":2,"NombreUso":"Cimentacion","IDProducto":491,"NombreProducto":"CONCRETO f\u0027c=200 Ag=20 Rev=14 A1 B","Remision":"M4/89201","CveCiudad":"MTY","NombreVendedor":"BLANCA P. GARZA"},{"Id_Viaje":3040411,"IDPedido":583118,"CargaViaje":7,"IDPlanta":19,"NombrePlantaViaje":"M1-Apodaca","IDUnidad":348,"NombreUnidad":"CR-070","IDOperador":1536,"NombreOperador":"JESUS LOPEZ","IDEstatusViaje":2,"NombreEstatus":"Entregado","FechaInicio":"2/19/2026 12:00:00 AM","HoraInicio":"07:00","HoraFin":"09:00","IDObra":12076001,"NombreObra":"LA CHATARRERA","IDClienteSAE":12076,"NombreCliente":"PARQUE INTERNACIONAL REGIOMONTANA","IDUso":11,"NombreUso":"Piso","IDProducto":485,"NombreProducto":"CONCRETO f\u0027c=250 Ag=20 Rev=10 A1 D","Remision":"M1/91215","CveCiudad":"MTY","NombreVendedor":"CESAR LUNA"},{"Id_Viaje":3040413,"IDPedido":583118,"CargaViaje":7,"IDPlanta":19,"NombrePlantaViaje":"M1-Apodaca","IDUnidad":378,"NombreUnidad":"CR-104","IDOperador":1534,"NombreOperador":"MIGUEL ANGEL ZAPATA","IDEstatusViaje":2,"NombreEstatus":"Entregado","FechaInicio":"2/19/2026 12:00:00 AM","HoraInicio":"07:10","HoraFin":"09:10","IDObra":12076001,"NombreObra":"LA CHATARRERA","IDClienteSAE":12076,"NombreCliente":"PARQUE INTERNACIONAL REGIOMONTANA","IDUso":11,"NombreUso":"Piso","IDProducto":485,"NombreProducto":"CONCRETO f\u0027c=250 Ag=20 Rev=10 A1 D","Remision":"M1/91216","CveCiudad":"MTY","NombreVendedor":"CESAR LUNA"},{"Id_Viaje":3040415,"IDPedido":583118,"CargaViaje":7,"IDPlanta":19,"NombrePlantaViaje":"M1-Apodaca","IDUnidad":233,"NombreUnidad":"CR-152","IDOperador":1529,"NombreOperador":"ENRIQUE YESCAS","IDEstatusViaje":2,"NombreEstatus":"Entregado","FechaInicio":"2/19/2026 12:00:00 AM","HoraInicio":"07:20","HoraFin":"09:20","IDObra":12076001,"NombreObra":"LA CHATARRERA","IDClienteSAE":12076,"NombreCliente":"PARQUE INTERNACIONAL REGIOMONTANA","IDUso":11,"NombreUso":"Piso","IDProducto":485,"NombreProducto":"CONCRETO f\u0027c=250 Ag=20 Rev=10 A1 D","Remision":"M1/91218","CveCiudad":"MTY","NombreVendedor":"CESAR LUNA"},{"Id_Viaje":3040417,"IDPedido":583118,"CargaViaje":7,"IDPlanta":19,"NombrePlantaViaje":"M1-Apodaca","IDUnidad":33,"NombreUnidad":"CR-168","IDOperador":1157,"NombreOperador":"JUAN JOSE ROSARIO LOPEZ","IDEstatusViaje":2,"NombreEstatus":"Entregado","FechaInicio":"2/19/2026 12:00:00 AM","HoraInicio":"07:30","HoraFin":"09:30","IDObra":12076001,"NombreObra":"LA CHATARRERA","IDClienteSAE":12076,"NombreCliente":"PARQUE INTERNACIONAL REGIOMONTANA","IDUso":11,"NombreUso":"Piso","IDProducto":485,"NombreProducto":"CONCRETO f\u0027c=250 Ag=20 Rev=10 A1 D","Remision":"M1/91217","CveCiudad":"MTY","NombreVendedor":"CESAR LUNA"},{"Id_Viaje":3040427,"IDPedido":582819,"CargaViaje":7,"IDPlanta":19,"NombrePlantaViaje":"M1-Apodaca","IDUnidad":345,"NombreUnidad":"CR-231","IDOperador":1551,"NombreOperador":"ROGELIO MARTINEZ","IDEstatusViaje":2,"NombreEstatus":"Entregado","FechaInicio":"2/19/2026 12:00:00 AM","HoraInicio":"12:00","HoraFin":"14:00","IDObra":11623002,"NombreObra":"sungwoo hitech apartament","IDClienteSAE":11623,"NombreCliente":"TAEINS MEXICO","IDUso":7,"NombreUso":"Firme","IDProducto":551,"NombreProducto":"CONCRETO f\u0027c=250 Ag=20 Rev=14 A1 D","Remision":"M1/91223","CveCiudad":"MTY","NombreVendedor":"CASA PROGRAMACION"},{"Id_Viaje":3040447,"IDPedido":582614,"CargaViaje":7,"IDPlanta":16,"NombrePlantaViaje":"M6-Juarez","IDUnidad":342,"NombreUnidad":"CR-223","IDOperador":1143,"NombreOperador":"FERNANDO TEY","IDEstatusViaje":2,"NombreEstatus":"Entregado","FechaInicio":"2/19/2026 12:00:00 AM","HoraInicio":"12:30","HoraFin":"14:30","IDObra":9876034,"NombreObra":"corfu residencial","IDClienteSAE":9876,"NombreCliente":"MX CONSTRUCCIONES","IDUso":7,"NombreUso":"Firme","IDProducto":483,"NombreProducto":"CONCRETO f\u0027c=200 Ag=20. Rev=10 A1 D","Remision":"M6/67144","CveCiudad":"MTY","NombreVendedor":"ENRIQUE ALVAREZ"},{"Id_Viaje":3040463,"IDPedido":583135,"CargaViaje":6,"IDPlanta":15,"NombrePlantaViaje":"M5-Santiago","IDUnidad":28,"NombreUnidad":"CR-241","IDOperador":1509,"NombreOperador":"JUAN LUIS ROCHA","IDEstatusViaje":2,"NombreEstatus":"Entregado","FechaInicio":"2/19/2026 12:00:00 AM","HoraInicio":"10:00","HoraFin":"12:00","IDObra":541061,"NombreObra":"ANTIGUA SUR","IDClienteSAE":541,"NombreCliente":"DESARROLLOS LOCSA","IDUso":5,"NombreUso":"Cordon","IDProducto":483,"NombreProducto":"CONCRETO f\u0027c=200 Ag=20. Rev=10 A1 D","Remision":"M5/37099","CveCiudad":"MTY","NombreVendedor":"GUILLERMO RAMA HERRERA"},{"Id_Viaje":3040467,"IDPedido":583136,"CargaViaje":6,"IDPlanta":15,"NombrePlantaViaje":"M5-Santiago","IDUnidad":216,"NombreUnidad":"CR-227","IDOperador":1468,"NombreOperador":"JOSE LUIS ESPARZA","IDEstatusViaje":2,"NombreEstatus":"Entregado","FechaInicio":"2/19/2026 12:00:00 AM","HoraInicio":"14:00","HoraFin":"16:00","IDObra":541061,"NombreObra":"ANTIGUA SUR","IDClienteSAE":541,"NombreCliente":"DESARROLLOS LOCSA","IDUso":5,"NombreUso":"Cordon","IDProducto":483,"NombreProducto":"CONCRETO f\u0027c=200 Ag=20. Rev=10 A1 D","Remision":"M5/37100","CveCiudad":"MTY","NombreVendedor":"GUILLERMO RAMA HERRERA"},{"Id_Viaje":3040473,"IDPedido":583154,"CargaViaje":6,"IDPlanta":11,"NombrePlantaViaje":"M4-Centro","IDUnidad":213,"NombreUnidad":"CR-171","IDOperador":1610,"NombreOperador":"MOISES ISRAEL HERNANDEZ","IDEstatusViaje":2,"NombreEstatus":"Entregado","FechaInicio":"2/19/2026 12:00:00 AM","HoraInicio":"13:30","HoraFin":"15:30","IDObra":6713002,"NombreObra":"topo chico","IDClienteSAE":6713,"NombreCliente":"ASOCIACION MEXICANA PARA LA CONSTRUCCION DE INMUEBLES Y SERVICIOS","IDUso":7,"NombreUso":"Firme","IDProducto":1526,"NombreProducto":"CONCRETO f\u0027c=150 Ag=20 Rev=14 A1","Remision":"M4/89215","CveCiudad":"MTY","NombreVendedor":"CASA PROGRAMACION"},{"Id_Viaje":3040515,"IDPedido":583000,"CargaViaje":6,"IDPlanta":11,"NombrePlantaViaje":"M4-Centro","IDUnidad":212,"NombreUnidad":"CR-172","IDOperador":1741,"NombreOperador":"YAUDEL VILLAMONTE","IDEstatusViaje":2,"NombreEstatus":"Entregado","FechaInicio":"2/19/2026 12:00:00 AM","HoraInicio":"14:00","HoraFin":"16:00","IDObra":11455004,"NombreObra":"luno departamentos","IDClienteSAE":11455,"NombreCliente":"ALFA ARQUITECTURA BIENES RAICES","IDUso":2,"NombreUso":"Cimentacion","IDProducto":513,"NombreProducto":"CONCRETO f\u0027c=200 Ag=20 Rev=14 A1 D","Remision":"M4/89216","CveCiudad":"MTY","NombreVendedor":"CESAR LUNA"},{"Id_Viaje":3040528,"IDPedido":583143,"CargaViaje":7,"IDPlanta":11,"NombrePlantaViaje":"M4-Centro","IDUnidad":366,"NombreUnidad":"CR-235","IDOperador":1198,"NombreOperador":"ALEJANDRO TREVIÑO","IDEstatusViaje":2,"NombreEstatus":"Entregado","FechaInicio":"2/19/2026 12:00:00 AM","HoraInicio":"13:20","HoraFin":"15:20","IDObra":12142002,"NombreObra":"casa blanca","IDClienteSAE":12142,"NombreCliente":"F \u0026 C CONSULTORIA Y CONSTRUCCION","IDUso":2,"NombreUso":"Cimentacion","IDProducto":491,"NombreProducto":"CONCRETO f\u0027c=200 Ag=20 Rev=14 A1 B","Remision":"M4/89212","CveCiudad":"MTY","NombreVendedor":"CESAR LUNA"},{"Id_Viaje":3040537,"IDPedido":583163,"CargaViaje":7,"IDPlanta":7,"NombrePlantaViaje":"M2-Escobedo","IDUnidad":136,"NombreUnidad":"CR-245","IDOperador":1680,"NombreOperador":"PAULO AMERICO","IDEstatusViaje":2,"NombreEstatus":"Entregado","FechaInicio":"2/19/2026 12:00:00 AM","HoraInicio":"07:30","HoraFin":"09:30","IDObra":8153040,"NombreObra":"VISTAS DEL PARQUE","IDClienteSAE":8153,"NombreCliente":"CONSTRUCTORA OBREGON FERNANDEZ","IDUso":8,"NombreUso":"Losa","IDProducto":491,"NombreProducto":"CONCRETO f\u0027c=200 Ag=20 Rev=14 A1 B","Remision":"M2/79959","CveCiudad":"MTY","NombreVendedor":"CESAR LUNA"},{"Id_Viaje":3040540,"IDPedido":583132,"CargaViaje":7,"IDPlanta":11,"NombrePlantaViaje":"M4-Centro","IDUnidad":376,"NombreUnidad":"CR-247","IDOperador":1466,"NombreOperador":"JOSE GUADALUPE ESMERALDA","IDEstatusViaje":2,"NombreEstatus":"Entregado","FechaInicio":"2/19/2026 12:00:00 AM","HoraInicio":"07:00","HoraFin":"09:00","IDObra":12241001,"NombreObra":"bodega cfe estacion y griega","IDClienteSAE":12241,"NombreCliente":"JEMAYEL","IDUso":50,"NombreUso":"Losa de Cimentación","IDProducto":2385,"NombreProducto":"CONCRETO f\u0027c=350 Ag=20. Rev=18 A1 B","Remision":"M4/89203","CveCiudad":"MTY","NombreVendedor":"ENRIQUE ALVAREZ"},{"Id_Viaje":3040542,"IDPedido":583132,"CargaViaje":7,"IDPlanta":11,"NombrePlantaViaje":"M4-Centro","IDUnidad":78,"NombreUnidad":"CR-062","IDOperador":1478,"NombreOperador":"VICTOR HUGO MARTINEZ","IDEstatusViaje":2,"NombreEstatus":"Entregado","FechaInicio":"2/19/2026 12:00:00 AM","HoraInicio":"07:10","HoraFin":"09:10","IDObra":12241001,"NombreObra":"bodega cfe estacion y griega","IDClienteSAE":12241,"NombreCliente":"JEMAYEL","IDUso":50,"NombreUso":"Losa de Cimentación","IDProducto":2385,"NombreProducto":"CONCRETO f\u0027c=350 Ag=20. Rev=18 A1 B","Remision":"M4/89205","CveCiudad":"MTY","NombreVendedor":"ENRIQUE ALVAREZ"},{"Id_Viaje":3040544,"IDPedido":583132,"CargaViaje":7,"IDPlanta":11,"NombrePlantaViaje":"M4-Centro","IDUnidad":173,"NombreUnidad":"CR-165","IDOperador":1758,"NombreOperador":"CESAR MICHEL CARREON","IDEstatusViaje":2,"NombreEstatus":"Entregado","FechaInicio":"2/19/2026 12:00:00 AM","HoraInicio":"07:20","HoraFin":"09:20","IDObra":12241001,"NombreObra":"bodega cfe estacion y griega","IDClienteSAE":12241,"NombreCliente":"JEMAYEL","IDUso":50,"NombreUso":"Losa de Cimentación","IDProducto":2385,"NombreProducto":"CONCRETO f\u0027c=350 Ag=20. Rev=18 A1 B","Remision":"M4/89206","CveCiudad":"MTY","NombreVendedor":"ENRIQUE ALVAREZ"},{"Id_Viaje":3040546,"IDPedido":583132,"CargaViaje":7,"IDPlanta":11,"NombrePlantaViaje":"M4-Centro","IDUnidad":210,"NombreUnidad":"CR-166","IDOperador":1198,"NombreOperador":"ALEJANDRO TREVIÑO","IDEstatusViaje":2,"NombreEstatus":"Entregado","FechaInicio":"2/19/2026 12:00:00 AM","HoraInicio":"07:30","HoraFin":"09:30","IDObra":12241001,"NombreObra":"bodega cfe estacion y griega","IDClienteSAE":12241,"NombreCliente":"JEMAYEL","IDUso":50,"NombreUso":"Losa de Cimentación","IDProducto":2385,"NombreProducto":"CONCRETO f\u0027c=350 Ag=20. Rev=18 A1 B","Remision":"M4/89210","CveCiudad":"MTY","NombreVendedor":"ENRIQUE ALVAREZ"},{"Id_Viaje":3040548,"IDPedido":583132,"CargaViaje":7,"IDPlanta":11,"NombrePlantaViaje":"M4-Centro","IDUnidad":214,"NombreUnidad":"CR-170","IDOperador":1722,"NombreOperador":"EDGAR JAVIER MARROQUIN","IDEstatusViaje":2,"NombreEstatus":"Entregado","FechaInicio":"2/19/2026 12:00:00 AM","HoraInicio":"07:40","HoraFin":"09:40","IDObra":12241001,"NombreObra":"bodega cfe estacion y griega","IDClienteSAE":12241,"NombreCliente":"JEMAYEL","IDUso":50,"NombreUso":"Losa de Cimentación","IDProducto":2385,"NombreProducto":"CONCRETO f\u0027c=350 Ag=20. Rev=18 A1 B","Remision":"M4/89214","CveCiudad":"MTY","NombreVendedor":"ENRIQUE ALVAREZ"},{"Id_Viaje":3040550,"IDPedido":583132,"CargaViaje":7,"IDPlanta":11,"NombrePlantaViaje":"M4-Centro","IDUnidad":213,"NombreUnidad":"CR-171","IDOperador":1610,"NombreOperador":"MOISES ISRAEL HERNANDEZ","IDEstatusViaje":2,"NombreEstatus":"Entregado","FechaInicio":"2/19/2026 12:00:00 AM","HoraInicio":"07:50","HoraFin":"09:50","IDObra":12241001,"NombreObra":"bodega cfe estacion y griega","IDClienteSAE":12241,"NombreCliente":"JEMAYEL","IDUso":50,"NombreUso":"Losa de Cimentación","IDProducto":2385,"NombreProducto":"CONCRETO f\u0027c=350 Ag=20. Rev=18 A1 B","Remision":"M4/89207","CveCiudad":"MTY","NombreVendedor":"ENRIQUE ALVAREZ"},{"Id_Viaje":3040557,"IDPedido":583165,"CargaViaje":5,"IDPlanta":7,"NombrePlantaViaje":"M2-Escobedo","IDUnidad":309,"NombreUnidad":"CR-117","IDOperador":1470,"NombreOperador":"ERICK BENJAMIN HERRERA","IDEstatusViaje":2,"NombreEstatus":"Entregado","FechaInicio":"2/19/2026 12:00:00 AM","HoraInicio":"08:00","HoraFin":"10:00","IDObra":8894025,"NombreObra":"cumbres platino","IDClienteSAE":8894,"NombreCliente":"ACRE PROMOTORA","IDUso":7,"NombreUso":"Firme","IDProducto":576,"NombreProducto":"CONCRETO f\u0027c=100 Ag=20 Rev=12 A1 D","Remision":"M2/79960","CveCiudad":"MTY","NombreVendedor":"SILVIA LOZANO"},{"Id_Viaje":3040559,"IDPedido":583165,"CargaViaje":5,"IDPlanta":7,"NombrePlantaViaje":"M2-Escobedo","IDUnidad":38,"NombreUnidad":"CR-120","IDOperador":1517,"NombreOperador":"JESUS ALBERTO SAUCEDA","IDEstatusViaje":2,"NombreEstatus":"Entregado","FechaInicio":"2/19/2026 12:00:00 AM","HoraInicio":"08:10","HoraFin":"10:10","IDObra":8894025,"NombreObra":"cumbres platino","IDClienteSAE":8894,"NombreCliente":"ACRE PROMOTORA","IDUso":7,"NombreUso":"Firme","IDProducto":576,"NombreProducto":"CONCRETO f\u0027c=100 Ag=20 Rev=12 A1 D","Remision":"M2/79961","CveCiudad":"MTY","NombreVendedor":"SILVIA LOZANO"},{"Id_Viaje":3040561,"IDPedido":583167,"CargaViaje":7,"IDPlanta":16,"NombrePlantaViaje":"M6-Juarez","IDUnidad":347,"NombreUnidad":"CR-099","IDOperador":1190,"NombreOperador":"SAUL GUAJARDO","IDEstatusViaje":2,"NombreEstatus":"Entregado","FechaInicio":"2/19/2026 12:00:00 AM","HoraInicio":"13:30","HoraFin":"15:30","IDObra":10475011,"NombreObra":"san juan","IDClienteSAE":10475,"NombreCliente":"PROMOTORA DE INMUEBLES LINDA VISTA","IDUso":64,"NombreUso":"Barda","IDProducto":599,"NombreProducto":"CONCRETO f\u0027c=250 Ag=20 Rev=12 A1 D","Remision":"M6/67146","CveCiudad":"MTY","NombreVendedor":"CASA PROGRAMACION"},{"Id_Viaje":3040563,"IDPedido":583164,"CargaViaje":7,"IDPlanta":13,"NombrePlantaViaje":"G1- VALLE DE LA MISERICORDIA","IDUnidad":317,"NombreUnidad":"CR-023","IDOperador":481,"NombreOperador":"[LIBRE] LIBRE","IDEstatusViaje":1,"NombreEstatus":"Despachado","FechaInicio":"2/19/2026 12:00:00 AM","HoraInicio":"08:00","HoraFin":"10:00","IDObra":2949006,"NombreObra":"BUGAMBILIA ESQ ORQUIDEA COLONIA AGRICOLA","IDClienteSAE":2949,"NombreCliente":"ESTUDIOS SISTEMAS Y CONSTRUCCIONES","IDUso":8,"NombreUso":"Losa","IDProducto":3279,"NombreProducto":"CONCRETO f\u0027c:200 Ag=10 Rev:10 A1 D","Remision":"G1/70707","CveCiudad":"GDL","NombreVendedor":"MIGUEL BAUTISTA"},{"Id_Viaje":3040575,"IDPedido":583166,"CargaViaje":7,"IDPlanta":13,"NombrePlantaViaje":"G1- VALLE DE LA MISERICORDIA","IDUnidad":316,"NombreUnidad":"CR-013","IDOperador":40,"NombreOperador":"JUAN PABLO ESCOBAR","IDEstatusViaje":1,"NombreEstatus":"Despachado","FechaInicio":"2/19/2026 12:00:00 AM","HoraInicio":"14:10","HoraFin":"16:10","IDObra":6248005,"NombreObra":"DEMOSTENES","IDClienteSAE":6248,"NombreCliente":"TEKTON GRUPO EMPRESARIAL","IDUso":9,"NombreUso":"Muro","IDProducto":11449,"NombreProducto":"CONCRETO f\u0027c=250 Ag=20 Rev=14 B 28","Remision":"G1/70710","CveCiudad":"GDL","NombreVendedor":"FEDERICO GARCIA"},{"Id_Viaje":3040577,"IDPedido":583166,"CargaViaje":7,"IDPlanta":13,"NombrePlantaViaje":"G1- VALLE DE LA MISERICORDIA","IDUnidad":191,"NombreUnidad":"CR-111","IDOperador":1635,"NombreOperador":"FERNANDO GIMENEZ","IDEstatusViaje":1,"NombreEstatus":"Despachado","FechaInicio":"2/19/2026 12:00:00 AM","HoraInicio":"14:20","HoraFin":"16:20","IDObra":6248005,"NombreObra":"DEMOSTENES","IDClienteSAE":6248,"NombreCliente":"TEKTON GRUPO EMPRESARIAL","IDUso":9,"NombreUso":"Muro","IDProducto":11449,"NombreProducto":"CONCRETO f\u0027c=250 Ag=20 Rev=14 B 28","Remision":"G1/70711","CveCiudad":"GDL","NombreVendedor":"FEDERICO GARCIA"},{"Id_Viaje":3040581,"IDPedido":583121,"CargaViaje":6,"IDPlanta":7,"NombrePlantaViaje":"M2-Escobedo","IDUnidad":375,"NombreUnidad":"CR-121","IDOperador":78,"NombreOperador":"CARLOS ALBERTO VILLARREAL","IDEstatusViaje":2,"NombreEstatus":"Entregado","FechaInicio":"2/19/2026 12:00:00 AM","HoraInicio":"13:30","HoraFin":"15:30","IDObra":1534016,"NombreObra":"PLANTA MOYEDA","IDClienteSAE":1534,"NombreCliente":"CONSTRUCTORA MOYEDA","IDUso":14,"NombreUso":"Viga","IDProducto":11985,"NombreProducto":"CONCRETO f\u0027c=450 Ag20 Rv22B8036 Grn CTem Ceniza25","Remision":"M2/79967","CveCiudad":"MTY","NombreVendedor":"CASA PROGRAMACION"},{"Id_Viaje":3040583,"IDPedido":583121,"CargaViaje":6,"IDPlanta":7,"NombrePlantaViaje":"M2-Escobedo","IDUnidad":374,"NombreUnidad":"CR-189","IDOperador":1444,"NombreOperador":"HUMBERTO GONZALEZ","IDEstatusViaje":2,"NombreEstatus":"Entregado","FechaInicio":"2/19/2026 12:00:00 AM","HoraInicio":"13:40","HoraFin":"15:40","IDObra":1534016,"NombreObra":"PLANTA MOYEDA","IDClienteSAE":1534,"NombreCliente":"CONSTRUCTORA MOYEDA","IDUso":14,"NombreUso":"Viga","IDProducto":11985,"NombreProducto":"CONCRETO f\u0027c=450 Ag20 Rv22B8036 Grn CTem Ceniza25","Remision":"M2/79968","CveCiudad":"MTY","NombreVendedor":"CASA PROGRAMACION"},{"Id_Viaje":3040585,"IDPedido":583121,"CargaViaje":6,"IDPlanta":7,"NombrePlantaViaje":"M2-Escobedo","IDUnidad":369,"NombreUnidad":"CR-199","IDOperador":1444,"NombreOperador":"HUMBERTO GONZALEZ","IDEstatusViaje":2,"NombreEstatus":"Entregado","FechaInicio":"2/19/2026 12:00:00 AM","HoraInicio":"13:50","HoraFin":"15:50","IDObra":1534016,"NombreObra":"PLANTA MOYEDA","IDClienteSAE":1534,"NombreCliente":"CONSTRUCTORA MOYEDA","IDUso":14,"NombreUso":"Viga","IDProducto":11985,"NombreProducto":"CONCRETO f\u0027c=450 Ag20 Rv22B8036 Grn CTem Ceniza25","Remision":"M2/79969","CveCiudad":"MTY","NombreVendedor":"CASA PROGRAMACION"},{"Id_Viaje":3040587,"IDPedido":583121,"CargaViaje":7,"IDPlanta":7,"NombrePlantaViaje":"M2-Escobedo","IDUnidad":370,"NombreUnidad":"CR-203","IDOperador":644,"NombreOperador":"ALEJANDRO QUEZADA","IDEstatusViaje":2,"NombreEstatus":"Entregado","FechaInicio":"2/19/2026 12:00:00 AM","HoraInicio":"14:00","HoraFin":"16:00","IDObra":1534016,"NombreObra":"PLANTA MOYEDA","IDClienteSAE":1534,"NombreCliente":"CONSTRUCTORA MOYEDA","IDUso":14,"NombreUso":"Viga","IDProducto":11985,"NombreProducto":"CONCRETO f\u0027c=450 Ag20 Rv22B8036 Grn CTem Ceniza25","Remision":"M2/79971","CveCiudad":"MTY","NombreVendedor":"CASA PROGRAMACION"},{"Id_Viaje":3040589,"IDPedido":583121,"CargaViaje":6,"IDPlanta":7,"NombrePlantaViaje":"M2-Escobedo","IDUnidad":339,"NombreUnidad":"CR- 243","IDOperador":1552,"NombreOperador":"JOSE ISAIAS ROCHA","IDEstatusViaje":2,"NombreEstatus":"Entregado","FechaInicio":"2/19/2026 12:00:00 AM","HoraInicio":"14:10","HoraFin":"16:10","IDObra":1534016,"NombreObra":"PLANTA MOYEDA","IDClienteSAE":1534,"NombreCliente":"CONSTRUCTORA MOYEDA","IDUso":14,"NombreUso":"Viga","IDProducto":11985,"NombreProducto":"CONCRETO f\u0027c=450 Ag20 Rv22B8036 Grn CTem Ceniza25","Remision":"M2/79970","CveCiudad":"MTY","NombreVendedor":"CASA PROGRAMACION"},{"Id_Viaje":3040600,"IDPedido":583169,"CargaViaje":7,"IDPlanta":31,"NombrePlantaViaje":"G3-Tlajomulco","IDUnidad":85,"NombreUnidad":"CR-110","IDOperador":735,"NombreOperador":"J NICOLAS FRANCO","IDEstatusViaje":1,"NombreEstatus":"Despachado","FechaInicio":"2/19/2026 12:00:00 AM","HoraInicio":"09:30","HoraFin":"11:30","IDObra":4250010,"NombreObra":"acatlan 2","IDClienteSAE":4250,"NombreCliente":"CONSTRUCTORA SOLURG","IDUso":60,"NombreUso":"Machuelo","IDProducto":2646,"NombreProducto":"CONCRETO f\u0027c:150 Ag=10 Rev:10 A1 D","Remision":"G3/49921","CveCiudad":"GDL","NombreVendedor":"RODOLFO ARREDONDO"},{"Id_Viaje":3040616,"IDPedido":583168,"CargaViaje":7,"IDPlanta":13,"NombrePlantaViaje":"G1- VALLE DE LA MISERICORDIA","IDUnidad":316,"NombreUnidad":"CR-013","IDOperador":40,"NombreOperador":"JUAN PABLO ESCOBAR","IDEstatusViaje":1,"NombreEstatus":"Despachado","FechaInicio":"2/19/2026 12:00:00 AM","HoraInicio":"09:00","HoraFin":"11:00","IDObra":4166034,"NombreObra":"Av. Camino Real a Colima \u0026 Av. Ramon Corona 45645 San Agustín Jal.","IDClienteSAE":4166,"NombreCliente":"TRIPOLI EMULSIONES","IDUso":8,"NombreUso":"Losa","IDProducto":3544,"NombreProducto":"CONCRETO f´c:250 Ag=10 Rev:10 A1 D R3","Remision":"G1/70708","CveCiudad":"GDL","NombreVendedor":"FEDERICO GARCIA"},{"Id_Viaje":3040628,"IDPedido":583170,"CargaViaje":7,"IDPlanta":11,"NombrePlantaViaje":"M4-Centro","IDUnidad":212,"NombreUnidad":"CR-172","IDOperador":1741,"NombreOperador":"YAUDEL VILLAMONTE","IDEstatusViaje":2,"NombreEstatus":"Entregado","FechaInicio":"2/19/2026 12:00:00 AM","HoraInicio":"00:00","HoraFin":"02:00","IDObra":10580001,"NombreObra":"catehua","IDClienteSAE":10580,"NombreCliente":"LEMURA VIVIENDA","IDUso":8,"NombreUso":"Losa","IDProducto":1557,"NombreProducto":"CONCRETO f\u0027c=250 Ag=20 Rev=18 A1 B","Remision":"M4/89200","CveCiudad":"MTY","NombreVendedor":"BLANCA P. GARZA"},{"Id_Viaje":3040635,"IDPedido":583171,"CargaViaje":7,"IDPlanta":34,"NombrePlantaViaje":"A2-San Francisco","IDUnidad":122,"NombreUnidad":"CR-043-","IDOperador":1067,"NombreOperador":"JUAN HUMBERTO MARQUEZ","IDEstatusViaje":1,"NombreEstatus":"Despachado","FechaInicio":"2/19/2026 12:00:00 AM","HoraInicio":"06:00","HoraFin":"08:00","IDObra":4997001,"NombreObra":"PEPSICO","IDClienteSAE":4997,"NombreCliente":"LAMAK INSTALACIONES","IDUso":25,"NombreUso":"Pavimento","IDProducto":2606,"NombreProducto":"CONCRETO MR=42 Ag=40 Rev 10 R7 D","Remision":"A2/41644","CveCiudad":"AGS","NombreVendedor":"CASA CASA"},{"Id_Viaje":3040637,"IDPedido":583171,"CargaViaje":7,"IDPlanta":34,"NombrePlantaViaje":"A2-San Francisco","IDUnidad":350,"NombreUnidad":"CR-047","IDOperador":1076,"NombreOperador":"EZEQUIEL SANDOVAL","IDEstatusViaje":1,"NombreEstatus":"Despachado","FechaInicio":"2/19/2026 12:00:00 AM","HoraInicio":"06:10","HoraFin":"08:10","IDObra":4997001,"NombreObra":"PEPSICO","IDClienteSAE":4997,"NombreCliente":"LAMAK INSTALACIONES","IDUso":25,"NombreUso":"Pavimento","IDProducto":2606,"NombreProducto":"CONCRETO MR=42 Ag=40 Rev 10 R7 D","Remision":"A2/41646","CveCiudad":"AGS","NombreVendedor":"CASA CASA"},{"Id_Viaje":3040639,"IDPedido":583171,"CargaViaje":7,"IDPlanta":34,"NombrePlantaViaje":"A2-San Francisco","IDUnidad":48,"NombreUnidad":"CR-063 ZRB","IDOperador":1500,"NombreOperador":"RICARDO CHAVEZ","IDEstatusViaje":1,"NombreEstatus":"Despachado","FechaInicio":"2/19/2026 12:00:00 AM","HoraInicio":"06:20","HoraFin":"08:20","IDObra":4997001,"NombreObra":"PEPSICO","IDClienteSAE":4997,"NombreCliente":"LAMAK INSTALACIONES","IDUso":25,"NombreUso":"Pavimento","IDProducto":2606,"NombreProducto":"CONCRETO MR=42 Ag=40 Rev 10 R7 D","Remision":"A2/41647","CveCiudad":"AGS","NombreVendedor":"CASA CASA"},{"Id_Viaje":3040641,"IDPedido":583171,"CargaViaje":7,"IDPlanta":34,"NombrePlantaViaje":"A2-San Francisco","IDUnidad":108,"NombreUnidad":"CR-098 2RD","IDOperador":1503,"NombreOperador":"ALBERTO HERNANDEZ","IDEstatusViaje":1,"NombreEstatus":"Despachado","FechaInicio":"2/19/2026 12:00:00 AM","HoraInicio":"06:30","HoraFin":"08:30","IDObra":4997001,"NombreObra":"PEPSICO","IDClienteSAE":4997,"NombreCliente":"LAMAK INSTALACIONES","IDUso":25,"NombreUso":"Pavimento","IDProducto":2606,"NombreProducto":"CONCRETO MR=42 Ag=40 Rev 10 R7 D","Remision":"A2/41648","CveCiudad":"AGS","NombreVendedor":"CASA CASA"},{"Id_Viaje":3040643,"IDPedido":583171,"CargaViaje":7,"IDPlanta":34,"NombrePlantaViaje":"A2-San Francisco","IDUnidad":113,"NombreUnidad":"CR-140 CRE","IDOperador":1501,"NombreOperador":"ANTONIO NAVARRO","IDEstatusViaje":1,"NombreEstatus":"Despachado","FechaInicio":"2/19/2026 12:00:00 AM","HoraInicio":"06:40","HoraFin":"08:40","IDObra":4997001,"NombreObra":"PEPSICO","IDClienteSAE":4997,"NombreCliente":"LAMAK INSTALACIONES","IDUso":25,"NombreUso":"Pavimento","IDProducto":2606,"NombreProducto":"CONCRETO MR=42 Ag=40 Rev 10 R7 D","Remision":"A2/41650","CveCiudad":"AGS","NombreVendedor":"CASA CASA"},{"Id_Viaje":3040645,"IDPedido":583171,"CargaViaje":7,"IDPlanta":34,"NombrePlantaViaje":"A2-San Francisco","IDUnidad":112,"NombreUnidad":"CR-154 TRE","IDOperador":1504,"NombreOperador":"HUGO MEDINA","IDEstatusViaje":1,"NombreEstatus":"Despachado","FechaInicio":"2/19/2026 12:00:00 AM","HoraInicio":"06:50","HoraFin":"08:50","IDObra":4997001,"NombreObra":"PEPSICO","IDClienteSAE":4997,"NombreCliente":"LAMAK INSTALACIONES","IDUso":25,"NombreUso":"Pavimento","IDProducto":2606,"NombreProducto":"CONCRETO MR=42 Ag=40 Rev 10 R7 D","Remision":"A2/41651","CveCiudad":"AGS","NombreVendedor":"CASA CASA"},{"Id_Viaje":3040647,"IDPedido":583171,"CargaViaje":7,"IDPlanta":34,"NombrePlantaViaje":"A2-San Francisco","IDUnidad":328,"NombreUnidad":"CR-178","IDOperador":916,"NombreOperador":"CESAR DIAZ DE LEON","IDEstatusViaje":1,"NombreEstatus":"Despachado","FechaInicio":"2/19/2026 12:00:00 AM","HoraInicio":"07:00","HoraFin":"09:00","IDObra":4997001,"NombreObra":"PEPSICO","IDClienteSAE":4997,"NombreCliente":"LAMAK INSTALACIONES","IDUso":25,"NombreUso":"Pavimento","IDProducto":2606,"NombreProducto":"CONCRETO MR=42 Ag=40 Rev 10 R7 D","Remision":"A2/41654","CveCiudad":"AGS","NombreVendedor":"CASA CASA"},{"Id_Viaje":3040649,"IDPedido":583171,"CargaViaje":7,"IDPlanta":34,"NombrePlantaViaje":"A2-San Francisco","IDUnidad":327,"NombreUnidad":"CR-201 9RG","IDOperador":1502,"NombreOperador":"JUAN FELIPE MARENTES","IDEstatusViaje":1,"NombreEstatus":"Despachado","FechaInicio":"2/19/2026 12:00:00 AM","HoraInicio":"07:10","HoraFin":"09:10","IDObra":4997001,"NombreObra":"PEPSICO","IDClienteSAE":4997,"NombreCliente":"LAMAK INSTALACIONES","IDUso":25,"NombreUso":"Pavimento","IDProducto":2606,"NombreProducto":"CONCRETO MR=42 Ag=40 Rev 10 R7 D","Remision":"A2/41655","CveCiudad":"AGS","NombreVendedor":"CASA CASA"},{"Id_Viaje":3040651,"IDPedido":583171,"CargaViaje":7,"IDPlanta":34,"NombrePlantaViaje":"A2-San Francisco","IDUnidad":107,"NombreUnidad":"CR-050","IDOperador":677,"NombreOperador":"EDMUNDO DE LOERA","IDEstatusViaje":1,"NombreEstatus":"Despachado","FechaInicio":"2/19/2026 12:00:00 AM","HoraInicio":"05:00","HoraFin":"07:00","IDObra":4997001,"NombreObra":"PEPSICO","IDClienteSAE":4997,"NombreCliente":"LAMAK INSTALACIONES","IDUso":25,"NombreUso":"Pavimento","IDProducto":2606,"NombreProducto":"CONCRETO MR=42 Ag=40 Rev 10 R7 D","Remision":"A2/41642","CveCiudad":"AGS","NombreVendedor":"CASA CASA"},{"Id_Viaje":3040653,"IDPedido":583171,"CargaViaje":7,"IDPlanta":34,"NombrePlantaViaje":"A2-San Francisco","IDUnidad":116,"NombreUnidad":"CR-098","IDOperador":44,"NombreOperador":"ALBERTO HERRERA","IDEstatusViaje":1,"NombreEstatus":"Despachado","FechaInicio":"2/19/2026 12:00:00 AM","HoraInicio":"05:10","HoraFin":"07:10","IDObra":4997001,"NombreObra":"PEPSICO","IDClienteSAE":4997,"NombreCliente":"LAMAK INSTALACIONES","IDUso":25,"NombreUso":"Pavimento","IDProducto":2606,"NombreProducto":"CONCRETO MR=42 Ag=40 Rev 10 R7 D","Remision":"A2/41643","CveCiudad":"AGS","NombreVendedor":"CASA CASA"},{"Id_Viaje":3040655,"IDPedido":583182,"CargaViaje":7,"IDPlanta":36,"NombrePlantaViaje":"Q1-Apaseo","IDUnidad":104,"NombreUnidad":"CR-024","IDOperador":1524,"NombreOperador":"ALEJANDRO VALLEJO","IDEstatusViaje":2,"NombreEstatus":"Entregado","FechaInicio":"2/19/2026 12:00:00 AM","HoraInicio":"07:00","HoraFin":"09:00","IDObra":1394001,"NombreObra":"ZIBATA","IDClienteSAE":1394,"NombreCliente":"ERNESTO CANO CASAS","IDUso":2,"NombreUso":"Cimentacion","IDProducto":4351,"NombreProducto":"CONCRETO f\u0027c=200 Ag=20 Rev=10 D 28","Remision":"Q1/11556","CveCiudad":"QRO","NombreVendedor":"MIGUEL ANGEL GUTIERREZ"},{"Id_Viaje":3040657,"IDPedido":583182,"CargaViaje":7,"IDPlanta":36,"NombrePlantaViaje":"Q1-Apaseo","IDUnidad":266,"NombreUnidad":"CR-136","IDOperador":1585,"NombreOperador":"CARLOS ANTONIO VILLALVA","IDEstatusViaje":2,"NombreEstatus":"Entregado","FechaInicio":"2/19/2026 12:00:00 AM","HoraInicio":"07:10","HoraFin":"09:10","IDObra":1394001,"NombreObra":"ZIBATA","IDClienteSAE":1394,"NombreCliente":"ERNESTO CANO CASAS","IDUso":2,"NombreUso":"Cimentacion","IDProducto":4351,"NombreProducto":"CONCRETO f\u0027c=200 Ag=20 Rev=10 D 28","Remision":"Q1/11557","CveCiudad":"QRO","NombreVendedor":"MIGUEL ANGEL GUTIERREZ"},{"Id_Viaje":3040659,"IDPedido":583182,"CargaViaje":6,"IDPlanta":36,"NombrePlantaViaje":"Q1-Apaseo","IDUnidad":268,"NombreUnidad":"CR-137","IDOperador":1684,"NombreOperador":"BENJAMIN ROMAN","IDEstatusViaje":2,"NombreEstatus":"Entregado","FechaInicio":"2/19/2026 12:00:00 AM","HoraInicio":"07:20","HoraFin":"09:20","IDObra":1394001,"NombreObra":"ZIBATA","IDClienteSAE":1394,"NombreCliente":"ERNESTO CANO CASAS","IDUso":2,"NombreUso":"Cimentacion","IDProducto":4351,"NombreProducto":"CONCRETO f\u0027c=200 Ag=20 Rev=10 D 28","Remision":"Q1/11559","CveCiudad":"QRO","NombreVendedor":"MIGUEL ANGEL GUTIERREZ"},{"Id_Viaje":3040661,"IDPedido":583172,"CargaViaje":6,"IDPlanta":20,"NombrePlantaViaje":"A1-Ojo Caliente","IDUnidad":295,"NombreUnidad":"CR-065","IDOperador":675,"NombreOperador":"JUAN ANTONIO HERRERA","IDEstatusViaje":1,"NombreEstatus":"Despachado","FechaInicio":"2/19/2026 12:00:00 AM","HoraInicio":"06:30","HoraFin":"08:30","IDObra":4964002,"NombreObra":"BOSQUES PROVIDENCIA","IDClienteSAE":4964,"NombreCliente":"CONSTRUCTORA SAN JOSE PREMIER","IDUso":8,"NombreUso":"Losa","IDProducto":1160,"NombreProducto":"CONCRETO f\u0027c:200 Ag=20 Rev:14 R3 B","Remision":"A1/96529","CveCiudad":"AGS","NombreVendedor":"HECTOR VILLANUEVA"},{"Id_Viaje":3040663,"IDPedido":583183,"CargaViaje":5,"IDPlanta":36,"NombrePlantaViaje":"Q1-Apaseo","IDUnidad":383,"NombreUnidad":"CR-188","IDOperador":1655,"NombreOperador":"CARLOS ALARCÓN","IDEstatusViaje":2,"NombreEstatus":"Entregado","FechaInicio":"2/19/2026 12:00:00 AM","HoraInicio":"07:00","HoraFin":"09:00","IDObra":945010,"NombreObra":"PARQUE IND. CALAMANDA NEVADON","IDClienteSAE":945,"NombreCliente":"VAAR DISEÑO Y CONSTRUCCIONES","IDUso":13,"NombreUso":"Trabes","IDProducto":12108,"NombreProducto":"Concreto f´c=200 ag=10 rev=14 D 28","Remision":"Q1/11558","CveCiudad":"QRO","NombreVendedor":"MIGUEL ANGEL GUTIERREZ"},{"Id_Viaje":3040665,"IDPedido":583184,"CargaViaje":7,"IDPlanta":30,"NombrePlantaViaje":"P1-Coronango","IDUnidad":199,"NombreUnidad":"CR-162","IDOperador":1005,"NombreOperador":"DAVID FLORES","IDEstatusViaje":1,"NombreEstatus":"Despachado","FechaInicio":"2/19/2026 12:00:00 AM","HoraInicio":"07:00","HoraFin":"09:00","IDObra":1491002,"NombreObra":"UPAEP 3","IDClienteSAE":1491,"NombreCliente":"GRUPO CONSTRUCTOR MATEOS CABRERA","IDUso":3,"NombreUso":"Columnas","IDProducto":11948,"NombreProducto":"CONCRETO f\u0027c=300 Ag=10 Rev=14 B 28","Remision":"P1/38603","CveCiudad":"PUE","NombreVendedor":"VENDEDOR PUEBLA ."},{"Id_Viaje":3040667,"IDPedido":583185,"CargaViaje":7,"IDPlanta":30,"NombrePlantaViaje":"P1-Coronango","IDUnidad":200,"NombreUnidad":"CR-163","IDOperador":1186,"NombreOperador":"AARON GUTIERREZ","IDEstatusViaje":1,"NombreEstatus":"Despachado","FechaInicio":"2/19/2026 12:00:00 AM","HoraInicio":"07:00","HoraFin":"09:00","IDObra":1491002,"NombreObra":"UPAEP 3","IDClienteSAE":1491,"NombreCliente":"GRUPO CONSTRUCTOR MATEOS CABRERA","IDUso":9,"NombreUso":"Muro","IDProducto":10839,"NombreProducto":"CONCRETO f\u0027c=300 Ag=10 Rev=18 B 28","Remision":"P1/38604","CveCiudad":"PUE","NombreVendedor":"VENDEDOR PUEBLA ."},{"Id_Viaje":3040669,"IDPedido":583181,"CargaViaje":7,"IDPlanta":34,"NombrePlantaViaje":"A2-San Francisco","IDUnidad":329,"NombreUnidad":"CR-179","IDOperador":790,"NombreOperador":"JOSE RAUL DE LEON","IDEstatusViaje":1,"NombreEstatus":"Despachado","FechaInicio":"2/19/2026 12:00:00 AM","HoraInicio":"05:20","HoraFin":"07:20","IDObra":4713001,"NombreObra":"PARQUE SAN FRANCISCO","IDClienteSAE":4713,"NombreCliente":"CONSTRUCCIONES PROFESIONALES HALO DIM","IDUso":25,"NombreUso":"Pavimento","IDProducto":10760,"NombreProducto":"CONCRETO MR=42 Ag=40 Rev=10 D 28","Remision":"A2/41645","CveCiudad":"AGS","NombreVendedor":"CASA CASA"},{"Id_Viaje":3040671,"IDPedido":583174,"CargaViaje":7,"IDPlanta":20,"NombrePlantaViaje":"A1-Ojo Caliente","IDUnidad":122,"NombreUnidad":"CR-043-","IDOperador":1067,"NombreOperador":"JUAN HUMBERTO MARQUEZ","IDEstatusViaje":1,"NombreEstatus":"Despachado","FechaInicio":"2/19/2026 12:00:00 AM","HoraInicio":"00:00","HoraFin":"02:00","IDObra":2346015,"NombreObra":"DIF AGOSTADERO","IDClienteSAE":2346,"NombreCliente":"CONSTRUCTORA CALVILLO","IDUso":25,"NombreUso":"Pavimento","IDProducto":10760,"NombreProducto":"CONCRETO MR=42 Ag=40 Rev=10 D 28","Remision":"A1/96530","CveCiudad":"AGS","NombreVendedor":"HECTOR VILLANUEVA"},{"Id_Viaje":3040671,"IDPedido":583174,"CargaViaje":7,"IDPlanta":20,"NombrePlantaViaje":"A1-Ojo Caliente","IDUnidad":122,"NombreUnidad":"CR-043-","IDOperador":1067,"NombreOperador":"JUAN HUMBERTO MARQUEZ","IDEstatusViaje":1,"NombreEstatus":"Despachado","FechaInicio":"2/19/2026 12:00:00 AM","HoraInicio":"00:00","HoraFin":"02:00","IDObra":2346015,"NombreObra":"DIF AGOSTADERO","IDClienteSAE":2346,"NombreCliente":"CONSTRUCTORA CALVILLO","IDUso":25,"NombreUso":"Pavimento","IDProducto":10760,"NombreProducto":"CONCRETO MR=42 Ag=40 Rev=10 D 28","Remision":"A1/96530","CveCiudad":"AGS","NombreVendedor":"HECTOR VILLANUEVA"},{"Id_Viaje":3040673,"IDPedido":583174,"CargaViaje":2,"IDPlanta":20,"NombrePlantaViaje":"A1-Ojo Caliente","IDUnidad":350,"NombreUnidad":"CR-047","IDOperador":1076,"NombreOperador":"EZEQUIEL SANDOVAL","IDEstatusViaje":1,"NombreEstatus":"Despachado","FechaInicio":"2/19/2026 12:00:00 AM","HoraInicio":"00:10","HoraFin":"02:10","IDObra":2346015,"NombreObra":"DIF AGOSTADERO","IDClienteSAE":2346,"NombreCliente":"CONSTRUCTORA CALVILLO","IDUso":25,"NombreUso":"Pavimento","IDProducto":10760,"NombreProducto":"CONCRETO MR=42 Ag=40 Rev=10 D 28","Remision":"A1/96534","CveCiudad":"AGS","NombreVendedor":"HECTOR VILLANUEVA"},{"Id_Viaje":3040673,"IDPedido":583174,"CargaViaje":2,"IDPlanta":20,"NombrePlantaViaje":"A1-Ojo Caliente","IDUnidad":350,"NombreUnidad":"CR-047","IDOperador":1076,"NombreOperador":"EZEQUIEL SANDOVAL","IDEstatusViaje":1,"NombreEstatus":"Despachado","FechaInicio":"2/19/2026 12:00:00 AM","HoraInicio":"00:10","HoraFin":"02:10","IDObra":2346015,"NombreObra":"DIF AGOSTADERO","IDClienteSAE":2346,"NombreCliente":"CONSTRUCTORA CALVILLO","IDUso":25,"NombreUso":"Pavimento","IDProducto":10760,"NombreProducto":"CONCRETO MR=42 Ag=40 Rev=10 D 28","Remision":"A1/96534","CveCiudad":"AGS","NombreVendedor":"HECTOR VILLANUEVA"},{"Id_Viaje":3040675,"IDPedido":583186,"CargaViaje":5,"IDPlanta":30,"NombrePlantaViaje":"P1-Coronango","IDUnidad":201,"NombreUnidad":"CR-164","IDOperador":1014,"NombreOperador":"NAHUM ROMERO","IDEstatusViaje":1,"NombreEstatus":"Despachado","FechaInicio":"2/19/2026 12:00:00 AM","HoraInicio":"07:00","HoraFin":"09:00","IDObra":845011,"NombreObra":"fracc platiniO","IDClienteSAE":845,"NombreCliente":"GRUPO BRECASA","IDUso":21,"NombreUso":"Castillos","IDProducto":11315,"NombreProducto":"CONCRETO f\u0027c=200 Ag=10 Rev=14 D 28","Remision":"P1/38605","CveCiudad":"PUE","NombreVendedor":"VENDEDOR PUEBLA ."},{"Id_Viaje":3040677,"IDPedido":583173,"CargaViaje":3,"IDPlanta":20,"NombrePlantaViaje":"A1-Ojo Caliente","IDUnidad":115,"NombreUnidad":"CR-069","IDOperador":209,"NombreOperador":"MARCO DE LEON","IDEstatusViaje":1,"NombreEstatus":"Despachado","FechaInicio":"2/19/2026 12:00:00 AM","HoraInicio":"06:40","HoraFin":"08:40","IDObra":4071001,"NombreObra":"colinas de san patricio","IDClienteSAE":4071,"NombreCliente":"SERVICIOS DE VIVIENDA","IDUso":8,"NombreUso":"Losa","IDProducto":1014,"NombreProducto":"CONCRETO f\u0027c:200 Ag=20. Rev: 10 A1 D","Remision":"A1/96531","CveCiudad":"AGS","NombreVendedor":"CASA CASA"},{"Id_Viaje":3040679,"IDPedido":583187,"CargaViaje":3,"IDPlanta":23,"NombrePlantaViaje":"L1-Leon","IDUnidad":165,"NombreUnidad":"CR-207 FRG","IDOperador":1634,"NombreOperador":"JOSE GUADALUPE POZOS","IDEstatusViaje":1,"NombreEstatus":"Despachado","FechaInicio":"2/19/2026 12:00:00 AM","HoraInicio":"08:00","HoraFin":"10:00","IDObra":1004013,"NombreObra":"sacromonte 7","IDClienteSAE":1004,"NombreCliente":"INMOBILIARIA GESTORIA Y ASESORIA","IDUso":1,"NombreUso":"Banqueta","IDProducto":1217,"NombreProducto":"CONCRETO f\u0027c:150 Ag=20 Rev:10 A1 D","Remision":"L1/41054","CveCiudad":"LEON","NombreVendedor":"OFICINA MATRIZ"},{"Id_Viaje":3040681,"IDPedido":583175,"CargaViaje":6,"IDPlanta":20,"NombrePlantaViaje":"A1-Ojo Caliente","IDUnidad":101,"NombreUnidad":"CR-071","IDOperador":45,"NombreOperador":"BRANDON ESTRADA","IDEstatusViaje":1,"NombreEstatus":"Despachado","FechaInicio":"2/19/2026 12:00:00 AM","HoraInicio":"07:40","HoraFin":"09:40","IDObra":4674005,"NombreObra":"BODEGA MERCADO LIBRE","IDClienteSAE":4674,"NombreCliente":"ASPE Y ASOCIADOS","IDUso":15,"NombreUso":"Zapatas","IDProducto":2546,"NombreProducto":"CONCRETO f\u0027c:250 Ag=20 Rev:10 A1 D","Remision":"A1/96532","CveCiudad":"AGS","NombreVendedor":"HECTOR VILLANUEVA"},{"Id_Viaje":3040683,"IDPedido":583189,"CargaViaje":7,"IDPlanta":23,"NombrePlantaViaje":"L1-Leon","IDUnidad":292,"NombreUnidad":"CR-210 JRG","IDOperador":1609,"NombreOperador":"ANDRES GONZALEZ","IDEstatusViaje":1,"NombreEstatus":"Despachado","FechaInicio":"2/19/2026 12:00:00 AM","HoraInicio":"08:00","HoraFin":"10:00","IDObra":2967005,"NombreObra":"CASTORES;JOSE MARIA MORELOS","IDClienteSAE":2967,"NombreCliente":"ARQUIA","IDUso":7,"NombreUso":"Firme","IDProducto":2934,"NombreProducto":"CONCRETO MR=45 Ag=40 Rev 10 R3 D","Remision":"L1/41055","CveCiudad":"LEON","NombreVendedor":"OFICINA MATRIZ"},{"Id_Viaje":3040685,"IDPedido":583189,"CargaViaje":7,"IDPlanta":23,"NombrePlantaViaje":"L1-Leon","IDUnidad":353,"NombreUnidad":"CR-221 XRG","IDOperador":1624,"NombreOperador":"JUAN VICTOR PEREZ","IDEstatusViaje":1,"NombreEstatus":"Despachado","FechaInicio":"2/19/2026 12:00:00 AM","HoraInicio":"08:10","HoraFin":"10:10","IDObra":2967005,"NombreObra":"CASTORES;JOSE MARIA MORELOS","IDClienteSAE":2967,"NombreCliente":"ARQUIA","IDUso":7,"NombreUso":"Firme","IDProducto":2934,"NombreProducto":"CONCRETO MR=45 Ag=40 Rev 10 R3 D","Remision":"L1/41056","CveCiudad":"LEON","NombreVendedor":"OFICINA MATRIZ"},{"Id_Viaje":3040687,"IDPedido":583192,"CargaViaje":6,"IDPlanta":30,"NombrePlantaViaje":"P1-Coronango","IDUnidad":249,"NombreUnidad":"CR-175","IDOperador":1009,"NombreOperador":"ALBERTO CORTEZ","IDEstatusViaje":1,"NombreEstatus":"Despachado","FechaInicio":"2/19/2026 12:00:00 AM","HoraInicio":"07:30","HoraFin":"09:30","IDObra":1847001,"NombreObra":"CBTIS 300","IDClienteSAE":1847,"NombreCliente":"ESPECIALISTAS EN ACABADOS PROFESIONALES","IDUso":7,"NombreUso":"Firme","IDProducto":11315,"NombreProducto":"CONCRETO f\u0027c=200 Ag=10 Rev=14 D 28","Remision":"P1/38606","CveCiudad":"PUE","NombreVendedor":"GUADALUPE HERNANDEZ"},{"Id_Viaje":3040689,"IDPedido":583176,"CargaViaje":3.5,"IDPlanta":20,"NombrePlantaViaje":"A1-Ojo Caliente","IDUnidad":109,"NombreUnidad":"CR-106","IDOperador":49,"NombreOperador":"ANTONIO RAMIREZ","IDEstatusViaje":1,"NombreEstatus":"Despachado","FechaInicio":"2/19/2026 12:00:00 AM","HoraInicio":"07:50","HoraFin":"09:50","IDObra":2820040,"NombreObra":"HEROE INMORTAL","IDClienteSAE":2820,"NombreCliente":"URBANIZACIONES ARGU","IDUso":1,"NombreUso":"Banqueta","IDProducto":1014,"NombreProducto":"CONCRETO f\u0027c:200 Ag=20. Rev: 10 A1 D","Remision":"A1/96533","CveCiudad":"AGS","NombreVendedor":"CASA CASA"},{"Id_Viaje":3040691,"IDPedido":583193,"CargaViaje":6,"IDPlanta":30,"NombrePlantaViaje":"P1-Coronango","IDUnidad":250,"NombreUnidad":"CR-180","IDOperador":1011,"NombreOperador":"ALBERTO JESUS ALVAREZ","IDEstatusViaje":1,"NombreEstatus":"Despachado","FechaInicio":"2/19/2026 12:00:00 AM","HoraInicio":"08:00","HoraFin":"10:00","IDObra":845011,"NombreObra":"fracc platiniO","IDClienteSAE":845,"NombreCliente":"GRUPO BRECASA","IDUso":8,"NombreUso":"Losa","IDProducto":11089,"NombreProducto":"CONCRETO f\u0027c=200 Ag=10 Rev=14 B 28","Remision":"P1/38607","CveCiudad":"PUE","NombreVendedor":"VENDEDOR PUEBLA ."},{"Id_Viaje":3040693,"IDPedido":583193,"CargaViaje":6,"IDPlanta":30,"NombrePlantaViaje":"P1-Coronango","IDUnidad":251,"NombreUnidad":"CR-183","IDOperador":1209,"NombreOperador":"IVAN RAMOS","IDEstatusViaje":1,"NombreEstatus":"Despachado","FechaInicio":"2/19/2026 12:00:00 AM","HoraInicio":"08:10","HoraFin":"10:10","IDObra":845011,"NombreObra":"fracc platiniO","IDClienteSAE":845,"NombreCliente":"GRUPO BRECASA","IDUso":8,"NombreUso":"Losa","IDProducto":11089,"NombreProducto":"CONCRETO f\u0027c=200 Ag=10 Rev=14 B 28","Remision":"P1/38609","CveCiudad":"PUE","NombreVendedor":"VENDEDOR PUEBLA ."},{"Id_Viaje":3040695,"IDPedido":583193,"CargaViaje":6,"IDPlanta":30,"NombrePlantaViaje":"P1-Coronango","IDUnidad":252,"NombreUnidad":"CR-184","IDOperador":1747,"NombreOperador":"JUAN CARLOS ENRIQUEZ","IDEstatusViaje":1,"NombreEstatus":"Despachado","FechaInicio":"2/19/2026 12:00:00 AM","HoraInicio":"08:20","HoraFin":"10:20","IDObra":845011,"NombreObra":"fracc platiniO","IDClienteSAE":845,"NombreCliente":"GRUPO BRECASA","IDUso":8,"NombreUso":"Losa","IDProducto":11089,"NombreProducto":"CONCRETO f\u0027c=200 Ag=10 Rev=14 B 28","Remision":"P1/38608","CveCiudad":"PUE","NombreVendedor":"VENDEDOR PUEBLA ."},{"Id_Viaje":3040697,"IDPedido":583190,"CargaViaje":3.5,"IDPlanta":23,"NombrePlantaViaje":"L1-Leon","IDUnidad":354,"NombreUnidad":"CR-226 2RH","IDOperador":1329,"NombreOperador":"CHRISTIAN ALEJANDRO ARENAS","IDEstatusViaje":1,"NombreEstatus":"Despachado","FechaInicio":"2/19/2026 12:00:00 AM","HoraInicio":"08:30","HoraFin":"10:30","IDObra":1104019,"NombreObra":"reserva premier","IDClienteSAE":1104,"NombreCliente":"INMOBILIARIA PROXIMA","IDUso":85,"NombreUso":"Cochera","IDProducto":1217,"NombreProducto":"CONCRETO f\u0027c:150 Ag=20 Rev:10 A1 D","Remision":"L1/41057","CveCiudad":"LEON","NombreVendedor":"OFICINA MATRIZ"},{"Id_Viaje":3040699,"IDPedido":583177,"CargaViaje":5,"IDPlanta":20,"NombrePlantaViaje":"A1-Ojo Caliente","IDUnidad":331,"NombreUnidad":"CR-140-","IDOperador":1419,"NombreOperador":"JUAN HUMBERTO MARQUEZ","IDEstatusViaje":1,"NombreEstatus":"Despachado","FechaInicio":"2/19/2026 12:00:00 AM","HoraInicio":"08:20","HoraFin":"10:20","IDObra":4429001,"NombreObra":"real del sol","IDClienteSAE":4429,"NombreCliente":"GIG VENTA DE MATERIALES","IDUso":2,"NombreUso":"Cimentacion","IDProducto":1014,"NombreProducto":"CONCRETO f\u0027c:200 Ag=20. Rev: 10 A1 D","Remision":"A1/96535","CveCiudad":"AGS","NombreVendedor":"HECTOR VILLANUEVA"},{"Id_Viaje":3040701,"IDPedido":583142,"CargaViaje":3,"IDPlanta":11,"NombrePlantaViaje":"M4-Centro","IDUnidad":315,"NombreUnidad":"CR-232","IDOperador":1452,"NombreOperador":"VICTOR LOPEZ","IDEstatusViaje":2,"NombreEstatus":"Entregado","FechaInicio":"2/19/2026 12:00:00 AM","HoraInicio":"23:30","HoraFin":"01:30","IDObra":11302015,"NombreObra":"casa blanca","IDClienteSAE":11302,"NombreCliente":"LUZ DE PARIS","IDUso":2,"NombreUso":"Cimentacion","IDProducto":491,"NombreProducto":"CONCRETO f\u0027c=200 Ag=20 Rev=14 A1 B","Remision":"M4/89202","CveCiudad":"MTY","NombreVendedor":"BLANCA P. GARZA"},{"Id_Viaje":3040703,"IDPedido":583188,"CargaViaje":6,"IDPlanta":23,"NombrePlantaViaje":"L1-Leon","IDUnidad":351,"NombreUnidad":"CR-237-DRH","IDOperador":1701,"NombreOperador":"MARTIN FLORES","IDEstatusViaje":1,"NombreEstatus":"Despachado","FechaInicio":"2/19/2026 12:00:00 AM","HoraInicio":"08:00","HoraFin":"10:00","IDObra":1004013,"NombreObra":"sacromonte 7","IDClienteSAE":1004,"NombreCliente":"INMOBILIARIA GESTORIA Y ASESORIA","IDUso":19,"NombreUso":"Loza de Entrepiso","IDProducto":1227,"NombreProducto":"CONCRETO f\u0027c:200 Ag=20 Rev:14 A1 B","Remision":"L1/41058","CveCiudad":"LEON","NombreVendedor":"OFICINA MATRIZ"},{"Id_Viaje":3040705,"IDPedido":583188,"CargaViaje":6,"IDPlanta":23,"NombrePlantaViaje":"L1-Leon","IDUnidad":352,"NombreUnidad":"CR-246-NRH","IDOperador":1325,"NombreOperador":"RAMIRO HERNANDEZ","IDEstatusViaje":1,"NombreEstatus":"Despachado","FechaInicio":"2/19/2026 12:00:00 AM","HoraInicio":"08:10","HoraFin":"10:10","IDObra":1004013,"NombreObra":"sacromonte 7","IDClienteSAE":1004,"NombreCliente":"INMOBILIARIA GESTORIA Y ASESORIA","IDUso":19,"NombreUso":"Loza de Entrepiso","IDProducto":1227,"NombreProducto":"CONCRETO f\u0027c:200 Ag=20 Rev:14 A1 B","Remision":"L1/41059","CveCiudad":"LEON","NombreVendedor":"OFICINA MATRIZ"},{"Id_Viaje":3040707,"IDPedido":583188,"CargaViaje":6,"IDPlanta":23,"NombrePlantaViaje":"L1-Leon","IDUnidad":77,"NombreUnidad":"CR193-1RG","IDOperador":1623,"NombreOperador":"JORGE IGNACIO NEGRETE","IDEstatusViaje":1,"NombreEstatus":"Despachado","FechaInicio":"2/19/2026 12:00:00 AM","HoraInicio":"08:20","HoraFin":"10:20","IDObra":1004013,"NombreObra":"sacromonte 7","IDClienteSAE":1004,"NombreCliente":"INMOBILIARIA GESTORIA Y ASESORIA","IDUso":19,"NombreUso":"Loza de Entrepiso","IDProducto":1227,"NombreProducto":"CONCRETO f\u0027c:200 Ag=20 Rev:14 A1 B","Remision":"L1/41060","CveCiudad":"LEON","NombreVendedor":"OFICINA MATRIZ"},{"Id_Viaje":3040709,"IDPedido":582668,"CargaViaje":6.5,"IDPlanta":7,"NombrePlantaViaje":"M2-Escobedo","IDUnidad":375,"NombreUnidad":"CR-121","IDOperador":78,"NombreOperador":"CARLOS ALBERTO VILLARREAL","IDEstatusViaje":2,"NombreEstatus":"Entregado","FechaInicio":"2/19/2026 12:00:00 AM","HoraInicio":"10:00","HoraFin":"12:00","IDObra":3826002,"NombreObra":"planta nemak","IDClienteSAE":3826,"NombreCliente":"DECOIN","IDUso":7,"NombreUso":"Firme","IDProducto":2433,"NombreProducto":"CONCRETO MR=48 Ag=40 Rev 14 A1 D","Remision":"M2/79962","CveCiudad":"MTY","NombreVendedor":"CARLOS SERGINHO GARCIA"},{"Id_Viaje":3040711,"IDPedido":583181,"CargaViaje":2.5,"IDPlanta":34,"NombrePlantaViaje":"A2-San Francisco","IDUnidad":113,"NombreUnidad":"CR-140 CRE","IDOperador":1501,"NombreOperador":"ANTONIO NAVARRO","IDEstatusViaje":1,"NombreEstatus":"Despachado","FechaInicio":"2/19/2026 12:00:00 AM","HoraInicio":"09:10","HoraFin":"11:10","IDObra":4713001,"NombreObra":"PARQUE SAN FRANCISCO","IDClienteSAE":4713,"NombreCliente":"CONSTRUCCIONES PROFESIONALES HALO DIM","IDUso":25,"NombreUso":"Pavimento","IDProducto":10760,"NombreProducto":"CONCRETO MR=42 Ag=40 Rev=10 D 28","Remision":"A2/41649","CveCiudad":"AGS","NombreVendedor":"CASA CASA"},{"Id_Viaje":3040713,"IDPedido":583178,"CargaViaje":7,"IDPlanta":20,"NombrePlantaViaje":"A1-Ojo Caliente","IDUnidad":106,"NombreUnidad":"CR-157","IDOperador":48,"NombreOperador":"ROBERTO GONGORA","IDEstatusViaje":1,"NombreEstatus":"Despachado","FechaInicio":"2/19/2026 12:00:00 AM","HoraInicio":"08:50","HoraFin":"10:50","IDObra":2820038,"NombreObra":"GPE PERALTA","IDClienteSAE":2820,"NombreCliente":"URBANIZACIONES ARGU","IDUso":7,"NombreUso":"Firme","IDProducto":1014,"NombreProducto":"CONCRETO f\u0027c:200 Ag=20. Rev: 10 A1 D","Remision":"A1/96537","CveCiudad":"AGS","NombreVendedor":"CASA CASA"},{"Id_Viaje":3040715,"IDPedido":583178,"CargaViaje":7,"IDPlanta":20,"NombrePlantaViaje":"A1-Ojo Caliente","IDUnidad":168,"NombreUnidad":"CR-181","IDOperador":43,"NombreOperador":"CARLOS VALDEZ","IDEstatusViaje":1,"NombreEstatus":"Despachado","FechaInicio":"2/19/2026 12:00:00 AM","HoraInicio":"09:00","HoraFin":"11:00","IDObra":2820038,"NombreObra":"GPE PERALTA","IDClienteSAE":2820,"NombreCliente":"URBANIZACIONES ARGU","IDUso":7,"NombreUso":"Firme","IDProducto":1014,"NombreProducto":"CONCRETO f\u0027c:200 Ag=20. Rev: 10 A1 D","Remision":"A1/96541","CveCiudad":"AGS","NombreVendedor":"CASA CASA"},{"Id_Viaje":3040717,"IDPedido":583195,"CargaViaje":2.5,"IDPlanta":20,"NombrePlantaViaje":"A1-Ojo Caliente","IDUnidad":358,"NombreUnidad":"CR-220 WRG","IDOperador":1505,"NombreOperador":"RAUL DE LEON","IDEstatusViaje":1,"NombreEstatus":"Despachado","FechaInicio":"2/19/2026 12:00:00 AM","HoraInicio":"08:00","HoraFin":"10:00","IDObra":2856002,"NombreObra":"MISION DE SANTA FE","IDClienteSAE":2856,"NombreCliente":"PROYECTOS SERENA","IDUso":85,"NombreUso":"Cochera","IDProducto":2491,"NombreProducto":"CONCRETO f\u0027c:100 Ag=20 Rev:10 A1 D","Remision":"A1/96536","CveCiudad":"AGS","NombreVendedor":"CASA CASA"},{"Id_Viaje":3040719,"IDPedido":583163,"CargaViaje":6,"IDPlanta":7,"NombrePlantaViaje":"M2-Escobedo","IDUnidad":315,"NombreUnidad":"CR-232","IDOperador":1452,"NombreOperador":"VICTOR LOPEZ","IDEstatusViaje":2,"NombreEstatus":"Entregado","FechaInicio":"2/19/2026 12:00:00 AM","HoraInicio":"23:30","HoraFin":"01:30","IDObra":8153040,"NombreObra":"VISTAS DEL PARQUE","IDClienteSAE":8153,"NombreCliente":"CONSTRUCTORA OBREGON FERNANDEZ","IDUso":8,"NombreUso":"Losa","IDProducto":491,"NombreProducto":"CONCRETO f\u0027c=200 Ag=20 Rev=14 A1 B","Remision":"M2/79963","CveCiudad":"MTY","NombreVendedor":"CESAR LUNA"},{"Id_Viaje":3040721,"IDPedido":582927,"CargaViaje":7,"IDPlanta":11,"NombrePlantaViaje":"M4-Centro","IDUnidad":78,"NombreUnidad":"CR-062","IDOperador":1478,"NombreOperador":"VICTOR HUGO MARTINEZ","IDEstatusViaje":2,"NombreEstatus":"Entregado","FechaInicio":"2/19/2026 12:00:00 AM","HoraInicio":"08:30","HoraFin":"10:30","IDObra":11302015,"NombreObra":"casa blanca","IDClienteSAE":11302,"NombreCliente":"LUZ DE PARIS","IDUso":1,"NombreUso":"Banqueta","IDProducto":589,"NombreProducto":"CONCRETO f\u0027c=150 Ag=20 Rev=12 A1 D","Remision":"M4/89204","CveCiudad":"MTY","NombreVendedor":"BLANCA P. GARZA"},{"Id_Viaje":3040723,"IDPedido":583201,"CargaViaje":4,"IDPlanta":34,"NombrePlantaViaje":"A2-San Francisco","IDUnidad":48,"NombreUnidad":"CR-063 ZRB","IDOperador":1500,"NombreOperador":"RICARDO CHAVEZ","IDEstatusViaje":1,"NombreEstatus":"Despachado","FechaInicio":"2/19/2026 12:00:00 AM","HoraInicio":"09:00","HoraFin":"11:00","IDObra":5008001,"NombreObra":"LA CONCEPCION","IDClienteSAE":5008,"NombreCliente":"EDUARDO RAMSES SANDOVAL VILLALOBOS","IDUso":7,"NombreUso":"Firme","IDProducto":1014,"NombreProducto":"CONCRETO f\u0027c:200 Ag=20. Rev: 10 A1 D","Remision":"A2/41652","CveCiudad":"AGS","NombreVendedor":"HECTOR VILLANUEVA"},{"Id_Viaje":3040725,"IDPedido":582702,"CargaViaje":8,"IDPlanta":18,"NombrePlantaViaje":"M7-Salinas","IDUnidad":242,"NombreUnidad":"CR - 150","IDOperador":1750,"NombreOperador":"BARTOLO HERNANDEZ","IDEstatusViaje":2,"NombreEstatus":"Entregado","FechaInicio":"2/19/2026 12:00:00 AM","HoraInicio":"13:30","HoraFin":"15:30","IDObra":9727006,"NombreObra":"fracc. quadro residencial","IDClienteSAE":9727,"NombreCliente":"CONCRETA ESPACIOS HABITACIONALES","IDUso":21,"NombreUso":"Castillos","IDProducto":481,"NombreProducto":"CONCRETO f\u0027c=150 Ag=20 Rev=10 A1 D","Remision":"M7/41071","CveCiudad":"MTY","NombreVendedor":"ENRIQUE ALVAREZ"},{"Id_Viaje":3040735,"IDPedido":583185,"CargaViaje":3,"IDPlanta":30,"NombrePlantaViaje":"P1-Coronango","IDUnidad":253,"NombreUnidad":"CR-185","IDOperador":868,"NombreOperador":"EDGAR ROMERO","IDEstatusViaje":1,"NombreEstatus":"Despachado","FechaInicio":"2/19/2026 12:00:00 AM","HoraInicio":"07:00","HoraFin":"09:00","IDObra":1491002,"NombreObra":"UPAEP 3","IDClienteSAE":1491,"NombreCliente":"GRUPO CONSTRUCTOR MATEOS CABRERA","IDUso":9,"NombreUso":"Muro","IDProducto":10839,"NombreProducto":"CONCRETO f\u0027c=300 Ag=10 Rev=18 B 28","Remision":"P1/38610","CveCiudad":"PUE","NombreVendedor":"VENDEDOR PUEBLA ."},{"Id_Viaje":3040739,"IDPedido":583198,"CargaViaje":3,"IDPlanta":23,"NombrePlantaViaje":"L1-Leon","IDUnidad":165,"NombreUnidad":"CR-207 FRG","IDOperador":1634,"NombreOperador":"JOSE GUADALUPE POZOS","IDEstatusViaje":1,"NombreEstatus":"Despachado","FechaInicio":"2/19/2026 12:00:00 AM","HoraInicio":"10:00","HoraFin":"12:00","IDObra":2784003,"NombreObra":"ruba san carlos j\u0026r22viv","IDClienteSAE":2784,"NombreCliente":"RUBA DESARROLLOS","IDUso":21,"NombreUso":"Castillos","IDProducto":11655,"NombreProducto":"CONCRETO f\u0027c=200 Ag=10 Rev=14 D 28","Remision":"L1/41061","CveCiudad":"LEON","NombreVendedor":"OFICINA MATRIZ"},{"Id_Viaje":3040741,"IDPedido":583207,"CargaViaje":7,"IDPlanta":34,"NombrePlantaViaje":"A2-San Francisco","IDUnidad":108,"NombreUnidad":"CR-098 2RD","IDOperador":1503,"NombreOperador":"ALBERTO HERNANDEZ","IDEstatusViaje":1,"NombreEstatus":"Despachado","FechaInicio":"2/19/2026 12:00:00 AM","HoraInicio":"11:00","HoraFin":"13:00","IDObra":5026001,"NombreObra":"ESTEBAN HERNANDEZ HERNANDEZ","IDClienteSAE":5026,"NombreCliente":"ESTEBAN HERNANDEZ HERNANDEZ","IDUso":8,"NombreUso":"Losa","IDProducto":1022,"NombreProducto":"CONCRETO f\u0027c:200 Ag=20 Rev:14 A1 B","Remision":"A2/41653","CveCiudad":"AGS","NombreVendedor":"CASA CASA"},{"Id_Viaje":3040756,"IDPedido":583194,"CargaViaje":7,"IDPlanta":20,"NombrePlantaViaje":"A1-Ojo Caliente","IDUnidad":359,"NombreUnidad":"CR-25","IDOperador":48,"NombreOperador":"ROBERTO GONGORA","IDEstatusViaje":1,"NombreEstatus":"Despachado","FechaInicio":"2/19/2026 12:00:00 AM","HoraInicio":"11:00","HoraFin":"13:00","IDObra":4510002,"NombreObra":"CONSTITUCION","IDClienteSAE":4510,"NombreCliente":"MARIA MAGDALENA CULEBRO PINTO","IDUso":25,"NombreUso":"Pavimento","IDProducto":10760,"NombreProducto":"CONCRETO MR=42 Ag=40 Rev=10 D 28","Remision":"A1/96538","CveCiudad":"AGS","NombreVendedor":"HECTOR VILLANUEVA"},{"Id_Viaje":3040758,"IDPedido":583194,"CargaViaje":7,"IDPlanta":20,"NombrePlantaViaje":"A1-Ojo Caliente","IDUnidad":107,"NombreUnidad":"CR-050","IDOperador":677,"NombreOperador":"EDMUNDO DE LOERA","IDEstatusViaje":1,"NombreEstatus":"Despachado","FechaInicio":"2/19/2026 12:00:00 AM","HoraInicio":"11:10","HoraFin":"13:10","IDObra":4510002,"NombreObra":"CONSTITUCION","IDClienteSAE":4510,"NombreCliente":"MARIA MAGDALENA CULEBRO PINTO","IDUso":25,"NombreUso":"Pavimento","IDProducto":10760,"NombreProducto":"CONCRETO MR=42 Ag=40 Rev=10 D 28","Remision":"A1/96540","CveCiudad":"AGS","NombreVendedor":"HECTOR VILLANUEVA"},{"Id_Viaje":3040772,"IDPedido":583210,"CargaViaje":6,"IDPlanta":36,"NombrePlantaViaje":"Q1-Apaseo","IDUnidad":260,"NombreUnidad":"CR-206","IDOperador":1484,"NombreOperador":"JOSE HIPOLITO MEJIA","IDEstatusViaje":2,"NombreEstatus":"Entregado","FechaInicio":"2/19/2026 12:00:00 AM","HoraInicio":"11:00","HoraFin":"13:00","IDObra":927001,"NombreObra":"el faro de los cisnes","IDClienteSAE":927,"NombreCliente":"CONSTRUCTORA EL FARO DE LOS CISNES","IDUso":1,"NombreUso":"Banqueta","IDProducto":10799,"NombreProducto":"CONCRETO f\u0027c=150 Ag=20 Rev=14 B","Remision":"Q1/11560","CveCiudad":"QRO","NombreVendedor":"MIGUEL ANGEL GUTIERREZ"},{"Id_Viaje":3040774,"IDPedido":583213,"CargaViaje":5,"IDPlanta":31,"NombrePlantaViaje":"G3-Tlajomulco","IDUnidad":190,"NombreUnidad":"CR-081","IDOperador":102,"NombreOperador":"ALFONSO OVALLE","IDEstatusViaje":1,"NombreEstatus":"Despachado","FechaInicio":"2/19/2026 12:00:00 AM","HoraInicio":"12:00","HoraFin":"14:00","IDObra":6259001,"NombreObra":"parque logístico Acatlán","IDClienteSAE":6259,"NombreCliente":"JHONATAN ISAAC DE LA CRUZ NAVARRO","IDUso":8,"NombreUso":"Losa","IDProducto":11448,"NombreProducto":"CONCRETO f\u0027c=250 Ag=20 Rev=10 D 28","Remision":"G3/49920","CveCiudad":"GDL","NombreVendedor":"PABLO CESAR ARREOLA"},{"Id_Viaje":3040776,"IDPedido":583179,"CargaViaje":6.5,"IDPlanta":20,"NombrePlantaViaje":"A1-Ojo Caliente","IDUnidad":295,"NombreUnidad":"CR-065","IDOperador":675,"NombreOperador":"JUAN ANTONIO HERRERA","IDEstatusViaje":1,"NombreEstatus":"Despachado","FechaInicio":"2/19/2026 12:00:00 AM","HoraInicio":"10:30","HoraFin":"12:30","IDObra":4429001,"NombreObra":"real del sol","IDClienteSAE":4429,"NombreCliente":"GIG VENTA DE MATERIALES","IDUso":2,"NombreUso":"Cimentacion","IDProducto":1014,"NombreProducto":"CONCRETO f\u0027c:200 Ag=20. Rev: 10 A1 D","Remision":"A1/96539","CveCiudad":"AGS","NombreVendedor":"HECTOR VILLANUEVA"},{"Id_Viaje":3040780,"IDPedido":583200,"CargaViaje":7,"IDPlanta":23,"NombrePlantaViaje":"L1-Leon","IDUnidad":292,"NombreUnidad":"CR-210 JRG","IDOperador":1609,"NombreOperador":"ANDRES GONZALEZ","IDEstatusViaje":1,"NombreEstatus":"Despachado","FechaInicio":"2/19/2026 12:00:00 AM","HoraInicio":"11:30","HoraFin":"13:30","IDObra":3171002,"NombreObra":"ANSELMO CHAVEZ SAN FRANCISCO","IDClienteSAE":3171,"NombreCliente":"ANSELMO CHAVEZ PEREZ","IDUso":30,"NombreUso":"Cisterna","IDProducto":2861,"NombreProducto":"CONCRETO f\u0027c:250 Ag=20 Rev:14 A1 B","Remision":"L1/41062","CveCiudad":"LEON","NombreVendedor":"OFICINA MATRIZ"},{"Id_Viaje":3040782,"IDPedido":583200,"CargaViaje":6,"IDPlanta":23,"NombrePlantaViaje":"L1-Leon","IDUnidad":353,"NombreUnidad":"CR-221 XRG","IDOperador":1624,"NombreOperador":"JUAN VICTOR PEREZ","IDEstatusViaje":1,"NombreEstatus":"Despachado","FechaInicio":"2/19/2026 12:00:00 AM","HoraInicio":"11:40","HoraFin":"13:40","IDObra":3171002,"NombreObra":"ANSELMO CHAVEZ SAN FRANCISCO","IDClienteSAE":3171,"NombreCliente":"ANSELMO CHAVEZ PEREZ","IDUso":30,"NombreUso":"Cisterna","IDProducto":2861,"NombreProducto":"CONCRETO f\u0027c:250 Ag=20 Rev:14 A1 B","Remision":"L1/41063","CveCiudad":"LEON","NombreVendedor":"OFICINA MATRIZ"},{"Id_Viaje":3040784,"IDPedido":583118,"CargaViaje":7,"IDPlanta":19,"NombrePlantaViaje":"M1-Apodaca","IDUnidad":371,"NombreUnidad":"CR-008","IDOperador":1199,"NombreOperador":"GABRIEL RIVERA","IDEstatusViaje":2,"NombreEstatus":"Entregado","FechaInicio":"2/19/2026 12:00:00 AM","HoraInicio":"23:20","HoraFin":"23:50","IDObra":12076001,"NombreObra":"LA CHATARRERA","IDClienteSAE":12076,"NombreCliente":"PARQUE INTERNACIONAL REGIOMONTANA","IDUso":11,"NombreUso":"Piso","IDProducto":485,"NombreProducto":"CONCRETO f\u0027c=250 Ag=20 Rev=10 A1 D","Remision":"M1/91220","CveCiudad":"MTY","NombreVendedor":"CESAR LUNA"},{"Id_Viaje":3040795,"IDPedido":583216,"CargaViaje":6,"IDPlanta":30,"NombrePlantaViaje":"P1-Coronango","IDUnidad":254,"NombreUnidad":"CR-187","IDOperador":1186,"NombreOperador":"AARON GUTIERREZ","IDEstatusViaje":1,"NombreEstatus":"Despachado","FechaInicio":"2/19/2026 12:00:00 AM","HoraInicio":"12:30","HoraFin":"14:30","IDObra":1491005,"NombreObra":"SANTA CATARINA COATEPEC","IDClienteSAE":1491,"NombreCliente":"GRUPO CONSTRUCTOR MATEOS CABRERA","IDUso":15,"NombreUso":"Zapatas","IDProducto":10975,"NombreProducto":"CONCRETO f\u0027c: 250 Ag=20 Rev.14 A1 B","Remision":"P1/38611","CveCiudad":"PUE","NombreVendedor":"GUADALUPE HERNANDEZ"},{"Id_Viaje":3040797,"IDPedido":583216,"CargaViaje":6,"IDPlanta":30,"NombrePlantaViaje":"P1-Coronango","IDUnidad":9,"NombreUnidad":"CR-192","IDOperador":868,"NombreOperador":"EDGAR ROMERO","IDEstatusViaje":1,"NombreEstatus":"Despachado","FechaInicio":"2/19/2026 12:00:00 AM","HoraInicio":"12:40","HoraFin":"14:40","IDObra":1491005,"NombreObra":"SANTA CATARINA COATEPEC","IDClienteSAE":1491,"NombreCliente":"GRUPO CONSTRUCTOR MATEOS CABRERA","IDUso":15,"NombreUso":"Zapatas","IDProducto":10975,"NombreProducto":"CONCRETO f\u0027c: 250 Ag=20 Rev.14 A1 B","Remision":"P1/38612","CveCiudad":"PUE","NombreVendedor":"GUADALUPE HERNANDEZ"},{"Id_Viaje":3040799,"IDPedido":583216,"CargaViaje":6,"IDPlanta":30,"NombrePlantaViaje":"P1-Coronango","IDUnidad":195,"NombreUnidad":"CR-158","IDOperador":1006,"NombreOperador":"VICTOR MANUEL HERNANDEZ","IDEstatusViaje":1,"NombreEstatus":"Despachado","FechaInicio":"2/19/2026 12:00:00 AM","HoraInicio":"12:50","HoraFin":"14:50","IDObra":1491005,"NombreObra":"SANTA CATARINA COATEPEC","IDClienteSAE":1491,"NombreCliente":"GRUPO CONSTRUCTOR MATEOS CABRERA","IDUso":15,"NombreUso":"Zapatas","IDProducto":10975,"NombreProducto":"CONCRETO f\u0027c: 250 Ag=20 Rev.14 A1 B","Remision":"P1/38613","CveCiudad":"PUE","NombreVendedor":"GUADALUPE HERNANDEZ"},{"Id_Viaje":3040801,"IDPedido":583216,"CargaViaje":5,"IDPlanta":30,"NombrePlantaViaje":"P1-Coronango","IDUnidad":196,"NombreUnidad":"CR-159","IDOperador":1013,"NombreOperador":"ALEJANDRO ARCE","IDEstatusViaje":1,"NombreEstatus":"Despachado","FechaInicio":"2/19/2026 12:00:00 AM","HoraInicio":"13:00","HoraFin":"15:00","IDObra":1491005,"NombreObra":"SANTA CATARINA COATEPEC","IDClienteSAE":1491,"NombreCliente":"GRUPO CONSTRUCTOR MATEOS CABRERA","IDUso":15,"NombreUso":"Zapatas","IDProducto":10975,"NombreProducto":"CONCRETO f\u0027c: 250 Ag=20 Rev.14 A1 B","Remision":"P1/38614","CveCiudad":"PUE","NombreVendedor":"GUADALUPE HERNANDEZ"},{"Id_Viaje":3040803,"IDPedido":583217,"CargaViaje":5,"IDPlanta":36,"NombrePlantaViaje":"Q1-Apaseo","IDUnidad":274,"NombreUnidad":"CR-208","IDOperador":1647,"NombreOperador":"JOSE GUADALUPE LEDESMA","IDEstatusViaje":2,"NombreEstatus":"Entregado","FechaInicio":"2/19/2026 12:00:00 AM","HoraInicio":"11:00","HoraFin":"13:00","IDObra":313001,"NombreObra":"HACIENDA SUR","IDClienteSAE":313,"NombreCliente":"VALLE DE LOS MEZQUITES","IDUso":2,"NombreUso":"Cimentacion","IDProducto":4347,"NombreProducto":"CONCRETO f\u0027c=150 Ag=20 Rev=10 D 28","Remision":"Q1/11561","CveCiudad":"QRO","NombreVendedor":"YIMI EDUARDO VAZQUEZ"},{"Id_Viaje":3040805,"IDPedido":583217,"CargaViaje":5,"IDPlanta":36,"NombrePlantaViaje":"Q1-Apaseo","IDUnidad":275,"NombreUnidad":"CR-209","IDOperador":1488,"NombreOperador":"RAMON HERNANDEZ","IDEstatusViaje":2,"NombreEstatus":"Entregado","FechaInicio":"2/19/2026 12:00:00 AM","HoraInicio":"11:10","HoraFin":"13:10","IDObra":313001,"NombreObra":"HACIENDA SUR","IDClienteSAE":313,"NombreCliente":"VALLE DE LOS MEZQUITES","IDUso":2,"NombreUso":"Cimentacion","IDProducto":4347,"NombreProducto":"CONCRETO f\u0027c=150 Ag=20 Rev=10 D 28","Remision":"Q1/11564","CveCiudad":"QRO","NombreVendedor":"YIMI EDUARDO VAZQUEZ"},{"Id_Viaje":3040807,"IDPedido":583165,"CargaViaje":5,"IDPlanta":7,"NombrePlantaViaje":"M2-Escobedo","IDUnidad":371,"NombreUnidad":"CR-008","IDOperador":1199,"NombreOperador":"GABRIEL RIVERA","IDEstatusViaje":2,"NombreEstatus":"Entregado","FechaInicio":"2/19/2026 12:00:00 AM","HoraInicio":"22:00","HoraFin":"22:30","IDObra":8894025,"NombreObra":"cumbres platino","IDClienteSAE":8894,"NombreCliente":"ACRE PROMOTORA","IDUso":7,"NombreUso":"Firme","IDProducto":576,"NombreProducto":"CONCRETO f\u0027c=100 Ag=20 Rev=12 A1 D","Remision":"M2/79964","CveCiudad":"MTY","NombreVendedor":"SILVIA LOZANO"},{"Id_Viaje":3040809,"IDPedido":583165,"CargaViaje":5,"IDPlanta":7,"NombrePlantaViaje":"M2-Escobedo","IDUnidad":40,"NombreUnidad":"CR-031","IDOperador":1157,"NombreOperador":"JUAN JOSE ROSARIO LOPEZ","IDEstatusViaje":2,"NombreEstatus":"Entregado","FechaInicio":"2/19/2026 12:00:00 AM","HoraInicio":"22:10","HoraFin":"22:40","IDObra":8894025,"NombreObra":"cumbres platino","IDClienteSAE":8894,"NombreCliente":"ACRE PROMOTORA","IDUso":7,"NombreUso":"Firme","IDProducto":576,"NombreProducto":"CONCRETO f\u0027c=100 Ag=20 Rev=12 A1 D","Remision":"M2/79965","CveCiudad":"MTY","NombreVendedor":"SILVIA LOZANO"},{"Id_Viaje":3040811,"IDPedido":583218,"CargaViaje":5,"IDPlanta":34,"NombrePlantaViaje":"A2-San Francisco","IDUnidad":112,"NombreUnidad":"CR-154 TRE","IDOperador":1504,"NombreOperador":"HUGO MEDINA","IDEstatusViaje":1,"NombreEstatus":"Despachado","FechaInicio":"2/19/2026 12:00:00 AM","HoraInicio":"11:00","HoraFin":"13:00","IDObra":4922002,"NombreObra":"BELANTA","IDClienteSAE":4922,"NombreCliente":"LIVING GARCAM","IDUso":1,"NombreUso":"Banqueta","IDProducto":3502,"NombreProducto":"CONCRETO f\u0027C 200 Ag=3/8 Rev 10 A1D","Remision":"A2/41656","CveCiudad":"AGS","NombreVendedor":"HECTOR VILLANUEVA"},{"Id_Viaje":3040813,"IDPedido":583219,"CargaViaje":6,"IDPlanta":36,"NombrePlantaViaje":"Q1-Apaseo","IDUnidad":276,"NombreUnidad":"CR-212","IDOperador":1614,"NombreOperador":"MANUEL VARGAS","IDEstatusViaje":2,"NombreEstatus":"Entregado","FechaInicio":"2/19/2026 12:00:00 AM","HoraInicio":"12:00","HoraFin":"14:00","IDObra":1303001,"NombreObra":"SAN JOSE DE LOS OLVERA","IDClienteSAE":1303,"NombreCliente":"RAQUEL AMADOR LANDEROS","IDUso":2,"NombreUso":"Cimentacion","IDProducto":4355,"NombreProducto":"CONCRETO f\u0027c=250 Ag=20 Rev=10 D 28","Remision":"Q1/11562","CveCiudad":"QRO","NombreVendedor":"MIGUEL ANGEL GUTIERREZ"},{"Id_Viaje":3040815,"IDPedido":583219,"CargaViaje":6,"IDPlanta":36,"NombrePlantaViaje":"Q1-Apaseo","IDUnidad":278,"NombreUnidad":"CR-218","IDOperador":1068,"NombreOperador":"HONORIO ISIDRO LOPEZ","IDEstatusViaje":2,"NombreEstatus":"Entregado","FechaInicio":"2/19/2026 12:00:00 AM","HoraInicio":"12:10","HoraFin":"14:10","IDObra":1303001,"NombreObra":"SAN JOSE DE LOS OLVERA","IDClienteSAE":1303,"NombreCliente":"RAQUEL AMADOR LANDEROS","IDUso":2,"NombreUso":"Cimentacion","IDProducto":4355,"NombreProducto":"CONCRETO f\u0027c=250 Ag=20 Rev=10 D 28","Remision":"Q1/11563","CveCiudad":"QRO","NombreVendedor":"MIGUEL ANGEL GUTIERREZ"},{"Id_Viaje":3040820,"IDPedido":582930,"CargaViaje":6,"IDPlanta":11,"NombrePlantaViaje":"M4-Centro","IDUnidad":173,"NombreUnidad":"CR-165","IDOperador":1758,"NombreOperador":"CESAR MICHEL CARREON","IDEstatusViaje":2,"NombreEstatus":"Entregado","FechaInicio":"2/19/2026 12:00:00 AM","HoraInicio":"09:00","HoraFin":"11:00","IDObra":11302024,"NombreObra":"las castas","IDClienteSAE":11302,"NombreCliente":"LUZ DE PARIS","IDUso":4,"NombreUso":"Contracimiento","IDProducto":575,"NombreProducto":"CONCRETO f\u0027c=200 Ag=20 Rev=12 A1 D","Remision":"M4/89211","CveCiudad":"MTY","NombreVendedor":"CESAR LUNA"},{"Id_Viaje":3040822,"IDPedido":583220,"CargaViaje":3.5,"IDPlanta":11,"NombrePlantaViaje":"M4-Centro","IDUnidad":366,"NombreUnidad":"CR-235","IDOperador":1198,"NombreOperador":"ALEJANDRO TREVIÑO","IDEstatusViaje":2,"NombreEstatus":"Entregado","FechaInicio":"2/19/2026 12:00:00 AM","HoraInicio":"10:30","HoraFin":"12:30","IDObra":11302015,"NombreObra":"casa blanca","IDClienteSAE":11302,"NombreCliente":"LUZ DE PARIS","IDUso":8,"NombreUso":"Losa","IDProducto":491,"NombreProducto":"CONCRETO f\u0027c=200 Ag=20 Rev=14 A1 B","Remision":"M4/89209","CveCiudad":"MTY","NombreVendedor":"BLANCA P. GARZA"},{"Id_Viaje":3040829,"IDPedido":583199,"CargaViaje":3.5,"IDPlanta":20,"NombrePlantaViaje":"A1-Ojo Caliente","IDUnidad":115,"NombreUnidad":"CR-069","IDOperador":209,"NombreOperador":"MARCO DE LEON","IDEstatusViaje":1,"NombreEstatus":"Despachado","FechaInicio":"2/19/2026 12:00:00 AM","HoraInicio":"11:30","HoraFin":"13:30","IDObra":2219001,"NombreObra":"mision de santa fe","IDClienteSAE":2219,"NombreCliente":"INMOBILIARIA PROXIMA","IDUso":85,"NombreUso":"Cochera","IDProducto":1012,"NombreProducto":"CONCRETO f\u0027c:150 Ag=20 Rev:10 A1 D","Remision":"A1/96542","CveCiudad":"AGS","NombreVendedor":"CASA CASA"},{"Id_Viaje":3040840,"IDPedido":583207,"CargaViaje":7,"IDPlanta":34,"NombrePlantaViaje":"A2-San Francisco","IDUnidad":122,"NombreUnidad":"CR-043-","IDOperador":1067,"NombreOperador":"JUAN HUMBERTO MARQUEZ","IDEstatusViaje":1,"NombreEstatus":"Despachado","FechaInicio":"2/19/2026 12:00:00 AM","HoraInicio":"12:50","HoraFin":"14:50","IDObra":5026001,"NombreObra":"ESTEBAN HERNANDEZ HERNANDEZ","IDClienteSAE":5026,"NombreCliente":"ESTEBAN HERNANDEZ HERNANDEZ","IDUso":8,"NombreUso":"Losa","IDProducto":1022,"NombreProducto":"CONCRETO f\u0027c:200 Ag=20 Rev:14 A1 B","Remision":"A2/41657","CveCiudad":"AGS","NombreVendedor":"CASA CASA"},{"Id_Viaje":3040846,"IDPedido":583131,"CargaViaje":2,"IDPlanta":16,"NombrePlantaViaje":"M6-Juarez","IDUnidad":40,"NombreUnidad":"CR-031","IDOperador":1157,"NombreOperador":"JUAN JOSE ROSARIO LOPEZ","IDEstatusViaje":2,"NombreEstatus":"Entregado","FechaInicio":"2/19/2026 12:00:00 AM","HoraInicio":"23:10","HoraFin":"23:40","IDObra":9882010,"NombreObra":"LOS LERMAS","IDClienteSAE":9882,"NombreCliente":"FINISTERRE CAPITAL","IDUso":15,"NombreUso":"Zapatas","IDProducto":483,"NombreProducto":"CONCRETO f\u0027c=200 Ag=20. Rev=10 A1 D","Remision":"M6/67145","CveCiudad":"MTY","NombreVendedor":"ENRIQUE ALVAREZ"},{"Id_Viaje":3040862,"IDPedido":583194,"CargaViaje":7,"IDPlanta":20,"NombrePlantaViaje":"A1-Ojo Caliente","IDUnidad":107,"NombreUnidad":"CR-050","IDOperador":677,"NombreOperador":"EDMUNDO DE LOERA","IDEstatusViaje":1,"NombreEstatus":"Despachado","FechaInicio":"2/19/2026 12:00:00 AM","HoraInicio":"00:20","HoraFin":"02:20","IDObra":4510002,"NombreObra":"CONSTITUCION","IDClienteSAE":4510,"NombreCliente":"MARIA MAGDALENA CULEBRO PINTO","IDUso":25,"NombreUso":"Pavimento","IDProducto":10760,"NombreProducto":"CONCRETO MR=42 Ag=40 Rev=10 D 28","Remision":"A1/96543","CveCiudad":"AGS","NombreVendedor":"HECTOR VILLANUEVA"},{"Id_Viaje":3040864,"IDPedido":583202,"CargaViaje":5,"IDPlanta":23,"NombrePlantaViaje":"L1-Leon","IDUnidad":354,"NombreUnidad":"CR-226 2RH","IDOperador":1329,"NombreOperador":"CHRISTIAN ALEJANDRO ARENAS","IDEstatusViaje":1,"NombreEstatus":"Despachado","FechaInicio":"2/19/2026 12:00:00 AM","HoraInicio":"14:30","HoraFin":"16:30","IDObra":3164001,"NombreObra":"constructora igv antonio madrazo","IDClienteSAE":3164,"NombreCliente":"CONSTRUCTORA IGV","IDUso":15,"NombreUso":"Zapatas","IDProducto":2861,"NombreProducto":"CONCRETO f\u0027c:250 Ag=20 Rev:14 A1 B","Remision":"L1/41064","CveCiudad":"LEON","NombreVendedor":"OFICINA MATRIZ"},{"Id_Viaje":3040866,"IDPedido":583118,"CargaViaje":3,"IDPlanta":19,"NombrePlantaViaje":"M1-Apodaca","IDUnidad":71,"NombreUnidad":"CR-038","IDOperador":1508,"NombreOperador":"VICTOR MANUEL CAMARILLO","IDEstatusViaje":2,"NombreEstatus":"Entregado","FechaInicio":"2/19/2026 12:00:00 AM","HoraInicio":"23:20","HoraFin":"23:50","IDObra":12076001,"NombreObra":"LA CHATARRERA","IDClienteSAE":12076,"NombreCliente":"PARQUE INTERNACIONAL REGIOMONTANA","IDUso":11,"NombreUso":"Piso","IDProducto":485,"NombreProducto":"CONCRETO f\u0027c=250 Ag=20 Rev=10 A1 D","Remision":"M1/91222","CveCiudad":"MTY","NombreVendedor":"CESAR LUNA"},{"Id_Viaje":3040868,"IDPedido":583171,"CargaViaje":6,"IDPlanta":34,"NombrePlantaViaje":"A2-San Francisco","IDUnidad":107,"NombreUnidad":"CR-050","IDOperador":677,"NombreOperador":"EDMUNDO DE LOERA","IDEstatusViaje":1,"NombreEstatus":"Despachado","FechaInicio":"2/19/2026 12:00:00 AM","HoraInicio":"13:10","HoraFin":"15:10","IDObra":4997001,"NombreObra":"PEPSICO","IDClienteSAE":4997,"NombreCliente":"LAMAK INSTALACIONES","IDUso":25,"NombreUso":"Pavimento","IDProducto":2606,"NombreProducto":"CONCRETO MR=42 Ag=40 Rev 10 R7 D","Remision":"A2/41658","CveCiudad":"AGS","NombreVendedor":"CASA CASA"},{"Id_Viaje":3040870,"IDPedido":583226,"CargaViaje":5,"IDPlanta":7,"NombrePlantaViaje":"M2-Escobedo","IDUnidad":273,"NombreUnidad":"CR-243","IDOperador":1552,"NombreOperador":"JOSE ISAIAS ROCHA","IDEstatusViaje":2,"NombreEstatus":"Entregado","FechaInicio":"2/19/2026 12:00:00 AM","HoraInicio":"12:30","HoraFin":"14:30","IDObra":1534016,"NombreObra":"PLANTA MOYEDA","IDClienteSAE":1534,"NombreCliente":"CONSTRUCTORA MOYEDA","IDUso":7,"NombreUso":"Firme","IDProducto":551,"NombreProducto":"CONCRETO f\u0027c=250 Ag=20 Rev=14 A1 D","Remision":"M2/79966","CveCiudad":"MTY","NombreVendedor":"CASA PROGRAMACION"},{"Id_Viaje":3040876,"IDPedido":583180,"CargaViaje":5,"IDPlanta":20,"NombrePlantaViaje":"A1-Ojo Caliente","IDUnidad":101,"NombreUnidad":"CR-071","IDOperador":45,"NombreOperador":"BRANDON ESTRADA","IDEstatusViaje":1,"NombreEstatus":"Despachado","FechaInicio":"2/19/2026 12:00:00 AM","HoraInicio":"13:00","HoraFin":"15:00","IDObra":4885004,"NombreObra":"RANCHO SANTA MONICA","IDClienteSAE":4885,"NombreCliente":"IBEROMEX CONSTRUCCIONES","IDUso":32,"NombreUso":"Guarnicion","IDProducto":1123,"NombreProducto":"CONCRETO MR= 38 Ag=20 Rev 10 A1 D","Remision":"A1/96544","CveCiudad":"AGS","NombreVendedor":"HECTOR VILLANUEVA"},{"Id_Viaje":3040878,"IDPedido":583178,"CargaViaje":1.5,"IDPlanta":20,"NombrePlantaViaje":"A1-Ojo Caliente","IDUnidad":48,"NombreUnidad":"CR-063 ZRB","IDOperador":1500,"NombreOperador":"RICARDO CHAVEZ","IDEstatusViaje":1,"NombreEstatus":"Despachado","FechaInicio":"2/19/2026 12:00:00 AM","HoraInicio":"00:40","HoraFin":"02:40","IDObra":2820038,"NombreObra":"GPE PERALTA","IDClienteSAE":2820,"NombreCliente":"URBANIZACIONES ARGU","IDUso":7,"NombreUso":"Firme","IDProducto":1014,"NombreProducto":"CONCRETO f\u0027c:200 Ag=20. Rev: 10 A1 D","Remision":"A1/96545","CveCiudad":"AGS","NombreVendedor":"CASA CASA"},{"Id_Viaje":3040904,"IDPedido":583206,"CargaViaje":1.5,"IDPlanta":20,"NombrePlantaViaje":"A1-Ojo Caliente","IDUnidad":116,"NombreUnidad":"CR-098","IDOperador":44,"NombreOperador":"ALBERTO HERRERA","IDEstatusViaje":1,"NombreEstatus":"Despachado","FechaInicio":"2/19/2026 12:00:00 AM","HoraInicio":"12:30","HoraFin":"14:30","IDObra":3435020,"NombreObra":"CONECTOR FLUVIAL","IDClienteSAE":3435,"NombreCliente":"ATECO","IDUso":7,"NombreUso":"Firme","IDProducto":2546,"NombreProducto":"CONCRETO f\u0027c:250 Ag=20 Rev:10 A1 D","Remision":"A1/96546","CveCiudad":"AGS","NombreVendedor":"HECTOR VILLANUEVA"},{"Id_Viaje":3040926,"IDPedido":583124,"CargaViaje":5.5,"IDPlanta":16,"NombrePlantaViaje":"M6-Juarez","IDUnidad":209,"NombreUnidad":"CR-169","IDOperador":1226,"NombreOperador":"FRANCISCO JAVIER ARAUJO RAMOS","IDEstatusViaje":2,"NombreEstatus":"Entregado","FechaInicio":"2/19/2026 12:00:00 AM","HoraInicio":"15:00","HoraFin":"17:00","IDObra":4947068,"NombreObra":"valle real","IDClienteSAE":4947,"NombreCliente":"CONCRETOS DELESE","IDUso":7,"NombreUso":"Firme","IDProducto":1544,"NombreProducto":"CONCRETO f\u0027c=200 Ag=20 Rev=18 A1 D","Remision":"M6/67147","CveCiudad":"MTY","NombreVendedor":"OMAR HECTOR ARTEAGA"},{"Id_Viaje":3040947,"IDPedido":583203,"CargaViaje":1,"IDPlanta":23,"NombrePlantaViaje":"L1-Leon","IDUnidad":351,"NombreUnidad":"CR-237-DRH","IDOperador":1701,"NombreOperador":"MARTIN FLORES","IDEstatusViaje":1,"NombreEstatus":"Despachado","FechaInicio":"2/19/2026 12:00:00 AM","HoraInicio":"13:00","HoraFin":"15:00","IDObra":1004013,"NombreObra":"sacromonte 7","IDClienteSAE":1004,"NombreCliente":"INMOBILIARIA GESTORIA Y ASESORIA","IDUso":15,"NombreUso":"Zapatas","IDProducto":1219,"NombreProducto":"CONCRETO f\u0027c:200 Ag=20. Rev: 10 A1 D","Remision":"L1/41065","CveCiudad":"LEON","NombreVendedor":"OFICINA MATRIZ"},{"Id_Viaje":3040949,"IDPedido":583228,"CargaViaje":6,"IDPlanta":36,"NombrePlantaViaje":"Q1-Apaseo","IDUnidad":279,"NombreUnidad":"CR-228","IDOperador":1612,"NombreOperador":"LUIS ALBERTO REYES","IDEstatusViaje":2,"NombreEstatus":"Entregado","FechaInicio":"2/19/2026 12:00:00 AM","HoraInicio":"14:00","HoraFin":"16:00","IDObra":1081015,"NombreObra":"OXXO TS TRUCKING PIQ","IDClienteSAE":1081,"NombreCliente":"HOREB PROYECCION","IDUso":2,"NombreUso":"Cimentacion","IDProducto":4427,"NombreProducto":"CONCRETO f\u0027c=200 Ag=20 Rev=14 D 28","Remision":"Q1/11565","CveCiudad":"QRO","NombreVendedor":"MIGUEL ANGEL GUTIERREZ"},{"Id_Viaje":3040951,"IDPedido":583228,"CargaViaje":6,"IDPlanta":36,"NombrePlantaViaje":"Q1-Apaseo","IDUnidad":382,"NombreUnidad":"CR-9RH","IDOperador":1586,"NombreOperador":"RAMIRO HERNANDEZ","IDEstatusViaje":2,"NombreEstatus":"Entregado","FechaInicio":"2/19/2026 12:00:00 AM","HoraInicio":"14:10","HoraFin":"16:10","IDObra":1081015,"NombreObra":"OXXO TS TRUCKING PIQ","IDClienteSAE":1081,"NombreCliente":"HOREB PROYECCION","IDUso":2,"NombreUso":"Cimentacion","IDProducto":4427,"NombreProducto":"CONCRETO f\u0027c=200 Ag=20 Rev=14 D 28","Remision":"Q1/11566","CveCiudad":"QRO","NombreVendedor":"MIGUEL ANGEL GUTIERREZ"},{"Id_Viaje":3040953,"IDPedido":583228,"CargaViaje":6,"IDPlanta":36,"NombrePlantaViaje":"Q1-Apaseo","IDUnidad":104,"NombreUnidad":"CR-024","IDOperador":1524,"NombreOperador":"ALEJANDRO VALLEJO","IDEstatusViaje":2,"NombreEstatus":"Entregado","FechaInicio":"2/19/2026 12:00:00 AM","HoraInicio":"14:20","HoraFin":"16:20","IDObra":1081015,"NombreObra":"OXXO TS TRUCKING PIQ","IDClienteSAE":1081,"NombreCliente":"HOREB PROYECCION","IDUso":2,"NombreUso":"Cimentacion","IDProducto":4427,"NombreProducto":"CONCRETO f\u0027c=200 Ag=20 Rev=14 D 28","Remision":"Q1/11567","CveCiudad":"QRO","NombreVendedor":"MIGUEL ANGEL GUTIERREZ"},{"Id_Viaje":3040955,"IDPedido":583211,"CargaViaje":2,"IDPlanta":23,"NombrePlantaViaje":"L1-Leon","IDUnidad":352,"NombreUnidad":"CR-246-NRH","IDOperador":1325,"NombreOperador":"RAMIRO HERNANDEZ","IDEstatusViaje":1,"NombreEstatus":"Despachado","FechaInicio":"2/19/2026 12:00:00 AM","HoraInicio":"15:00","HoraFin":"17:00","IDObra":3166001,"NombreObra":"ROBR2 UNION DE SAN ANTONIO","IDClienteSAE":3166,"NombreCliente":"ROBR2 CONSTRUCCIONES","IDUso":21,"NombreUso":"Castillos","IDProducto":1219,"NombreProducto":"CONCRETO f\u0027c:200 Ag=20. Rev: 10 A1 D","Remision":"L1/41066","CveCiudad":"LEON","NombreVendedor":"OFICINA MATRIZ"},{"Id_Viaje":3040957,"IDPedido":583229,"CargaViaje":1.5,"IDPlanta":30,"NombrePlantaViaje":"P1-Coronango","IDUnidad":197,"NombreUnidad":"CR-160","IDOperador":1016,"NombreOperador":"FRANCISCO MANUEL PARDO","IDEstatusViaje":1,"NombreEstatus":"Despachado","FechaInicio":"2/19/2026 12:00:00 AM","HoraInicio":"13:30","HoraFin":"15:30","IDObra":1211008,"NombreObra":"JARDINES DEL ameyal","IDClienteSAE":1211,"NombreCliente":"OPERADORA ALTUS","IDUso":21,"NombreUso":"Castillos","IDProducto":11315,"NombreProducto":"CONCRETO f\u0027c=200 Ag=10 Rev=14 D 28","Remision":"P1/38615","CveCiudad":"PUE","NombreVendedor":"VENDEDOR PUEBLA ."},{"Id_Viaje":3040959,"IDPedido":583143,"CargaViaje":6,"IDPlanta":11,"NombrePlantaViaje":"M4-Centro","IDUnidad":315,"NombreUnidad":"CR-232","IDOperador":1452,"NombreOperador":"VICTOR LOPEZ","IDEstatusViaje":2,"NombreEstatus":"Entregado","FechaInicio":"2/19/2026 12:00:00 AM","HoraInicio":"23:30","HoraFin":"01:30","IDObra":12142002,"NombreObra":"casa blanca","IDClienteSAE":12142,"NombreCliente":"F \u0026 C CONSULTORIA Y CONSTRUCCION","IDUso":2,"NombreUso":"Cimentacion","IDProducto":491,"NombreProducto":"CONCRETO f\u0027c=200 Ag=20 Rev=14 A1 B","Remision":"M4/89213","CveCiudad":"MTY","NombreVendedor":"CESAR LUNA"},{"Id_Viaje":3040963,"IDPedido":583207,"CargaViaje":7,"IDPlanta":34,"NombrePlantaViaje":"A2-San Francisco","IDUnidad":295,"NombreUnidad":"CR-065","IDOperador":675,"NombreOperador":"JUAN ANTONIO HERRERA","IDEstatusViaje":1,"NombreEstatus":"Despachado","FechaInicio":"2/19/2026 12:00:00 AM","HoraInicio":"14:30","HoraFin":"16:30","IDObra":5026001,"NombreObra":"ESTEBAN HERNANDEZ HERNANDEZ","IDClienteSAE":5026,"NombreCliente":"ESTEBAN HERNANDEZ HERNANDEZ","IDUso":8,"NombreUso":"Losa","IDProducto":1022,"NombreProducto":"CONCRETO f\u0027c:200 Ag=20 Rev:14 A1 B","Remision":"A2/41659","CveCiudad":"AGS","NombreVendedor":"CASA CASA"},{"Id_Viaje":3040967,"IDPedido":583230,"CargaViaje":5,"IDPlanta":30,"NombrePlantaViaje":"P1-Coronango","IDUnidad":198,"NombreUnidad":"CR-161","IDOperador":1008,"NombreOperador":"CARLOS ARMAS","IDEstatusViaje":1,"NombreEstatus":"Despachado","FechaInicio":"2/19/2026 12:00:00 AM","HoraInicio":"13:30","HoraFin":"15:30","IDObra":1891001,"NombreObra":"AUTOPISTA A TLAXCALA","IDClienteSAE":1891,"NombreCliente":"TECNICOS ESPECIALIZADOS DE CHIAPAS","IDUso":7,"NombreUso":"Firme","IDProducto":3689,"NombreProducto":"CONCRETO f`c:150 Ag=20 Rev:14 A1 D","Remision":"P1/38616","CveCiudad":"PUE","NombreVendedor":"VENDEDOR PUEBLA ."},{"Id_Viaje":3040969,"IDPedido":583230,"CargaViaje":4.5,"IDPlanta":30,"NombrePlantaViaje":"P1-Coronango","IDUnidad":199,"NombreUnidad":"CR-162","IDOperador":1005,"NombreOperador":"DAVID FLORES","IDEstatusViaje":1,"NombreEstatus":"Despachado","FechaInicio":"2/19/2026 12:00:00 AM","HoraInicio":"13:40","HoraFin":"15:40","IDObra":1891001,"NombreObra":"AUTOPISTA A TLAXCALA","IDClienteSAE":1891,"NombreCliente":"TECNICOS ESPECIALIZADOS DE CHIAPAS","IDUso":7,"NombreUso":"Firme","IDProducto":3689,"NombreProducto":"CONCRETO f`c:150 Ag=20 Rev:14 A1 D","Remision":"P1/38620","CveCiudad":"PUE","NombreVendedor":"VENDEDOR PUEBLA ."},{"Id_Viaje":3040971,"IDPedido":583232,"CargaViaje":7,"IDPlanta":36,"NombrePlantaViaje":"Q1-Apaseo","IDUnidad":266,"NombreUnidad":"CR-136","IDOperador":1585,"NombreOperador":"CARLOS ANTONIO VILLALVA","IDEstatusViaje":2,"NombreEstatus":"Entregado","FechaInicio":"2/19/2026 12:00:00 AM","HoraInicio":"14:30","HoraFin":"16:30","IDObra":1012001,"NombreObra":"arimatea - meseta habitatt","IDClienteSAE":1012,"NombreCliente":"INMOBILIARIA GESTORIA Y ASESORIA","IDUso":2,"NombreUso":"Cimentacion","IDProducto":4355,"NombreProducto":"CONCRETO f\u0027c=250 Ag=20 Rev=10 D 28","Remision":"Q1/11568","CveCiudad":"QRO","NombreVendedor":"YIMI EDUARDO VAZQUEZ"},{"Id_Viaje":3040973,"IDPedido":583233,"CargaViaje":3,"IDPlanta":30,"NombrePlantaViaje":"P1-Coronango","IDUnidad":200,"NombreUnidad":"CR-163","IDOperador":1186,"NombreOperador":"AARON GUTIERREZ","IDEstatusViaje":1,"NombreEstatus":"Despachado","FechaInicio":"2/19/2026 12:00:00 AM","HoraInicio":"14:00","HoraFin":"16:00","IDObra":845011,"NombreObra":"fracc platiniO","IDClienteSAE":845,"NombreCliente":"GRUPO BRECASA","IDUso":21,"NombreUso":"Castillos","IDProducto":11315,"NombreProducto":"CONCRETO f\u0027c=200 Ag=10 Rev=14 D 28","Remision":"P1/38617","CveCiudad":"PUE","NombreVendedor":"VENDEDOR PUEBLA ."},{"Id_Viaje":3040975,"IDPedido":583231,"CargaViaje":2,"IDPlanta":20,"NombrePlantaViaje":"A1-Ojo Caliente","IDUnidad":109,"NombreUnidad":"CR-106","IDOperador":49,"NombreOperador":"ANTONIO RAMIREZ","IDEstatusViaje":1,"NombreEstatus":"Despachado","FechaInicio":"2/19/2026 12:00:00 AM","HoraInicio":"14:30","HoraFin":"16:30","IDObra":3435010,"NombreObra":"GUADALUPE PERALTA","IDClienteSAE":3435,"NombreCliente":"ATECO","IDUso":25,"NombreUso":"Pavimento","IDProducto":3563,"NombreProducto":"CONCRETO MR= 45 Ag=40 Rev:10 R3 D.","Remision":"A1/96547","CveCiudad":"AGS","NombreVendedor":"HECTOR VILLANUEVA"},{"Id_Viaje":3040981,"IDPedido":582614,"CargaViaje":5,"IDPlanta":16,"NombrePlantaViaje":"M6-Juarez","IDUnidad":347,"NombreUnidad":"CR-099","IDOperador":1190,"NombreOperador":"SAUL GUAJARDO","IDEstatusViaje":2,"NombreEstatus":"Entregado","FechaInicio":"2/19/2026 12:00:00 AM","HoraInicio":"23:10","HoraFin":"23:40","IDObra":9876034,"NombreObra":"corfu residencial","IDClienteSAE":9876,"NombreCliente":"MX CONSTRUCCIONES","IDUso":7,"NombreUso":"Firme","IDProducto":483,"NombreProducto":"CONCRETO f\u0027c=200 Ag=20. Rev=10 A1 D","Remision":"M6/67148","CveCiudad":"MTY","NombreVendedor":"ENRIQUE ALVAREZ"},{"Id_Viaje":3040983,"IDPedido":583212,"CargaViaje":2.5,"IDPlanta":23,"NombrePlantaViaje":"L1-Leon","IDUnidad":77,"NombreUnidad":"CR193-1RG","IDOperador":1623,"NombreOperador":"JORGE IGNACIO NEGRETE","IDEstatusViaje":1,"NombreEstatus":"Despachado","FechaInicio":"2/19/2026 12:00:00 AM","HoraInicio":"15:00","HoraFin":"17:00","IDObra":1004013,"NombreObra":"sacromonte 7","IDClienteSAE":1004,"NombreCliente":"INMOBILIARIA GESTORIA Y ASESORIA","IDUso":21,"NombreUso":"Castillos","IDProducto":11361,"NombreProducto":"CONCRETO f\u0027c=150 Ag=10 Rev=14 D 28","Remision":"L1/41067","CveCiudad":"LEON","NombreVendedor":"OFICINA MATRIZ"},{"Id_Viaje":3040985,"IDPedido":583236,"CargaViaje":4.5,"IDPlanta":30,"NombrePlantaViaje":"P1-Coronango","IDUnidad":249,"NombreUnidad":"CR-175","IDOperador":1009,"NombreOperador":"ALBERTO CORTEZ","IDEstatusViaje":1,"NombreEstatus":"Despachado","FechaInicio":"2/19/2026 12:00:00 AM","HoraInicio":"15:00","HoraFin":"17:00","IDObra":1847001,"NombreObra":"CBTIS 300","IDClienteSAE":1847,"NombreCliente":"ESPECIALISTAS EN ACABADOS PROFESIONALES","IDUso":7,"NombreUso":"Firme","IDProducto":10323,"NombreProducto":"CONCRETO f\u0027c: 250 Ag=20 Rev.14 A1 D","Remision":"P1/38619","CveCiudad":"PUE","NombreVendedor":"GUADALUPE HERNANDEZ"},{"Id_Viaje":3040987,"IDPedido":582819,"CargaViaje":7,"IDPlanta":19,"NombrePlantaViaje":"M1-Apodaca","IDUnidad":309,"NombreUnidad":"CR-117","IDOperador":1470,"NombreOperador":"ERICK BENJAMIN HERRERA","IDEstatusViaje":2,"NombreEstatus":"Entregado","FechaInicio":"2/19/2026 12:00:00 AM","HoraInicio":"23:20","HoraFin":"23:50","IDObra":11623002,"NombreObra":"sungwoo hitech apartament","IDClienteSAE":11623,"NombreCliente":"TAEINS MEXICO","IDUso":7,"NombreUso":"Firme","IDProducto":551,"NombreProducto":"CONCRETO f\u0027c=250 Ag=20 Rev=14 A1 D","Remision":"M1/91224","CveCiudad":"MTY","NombreVendedor":"CASA PROGRAMACION"},{"Id_Viaje":3041005,"IDPedido":583239,"CargaViaje":3,"IDPlanta":36,"NombrePlantaViaje":"Q1-Apaseo","IDUnidad":268,"NombreUnidad":"CR-137","IDOperador":1684,"NombreOperador":"BENJAMIN ROMAN","IDEstatusViaje":2,"NombreEstatus":"Entregado","FechaInicio":"2/19/2026 12:00:00 AM","HoraInicio":"15:30","HoraFin":"17:30","IDObra":1012001,"NombreObra":"arimatea - meseta habitatt","IDClienteSAE":1012,"NombreCliente":"INMOBILIARIA GESTORIA Y ASESORIA","IDUso":21,"NombreUso":"Castillos","IDProducto":10455,"NombreProducto":"CONCRETO f\u0027c=150 Ag=10 Rev=10 D 28","Remision":"Q1/11569","CveCiudad":"QRO","NombreVendedor":"YIMI EDUARDO VAZQUEZ"},{"Id_Viaje":3041007,"IDPedido":583240,"CargaViaje":4.5,"IDPlanta":30,"NombrePlantaViaje":"P1-Coronango","IDUnidad":250,"NombreUnidad":"CR-180","IDOperador":1011,"NombreOperador":"ALBERTO JESUS ALVAREZ","IDEstatusViaje":1,"NombreEstatus":"Despachado","FechaInicio":"2/19/2026 12:00:00 AM","HoraInicio":"16:00","HoraFin":"18:00","IDObra":1847001,"NombreObra":"CBTIS 300","IDClienteSAE":1847,"NombreCliente":"ESPECIALISTAS EN ACABADOS PROFESIONALES","IDUso":7,"NombreUso":"Firme","IDProducto":10323,"NombreProducto":"CONCRETO f\u0027c: 250 Ag=20 Rev.14 A1 D","Remision":"P1/38621","CveCiudad":"PUE","NombreVendedor":"GUADALUPE HERNANDEZ"},{"Id_Viaje":3041009,"IDPedido":582867,"CargaViaje":7,"IDPlanta":11,"NombrePlantaViaje":"M4-Centro","IDUnidad":314,"NombreUnidad":"CR-229","IDOperador":1529,"NombreOperador":"ENRIQUE YESCAS","IDEstatusViaje":1,"NombreEstatus":"Despachado","FechaInicio":"2/19/2026 12:00:00 AM","HoraInicio":"23:30","HoraFin":"01:30","IDObra":12154003,"NombreObra":"heb la fe","IDClienteSAE":12154,"NombreCliente":"EDIFICADORA INDUSTRIAL DEL RIO","IDUso":5,"NombreUso":"Cordon","IDProducto":560,"NombreProducto":"CONCRETO f\u0027c=200 Ag=20 Rev=08 A1 D","Remision":"M4/89217","CveCiudad":"MTY","NombreVendedor":"CESAR LUNA"}]