[{"Id_Viaje":3037498,"IDPedido":582507,"CargaViaje":6,"IDPlanta":15,"NombrePlantaViaje":"M5-Santiago","IDUnidad":28,"NombreUnidad":"CR-241","IDOperador":1509,"NombreOperador":"JUAN LUIS ROCHA","IDEstatusViaje":2,"NombreEstatus":"Entregado","FechaInicio":"2/11/2026 12:00:00 AM","HoraInicio":"07:30","HoraFin":"09:30","IDObra":12191002,"NombreObra":"los encinos","IDClienteSAE":12191,"NombreCliente":"INGENIERIA DE PAVIMENTOS ASFALTICOS Y TOPOGRAFIA","IDUso":1,"NombreUso":"Banqueta","IDProducto":513,"NombreProducto":"CONCRETO f\u0027c=200 Ag=20 Rev=14 A1 D","Remision":"M5/37079","CveCiudad":"MTY","NombreVendedor":"CASA PROGRAMACION"},{"Id_Viaje":3037504,"IDPedido":582236,"CargaViaje":4,"IDPlanta":16,"NombrePlantaViaje":"M6-Juarez","IDUnidad":371,"NombreUnidad":"CR-008","IDOperador":1199,"NombreOperador":"GABRIEL RIVERA","IDEstatusViaje":2,"NombreEstatus":"Entregado","FechaInicio":"2/11/2026 12:00:00 AM","HoraInicio":"08:00","HoraFin":"10:00","IDObra":12040002,"NombreObra":"dalias ii residencial","IDClienteSAE":12040,"NombreCliente":"BLANCA NELLY HERRERA FLORES","IDUso":1,"NombreUso":"Banqueta","IDProducto":513,"NombreProducto":"CONCRETO f\u0027c=200 Ag=20 Rev=14 A1 D","Remision":"M6/67070","CveCiudad":"MTY","NombreVendedor":"OMAR HECTOR ARTEAGA"},{"Id_Viaje":3037765,"IDPedido":582573,"CargaViaje":6,"IDPlanta":11,"NombrePlantaViaje":"M4-Centro","IDUnidad":78,"NombreUnidad":"CR-062","IDOperador":1478,"NombreOperador":"VICTOR HUGO MARTINEZ","IDEstatusViaje":2,"NombreEstatus":"Entregado","FechaInicio":"2/11/2026 12:00:00 AM","HoraInicio":"07:30","HoraFin":"09:30","IDObra":11594002,"NombreObra":"depas san nicolas","IDClienteSAE":11594,"NombreCliente":"PROYECTOS NEM","IDUso":17,"NombreUso":"Escalera","IDProducto":511,"NombreProducto":"CONCRETO f\u0027c=250 Ag=20 Rev=14 A1 B","Remision":"M4/89098","CveCiudad":"MTY","NombreVendedor":"GUILLERMO RAMA HERRERA"},{"Id_Viaje":3037774,"IDPedido":582576,"CargaViaje":1,"IDPlanta":11,"NombrePlantaViaje":"M4-Centro","IDUnidad":173,"NombreUnidad":"CR-165","IDOperador":1758,"NombreOperador":"CESAR MICHEL CARREON","IDEstatusViaje":2,"NombreEstatus":"Entregado","FechaInicio":"2/11/2026 12:00:00 AM","HoraInicio":"13:30","HoraFin":"15:30","IDObra":10580001,"NombreObra":"catehua","IDClienteSAE":10580,"NombreCliente":"LEMURA VIVIENDA","IDUso":26,"NombreUso":"Mortero","IDProducto":2451,"NombreProducto":"MORTERO f\u0027c=100 Ag=A4 Rev=18 A1-B","Remision":"M4/89100","CveCiudad":"MTY","NombreVendedor":"BLANCA P. GARZA"},{"Id_Viaje":3037777,"IDPedido":582577,"CargaViaje":7,"IDPlanta":11,"NombrePlantaViaje":"M4-Centro","IDUnidad":210,"NombreUnidad":"CR-166","IDOperador":1198,"NombreOperador":"ALEJANDRO TREVIÑO","IDEstatusViaje":2,"NombreEstatus":"Entregado","FechaInicio":"2/11/2026 12:00:00 AM","HoraInicio":"13:00","HoraFin":"15:00","IDObra":10580001,"NombreObra":"catehua","IDClienteSAE":10580,"NombreCliente":"LEMURA VIVIENDA","IDUso":9,"NombreUso":"Muro","IDProducto":9970,"NombreProducto":"CONCRETO f\u0027c=450 Ag=20 Rev=18 B 28","Remision":"M4/89102","CveCiudad":"MTY","NombreVendedor":"BLANCA P. GARZA"},{"Id_Viaje":3037779,"IDPedido":582577,"CargaViaje":6,"IDPlanta":11,"NombrePlantaViaje":"M4-Centro","IDUnidad":214,"NombreUnidad":"CR-170","IDOperador":1722,"NombreOperador":"EDGAR JAVIER MARROQUIN","IDEstatusViaje":2,"NombreEstatus":"Entregado","FechaInicio":"2/11/2026 12:00:00 AM","HoraInicio":"13:10","HoraFin":"15:10","IDObra":10580001,"NombreObra":"catehua","IDClienteSAE":10580,"NombreCliente":"LEMURA VIVIENDA","IDUso":9,"NombreUso":"Muro","IDProducto":9970,"NombreProducto":"CONCRETO f\u0027c=450 Ag=20 Rev=18 B 28","Remision":"M4/89103","CveCiudad":"MTY","NombreVendedor":"BLANCA P. GARZA"},{"Id_Viaje":3037781,"IDPedido":582577,"CargaViaje":7,"IDPlanta":11,"NombrePlantaViaje":"M4-Centro","IDUnidad":213,"NombreUnidad":"CR-171","IDOperador":1610,"NombreOperador":"MOISES ISRAEL HERNANDEZ","IDEstatusViaje":2,"NombreEstatus":"Entregado","FechaInicio":"2/11/2026 12:00:00 AM","HoraInicio":"13:20","HoraFin":"15:20","IDObra":10580001,"NombreObra":"catehua","IDClienteSAE":10580,"NombreCliente":"LEMURA VIVIENDA","IDUso":9,"NombreUso":"Muro","IDProducto":9970,"NombreProducto":"CONCRETO f\u0027c=450 Ag=20 Rev=18 B 28","Remision":"M4/89101","CveCiudad":"MTY","NombreVendedor":"BLANCA P. GARZA"},{"Id_Viaje":3037784,"IDPedido":582504,"CargaViaje":4,"IDPlanta":11,"NombrePlantaViaje":"M4-Centro","IDUnidad":212,"NombreUnidad":"CR-172","IDOperador":1741,"NombreOperador":"YAUDEL VILLAMONTE","IDEstatusViaje":2,"NombreEstatus":"Entregado","FechaInicio":"2/11/2026 12:00:00 AM","HoraInicio":"12:30","HoraFin":"14:30","IDObra":11455004,"NombreObra":"luno departamentos","IDClienteSAE":11455,"NombreCliente":"ALFA ARQUITECTURA BIENES RAICES","IDUso":2,"NombreUso":"Cimentacion","IDProducto":513,"NombreProducto":"CONCRETO f\u0027c=200 Ag=20 Rev=14 A1 D","Remision":"M4/89099","CveCiudad":"MTY","NombreVendedor":"CESAR LUNA"},{"Id_Viaje":3037814,"IDPedido":582257,"CargaViaje":5,"IDPlanta":16,"NombrePlantaViaje":"M6-Juarez","IDUnidad":209,"NombreUnidad":"CR-169","IDOperador":1226,"NombreOperador":"FRANCISCO JAVIER ARAUJO RAMOS","IDEstatusViaje":2,"NombreEstatus":"Entregado","FechaInicio":"2/11/2026 12:00:00 AM","HoraInicio":"09:00","HoraFin":"11:00","IDObra":10117012,"NombreObra":"corfu residencial","IDClienteSAE":10117,"NombreCliente":"RESIDE INMUEBLES","IDUso":1,"NombreUso":"Banqueta","IDProducto":481,"NombreProducto":"CONCRETO f\u0027c=150 Ag=20 Rev=10 A1 D","Remision":"M6/67071","CveCiudad":"MTY","NombreVendedor":"ENRIQUE ALVAREZ"},{"Id_Viaje":3037816,"IDPedido":582094,"CargaViaje":7,"IDPlanta":16,"NombrePlantaViaje":"M6-Juarez","IDUnidad":338,"NombreUnidad":"CR-204","IDOperador":1117,"NombreOperador":"JUAN FERNANDO TOBIAS","IDEstatusViaje":2,"NombreEstatus":"Entregado","FechaInicio":"2/11/2026 12:00:00 AM","HoraInicio":"10:00","HoraFin":"12:00","IDObra":9876034,"NombreObra":"corfu residencial","IDClienteSAE":9876,"NombreCliente":"MX CONSTRUCCIONES","IDUso":24,"NombreUso":"Pilotes","IDProducto":483,"NombreProducto":"CONCRETO f\u0027c=200 Ag=20. Rev=10 A1 D","Remision":"M6/67072","CveCiudad":"MTY","NombreVendedor":"ENRIQUE ALVAREZ"},{"Id_Viaje":3037826,"IDPedido":582581,"CargaViaje":7,"IDPlanta":16,"NombrePlantaViaje":"M6-Juarez","IDUnidad":209,"NombreUnidad":"CR-169","IDOperador":1226,"NombreOperador":"FRANCISCO JAVIER ARAUJO RAMOS","IDEstatusViaje":2,"NombreEstatus":"Entregado","FechaInicio":"2/11/2026 12:00:00 AM","HoraInicio":"13:30","HoraFin":"15:30","IDObra":12150002,"NombreObra":"VISTAS DEL SEMINARIO QUINTO SECTOR","IDClienteSAE":12150,"NombreCliente":"MAQUINARIA Y CONSTRUCTORA SEPULVEDA DE MONTERREY","IDUso":8,"NombreUso":"Losa","IDProducto":491,"NombreProducto":"CONCRETO f\u0027c=200 Ag=20 Rev=14 A1 B","Remision":"M6/67079","CveCiudad":"MTY","NombreVendedor":"CESAR LUNA"},{"Id_Viaje":3037828,"IDPedido":582581,"CargaViaje":7,"IDPlanta":16,"NombrePlantaViaje":"M6-Juarez","IDUnidad":338,"NombreUnidad":"CR-204","IDOperador":1117,"NombreOperador":"JUAN FERNANDO TOBIAS","IDEstatusViaje":2,"NombreEstatus":"Entregado","FechaInicio":"2/11/2026 12:00:00 AM","HoraInicio":"13:40","HoraFin":"15:40","IDObra":12150002,"NombreObra":"VISTAS DEL SEMINARIO QUINTO SECTOR","IDClienteSAE":12150,"NombreCliente":"MAQUINARIA Y CONSTRUCTORA SEPULVEDA DE MONTERREY","IDUso":8,"NombreUso":"Losa","IDProducto":491,"NombreProducto":"CONCRETO f\u0027c=200 Ag=20 Rev=14 A1 B","Remision":"M6/67077","CveCiudad":"MTY","NombreVendedor":"CESAR LUNA"},{"Id_Viaje":3037846,"IDPedido":582502,"CargaViaje":7,"IDPlanta":11,"NombrePlantaViaje":"M4-Centro","IDUnidad":43,"NombreUnidad":"CR-173","IDOperador":1563,"NombreOperador":"JOSE ALFREDO DE LEON","IDEstatusViaje":2,"NombreEstatus":"Entregado","FechaInicio":"2/11/2026 12:00:00 AM","HoraInicio":"22:00","HoraFin":"00:00","IDObra":4486060,"NombreObra":"la rioja","IDClienteSAE":4486,"NombreCliente":"CONSTRU SHENSA","IDUso":8,"NombreUso":"Losa","IDProducto":1557,"NombreProducto":"CONCRETO f\u0027c=250 Ag=20 Rev=18 A1 B","Remision":"M4/89107","CveCiudad":"MTY","NombreVendedor":"OMAR HECTOR ARTEAGA"},{"Id_Viaje":3037848,"IDPedido":582502,"CargaViaje":7,"IDPlanta":11,"NombrePlantaViaje":"M4-Centro","IDUnidad":206,"NombreUnidad":"CR-174","IDOperador":1692,"NombreOperador":"IVAN ENRIQUE PULGARIN","IDEstatusViaje":2,"NombreEstatus":"Entregado","FechaInicio":"2/11/2026 12:00:00 AM","HoraInicio":"22:10","HoraFin":"00:10","IDObra":4486060,"NombreObra":"la rioja","IDClienteSAE":4486,"NombreCliente":"CONSTRU SHENSA","IDUso":8,"NombreUso":"Losa","IDProducto":1557,"NombreProducto":"CONCRETO f\u0027c=250 Ag=20 Rev=18 A1 B","Remision":"M4/89112","CveCiudad":"MTY","NombreVendedor":"OMAR HECTOR ARTEAGA"},{"Id_Viaje":3037850,"IDPedido":582502,"CargaViaje":7,"IDPlanta":11,"NombrePlantaViaje":"M4-Centro","IDUnidad":366,"NombreUnidad":"CR-235","IDOperador":1198,"NombreOperador":"ALEJANDRO TREVIÑO","IDEstatusViaje":2,"NombreEstatus":"Entregado","FechaInicio":"2/11/2026 12:00:00 AM","HoraInicio":"22:20","HoraFin":"00:20","IDObra":4486060,"NombreObra":"la rioja","IDClienteSAE":4486,"NombreCliente":"CONSTRU SHENSA","IDUso":8,"NombreUso":"Losa","IDProducto":1557,"NombreProducto":"CONCRETO f\u0027c=250 Ag=20 Rev=18 A1 B","Remision":"M4/89110","CveCiudad":"MTY","NombreVendedor":"OMAR HECTOR ARTEAGA"},{"Id_Viaje":3037852,"IDPedido":582502,"CargaViaje":7,"IDPlanta":11,"NombrePlantaViaje":"M4-Centro","IDUnidad":8,"NombreUnidad":"CR-244","IDOperador":1151,"NombreOperador":"GERARDO GARCIA","IDEstatusViaje":2,"NombreEstatus":"Entregado","FechaInicio":"2/11/2026 12:00:00 AM","HoraInicio":"22:30","HoraFin":"00:30","IDObra":4486060,"NombreObra":"la rioja","IDClienteSAE":4486,"NombreCliente":"CONSTRU SHENSA","IDUso":8,"NombreUso":"Losa","IDProducto":1557,"NombreProducto":"CONCRETO f\u0027c=250 Ag=20 Rev=18 A1 B","Remision":"M4/89109","CveCiudad":"MTY","NombreVendedor":"OMAR HECTOR ARTEAGA"},{"Id_Viaje":3037854,"IDPedido":582502,"CargaViaje":7,"IDPlanta":11,"NombrePlantaViaje":"M4-Centro","IDUnidad":376,"NombreUnidad":"CR-247","IDOperador":1466,"NombreOperador":"JOSE GUADALUPE ESMERALDA","IDEstatusViaje":2,"NombreEstatus":"Entregado","FechaInicio":"2/11/2026 12:00:00 AM","HoraInicio":"22:40","HoraFin":"00:40","IDObra":4486060,"NombreObra":"la rioja","IDClienteSAE":4486,"NombreCliente":"CONSTRU SHENSA","IDUso":8,"NombreUso":"Losa","IDProducto":1557,"NombreProducto":"CONCRETO f\u0027c=250 Ag=20 Rev=18 A1 B","Remision":"M4/89105","CveCiudad":"MTY","NombreVendedor":"OMAR HECTOR ARTEAGA"},{"Id_Viaje":3037856,"IDPedido":582502,"CargaViaje":7,"IDPlanta":11,"NombrePlantaViaje":"M4-Centro","IDUnidad":78,"NombreUnidad":"CR-062","IDOperador":1478,"NombreOperador":"VICTOR HUGO MARTINEZ","IDEstatusViaje":2,"NombreEstatus":"Entregado","FechaInicio":"2/11/2026 12:00:00 AM","HoraInicio":"22:50","HoraFin":"00:50","IDObra":4486060,"NombreObra":"la rioja","IDClienteSAE":4486,"NombreCliente":"CONSTRU SHENSA","IDUso":8,"NombreUso":"Losa","IDProducto":1557,"NombreProducto":"CONCRETO f\u0027c=250 Ag=20 Rev=18 A1 B","Remision":"M4/89104","CveCiudad":"MTY","NombreVendedor":"OMAR HECTOR ARTEAGA"},{"Id_Viaje":3037858,"IDPedido":582502,"CargaViaje":7,"IDPlanta":11,"NombrePlantaViaje":"M4-Centro","IDUnidad":173,"NombreUnidad":"CR-165","IDOperador":1758,"NombreOperador":"CESAR MICHEL CARREON","IDEstatusViaje":2,"NombreEstatus":"Entregado","FechaInicio":"2/11/2026 12:00:00 AM","HoraInicio":"23:00","HoraFin":"01:00","IDObra":4486060,"NombreObra":"la rioja","IDClienteSAE":4486,"NombreCliente":"CONSTRU SHENSA","IDUso":8,"NombreUso":"Losa","IDProducto":1557,"NombreProducto":"CONCRETO f\u0027c=250 Ag=20 Rev=18 A1 B","Remision":"M4/89106","CveCiudad":"MTY","NombreVendedor":"OMAR HECTOR ARTEAGA"},{"Id_Viaje":3037860,"IDPedido":582502,"CargaViaje":7,"IDPlanta":11,"NombrePlantaViaje":"M4-Centro","IDUnidad":210,"NombreUnidad":"CR-166","IDOperador":1198,"NombreOperador":"ALEJANDRO TREVIÑO","IDEstatusViaje":2,"NombreEstatus":"Entregado","FechaInicio":"2/11/2026 12:00:00 AM","HoraInicio":"23:10","HoraFin":"01:10","IDObra":4486060,"NombreObra":"la rioja","IDClienteSAE":4486,"NombreCliente":"CONSTRU SHENSA","IDUso":8,"NombreUso":"Losa","IDProducto":1557,"NombreProducto":"CONCRETO f\u0027c=250 Ag=20 Rev=18 A1 B","Remision":"M4/89114","CveCiudad":"MTY","NombreVendedor":"OMAR HECTOR ARTEAGA"},{"Id_Viaje":3037862,"IDPedido":582502,"CargaViaje":7,"IDPlanta":11,"NombrePlantaViaje":"M4-Centro","IDUnidad":214,"NombreUnidad":"CR-170","IDOperador":1722,"NombreOperador":"EDGAR JAVIER MARROQUIN","IDEstatusViaje":2,"NombreEstatus":"Entregado","FechaInicio":"2/11/2026 12:00:00 AM","HoraInicio":"23:20","HoraFin":"01:20","IDObra":4486060,"NombreObra":"la rioja","IDClienteSAE":4486,"NombreCliente":"CONSTRU SHENSA","IDUso":8,"NombreUso":"Losa","IDProducto":1557,"NombreProducto":"CONCRETO f\u0027c=250 Ag=20 Rev=18 A1 B","Remision":"M4/89108","CveCiudad":"MTY","NombreVendedor":"OMAR HECTOR ARTEAGA"},{"Id_Viaje":3037864,"IDPedido":582502,"CargaViaje":7,"IDPlanta":11,"NombrePlantaViaje":"M4-Centro","IDUnidad":213,"NombreUnidad":"CR-171","IDOperador":1610,"NombreOperador":"MOISES ISRAEL HERNANDEZ","IDEstatusViaje":2,"NombreEstatus":"Entregado","FechaInicio":"2/11/2026 12:00:00 AM","HoraInicio":"23:30","HoraFin":"01:30","IDObra":4486060,"NombreObra":"la rioja","IDClienteSAE":4486,"NombreCliente":"CONSTRU SHENSA","IDUso":8,"NombreUso":"Losa","IDProducto":1557,"NombreProducto":"CONCRETO f\u0027c=250 Ag=20 Rev=18 A1 B","Remision":"M4/89115","CveCiudad":"MTY","NombreVendedor":"OMAR HECTOR ARTEAGA"},{"Id_Viaje":3037866,"IDPedido":582502,"CargaViaje":7,"IDPlanta":11,"NombrePlantaViaje":"M4-Centro","IDUnidad":212,"NombreUnidad":"CR-172","IDOperador":1741,"NombreOperador":"YAUDEL VILLAMONTE","IDEstatusViaje":2,"NombreEstatus":"Entregado","FechaInicio":"2/11/2026 12:00:00 AM","HoraInicio":"23:40","HoraFin":"01:40","IDObra":4486060,"NombreObra":"la rioja","IDClienteSAE":4486,"NombreCliente":"CONSTRU SHENSA","IDUso":8,"NombreUso":"Losa","IDProducto":1557,"NombreProducto":"CONCRETO f\u0027c=250 Ag=20 Rev=18 A1 B","Remision":"M4/89111","CveCiudad":"MTY","NombreVendedor":"OMAR HECTOR ARTEAGA"},{"Id_Viaje":3037868,"IDPedido":582502,"CargaViaje":7,"IDPlanta":11,"NombrePlantaViaje":"M4-Centro","IDUnidad":315,"NombreUnidad":"CR-232","IDOperador":1452,"NombreOperador":"VICTOR LOPEZ","IDEstatusViaje":2,"NombreEstatus":"Entregado","FechaInicio":"2/11/2026 12:00:00 AM","HoraInicio":"21:00","HoraFin":"21:30","IDObra":4486060,"NombreObra":"la rioja","IDClienteSAE":4486,"NombreCliente":"CONSTRU SHENSA","IDUso":8,"NombreUso":"Losa","IDProducto":1557,"NombreProducto":"CONCRETO f\u0027c=250 Ag=20 Rev=18 A1 B","Remision":"M4/89113","CveCiudad":"MTY","NombreVendedor":"OMAR HECTOR ARTEAGA"},{"Id_Viaje":3037871,"IDPedido":582582,"CargaViaje":5,"IDPlanta":8,"NombrePlantaViaje":"M3-Santa","IDUnidad":337,"NombreUnidad":"CR-200","IDOperador":1462,"NombreOperador":"JOSE LUIS RODRIGUEZ","IDEstatusViaje":2,"NombreEstatus":"Entregado","FechaInicio":"2/11/2026 12:00:00 AM","HoraInicio":"08:00","HoraFin":"10:00","IDObra":12126002,"NombreObra":"dominio huasteca","IDClienteSAE":12126,"NombreCliente":"GRESID","IDUso":1,"NombreUso":"Banqueta","IDProducto":589,"NombreProducto":"CONCRETO f\u0027c=150 Ag=20 Rev=12 A1 D","Remision":"M3/42699","CveCiudad":"MTY","NombreVendedor":"ENRIQUE ALVAREZ"},{"Id_Viaje":3037875,"IDPedido":582405,"CargaViaje":4,"IDPlanta":15,"NombrePlantaViaje":"M5-Santiago","IDUnidad":28,"NombreUnidad":"CR-241","IDOperador":1509,"NombreOperador":"JUAN LUIS ROCHA","IDEstatusViaje":2,"NombreEstatus":"Entregado","FechaInicio":"2/11/2026 12:00:00 AM","HoraInicio":"14:30","HoraFin":"16:30","IDObra":8894027,"NombreObra":"residencial viento nuevo","IDClienteSAE":8894,"NombreCliente":"ACRE PROMOTORA","IDUso":15,"NombreUso":"Zapatas","IDProducto":575,"NombreProducto":"CONCRETO f\u0027c=200 Ag=20 Rev=12 A1 D","Remision":"M5/37078","CveCiudad":"MTY","NombreVendedor":"ENRIQUE ALVAREZ"},{"Id_Viaje":3037893,"IDPedido":582586,"CargaViaje":7,"IDPlanta":15,"NombrePlantaViaje":"M5-Santiago","IDUnidad":216,"NombreUnidad":"CR-227","IDOperador":1468,"NombreOperador":"JOSE LUIS ESPARZA","IDEstatusViaje":2,"NombreEstatus":"Entregado","FechaInicio":"2/11/2026 12:00:00 AM","HoraInicio":"07:00","HoraFin":"09:00","IDObra":8894027,"NombreObra":"residencial viento nuevo","IDClienteSAE":8894,"NombreCliente":"ACRE PROMOTORA","IDUso":8,"NombreUso":"Losa","IDProducto":491,"NombreProducto":"CONCRETO f\u0027c=200 Ag=20 Rev=14 A1 B","Remision":"M5/37075","CveCiudad":"MTY","NombreVendedor":"ENRIQUE ALVAREZ"},{"Id_Viaje":3037899,"IDPedido":582586,"CargaViaje":7,"IDPlanta":15,"NombrePlantaViaje":"M5-Santiago","IDUnidad":315,"NombreUnidad":"CR-232","IDOperador":1452,"NombreOperador":"VICTOR LOPEZ","IDEstatusViaje":2,"NombreEstatus":"Entregado","FechaInicio":"2/11/2026 12:00:00 AM","HoraInicio":"09:00","HoraFin":"09:30","IDObra":8894027,"NombreObra":"residencial viento nuevo","IDClienteSAE":8894,"NombreCliente":"ACRE PROMOTORA","IDUso":8,"NombreUso":"Losa","IDProducto":491,"NombreProducto":"CONCRETO f\u0027c=200 Ag=20 Rev=14 A1 B","Remision":"M5/37076","CveCiudad":"MTY","NombreVendedor":"ENRIQUE ALVAREZ"},{"Id_Viaje":3037914,"IDPedido":582591,"CargaViaje":3.5,"IDPlanta":19,"NombrePlantaViaje":"M1-Apodaca","IDUnidad":40,"NombreUnidad":"CR-031","IDOperador":1157,"NombreOperador":"JUAN JOSE ROSARIO LOPEZ","IDEstatusViaje":2,"NombreEstatus":"Entregado","FechaInicio":"2/11/2026 12:00:00 AM","HoraInicio":"07:00","HoraFin":"09:00","IDObra":11686002,"NombreObra":"RAGASA","IDClienteSAE":11686,"NombreCliente":"CINCO AO CONSTRUCCIONES","IDUso":7,"NombreUso":"Firme","IDProducto":483,"NombreProducto":"CONCRETO f\u0027c=200 Ag=20. Rev=10 A1 D","Remision":"M1/91130","CveCiudad":"MTY","NombreVendedor":"SILVIA LOZANO"},{"Id_Viaje":3037916,"IDPedido":582447,"CargaViaje":7,"IDPlanta":19,"NombrePlantaViaje":"M1-Apodaca","IDUnidad":71,"NombreUnidad":"CR-038","IDOperador":1508,"NombreOperador":"VICTOR MANUEL CAMARILLO","IDEstatusViaje":2,"NombreEstatus":"Entregado","FechaInicio":"2/11/2026 12:00:00 AM","HoraInicio":"08:00","HoraFin":"10:00","IDObra":12154003,"NombreObra":"heb la fe","IDClienteSAE":12154,"NombreCliente":"EDIFICADORA INDUSTRIAL DEL RIO","IDUso":1,"NombreUso":"Banqueta","IDProducto":513,"NombreProducto":"CONCRETO f\u0027c=200 Ag=20 Rev=14 A1 D","Remision":"M1/91133","CveCiudad":"MTY","NombreVendedor":"CESAR LUNA"},{"Id_Viaje":3037922,"IDPedido":582365,"CargaViaje":7,"IDPlanta":19,"NombrePlantaViaje":"M1-Apodaca","IDUnidad":348,"NombreUnidad":"CR-070","IDOperador":1536,"NombreOperador":"JESUS LOPEZ","IDEstatusViaje":2,"NombreEstatus":"Entregado","FechaInicio":"2/11/2026 12:00:00 AM","HoraInicio":"09:00","HoraFin":"11:00","IDObra":11623002,"NombreObra":"sungwoo hitech apartament","IDClienteSAE":11623,"NombreCliente":"TAEINS MEXICO","IDUso":1,"NombreUso":"Banqueta","IDProducto":483,"NombreProducto":"CONCRETO f\u0027c=200 Ag=20. Rev=10 A1 D","Remision":"M1/91134","CveCiudad":"MTY","NombreVendedor":"CASA PROGRAMACION"},{"Id_Viaje":3037938,"IDPedido":582594,"CargaViaje":7,"IDPlanta":18,"NombrePlantaViaje":"M7-Salinas","IDUnidad":306,"NombreUnidad":"CR-197","IDOperador":963,"NombreOperador":"ROGELIO PEÑA","IDEstatusViaje":2,"NombreEstatus":"Entregado","FechaInicio":"2/11/2026 12:00:00 AM","HoraInicio":"11:00","HoraFin":"13:00","IDObra":12235002,"NombreObra":"kenworth cienega de flores","IDClienteSAE":12235,"NombreCliente":"JESUS ROMARIO GUERRERO MARTINEZ","IDUso":2,"NombreUso":"Cimentacion","IDProducto":551,"NombreProducto":"CONCRETO f\u0027c=250 Ag=20 Rev=14 A1 D","Remision":"M7/41050","CveCiudad":"MTY","NombreVendedor":"CESAR LUNA"},{"Id_Viaje":3037946,"IDPedido":582596,"CargaViaje":7,"IDPlanta":19,"NombrePlantaViaje":"M1-Apodaca","IDUnidad":26,"NombreUnidad":"CR-20","IDOperador":32,"NombreOperador":"ARMANDO MARTINEZ DELGADO","IDEstatusViaje":2,"NombreEstatus":"Entregado","FechaInicio":"2/11/2026 12:00:00 AM","HoraInicio":"07:30","HoraFin":"09:30","IDObra":57058,"NombreObra":"RESIDENCIAL PALMAS 1ER SECTOR","IDClienteSAE":57,"NombreCliente":"EDIFICACIONES SAGA","IDUso":8,"NombreUso":"Losa","IDProducto":491,"NombreProducto":"CONCRETO f\u0027c=200 Ag=20 Rev=14 A1 B","Remision":"M1/91131","CveCiudad":"MTY","NombreVendedor":"OMAR HECTOR ARTEAGA"},{"Id_Viaje":3037949,"IDPedido":582569,"CargaViaje":7,"IDPlanta":19,"NombrePlantaViaje":"M1-Apodaca","IDUnidad":144,"NombreUnidad":"CR-060","IDOperador":1535,"NombreOperador":"CRUZ HUMBERTO TREVIÑO","IDEstatusViaje":2,"NombreEstatus":"Entregado","FechaInicio":"2/11/2026 12:00:00 AM","HoraInicio":"08:30","HoraFin":"10:30","IDObra":11302015,"NombreObra":"casa blanca","IDClienteSAE":11302,"NombreCliente":"LUZ DE PARIS","IDUso":1,"NombreUso":"Banqueta","IDProducto":589,"NombreProducto":"CONCRETO f\u0027c=150 Ag=20 Rev=12 A1 D","Remision":"M1/91132","CveCiudad":"MTY","NombreVendedor":"BLANCA P. GARZA"},{"Id_Viaje":3037951,"IDPedido":582368,"CargaViaje":5.5,"IDPlanta":7,"NombrePlantaViaje":"M2-Escobedo","IDUnidad":339,"NombreUnidad":"CR- 243","IDOperador":1552,"NombreOperador":"JOSE ISAIAS ROCHA","IDEstatusViaje":2,"NombreEstatus":"Entregado","FechaInicio":"2/11/2026 12:00:00 AM","HoraInicio":"10:00","HoraFin":"12:00","IDObra":3826002,"NombreObra":"planta nemak","IDClienteSAE":3826,"NombreCliente":"DECOIN","IDUso":7,"NombreUso":"Firme","IDProducto":2433,"NombreProducto":"CONCRETO MR=48 Ag=40 Rev 14 A1 D","Remision":"M2/79890","CveCiudad":"MTY","NombreVendedor":"CARLOS SERGINHO GARCIA"},{"Id_Viaje":3037953,"IDPedido":582379,"CargaViaje":7,"IDPlanta":7,"NombrePlantaViaje":"M2-Escobedo","IDUnidad":309,"NombreUnidad":"CR-117","IDOperador":1470,"NombreOperador":"ERICK BENJAMIN HERRERA","IDEstatusViaje":2,"NombreEstatus":"Entregado","FechaInicio":"2/11/2026 12:00:00 AM","HoraInicio":"13:30","HoraFin":"15:30","IDObra":1534016,"NombreObra":"PLANTA MOYEDA","IDClienteSAE":1534,"NombreCliente":"CONSTRUCTORA MOYEDA","IDUso":14,"NombreUso":"Viga","IDProducto":11985,"NombreProducto":"CONCRETO f\u0027c=450 Ag20 Rv22B8036 Grn CTem Ceniza25","Remision":"M2/79891","CveCiudad":"MTY","NombreVendedor":"CASA PROGRAMACION"},{"Id_Viaje":3037955,"IDPedido":582379,"CargaViaje":7,"IDPlanta":7,"NombrePlantaViaje":"M2-Escobedo","IDUnidad":38,"NombreUnidad":"CR-120","IDOperador":1517,"NombreOperador":"JESUS ALBERTO SAUCEDA","IDEstatusViaje":2,"NombreEstatus":"Entregado","FechaInicio":"2/11/2026 12:00:00 AM","HoraInicio":"13:40","HoraFin":"15:40","IDObra":1534016,"NombreObra":"PLANTA MOYEDA","IDClienteSAE":1534,"NombreCliente":"CONSTRUCTORA MOYEDA","IDUso":14,"NombreUso":"Viga","IDProducto":11985,"NombreProducto":"CONCRETO f\u0027c=450 Ag20 Rv22B8036 Grn CTem Ceniza25","Remision":"M2/79892","CveCiudad":"MTY","NombreVendedor":"CASA PROGRAMACION"},{"Id_Viaje":3037957,"IDPedido":582379,"CargaViaje":7,"IDPlanta":7,"NombrePlantaViaje":"M2-Escobedo","IDUnidad":375,"NombreUnidad":"CR-121","IDOperador":78,"NombreOperador":"CARLOS ALBERTO VILLARREAL","IDEstatusViaje":2,"NombreEstatus":"Entregado","FechaInicio":"2/11/2026 12:00:00 AM","HoraInicio":"13:50","HoraFin":"15:50","IDObra":1534016,"NombreObra":"PLANTA MOYEDA","IDClienteSAE":1534,"NombreCliente":"CONSTRUCTORA MOYEDA","IDUso":14,"NombreUso":"Viga","IDProducto":11985,"NombreProducto":"CONCRETO f\u0027c=450 Ag20 Rv22B8036 Grn CTem Ceniza25","Remision":"M2/79894","CveCiudad":"MTY","NombreVendedor":"CASA PROGRAMACION"},{"Id_Viaje":3037959,"IDPedido":582379,"CargaViaje":7,"IDPlanta":7,"NombrePlantaViaje":"M2-Escobedo","IDUnidad":374,"NombreUnidad":"CR-189","IDOperador":1444,"NombreOperador":"HUMBERTO GONZALEZ","IDEstatusViaje":2,"NombreEstatus":"Entregado","FechaInicio":"2/11/2026 12:00:00 AM","HoraInicio":"14:00","HoraFin":"16:00","IDObra":1534016,"NombreObra":"PLANTA MOYEDA","IDClienteSAE":1534,"NombreCliente":"CONSTRUCTORA MOYEDA","IDUso":14,"NombreUso":"Viga","IDProducto":11985,"NombreProducto":"CONCRETO f\u0027c=450 Ag20 Rv22B8036 Grn CTem Ceniza25","Remision":"M2/79893","CveCiudad":"MTY","NombreVendedor":"CASA PROGRAMACION"},{"Id_Viaje":3038064,"IDPedido":582572,"CargaViaje":7,"IDPlanta":19,"NombrePlantaViaje":"M1-Apodaca","IDUnidad":378,"NombreUnidad":"CR-104","IDOperador":1534,"NombreOperador":"MIGUEL ANGEL ZAPATA","IDEstatusViaje":2,"NombreEstatus":"Entregado","FechaInicio":"2/11/2026 12:00:00 AM","HoraInicio":"08:40","HoraFin":"10:40","IDObra":11302024,"NombreObra":"las castas","IDClienteSAE":11302,"NombreCliente":"LUZ DE PARIS","IDUso":9,"NombreUso":"Muro","IDProducto":575,"NombreProducto":"CONCRETO f\u0027c=200 Ag=20 Rev=12 A1 D","Remision":"M1/91136","CveCiudad":"MTY","NombreVendedor":"CESAR LUNA"},{"Id_Viaje":3038068,"IDPedido":582617,"CargaViaje":4,"IDPlanta":16,"NombrePlantaViaje":"M6-Juarez","IDUnidad":133,"NombreUnidad":"CR-124","IDOperador":1546,"NombreOperador":"VICTOR ADRIAN HERNANDEZ","IDEstatusViaje":2,"NombreEstatus":"Entregado","FechaInicio":"2/11/2026 12:00:00 AM","HoraInicio":"06:30","HoraFin":"08:30","IDObra":12150002,"NombreObra":"VISTAS DEL SEMINARIO QUINTO SECTOR","IDClienteSAE":12150,"NombreCliente":"MAQUINARIA Y CONSTRUCTORA SEPULVEDA DE MONTERREY","IDUso":1,"NombreUso":"Banqueta","IDProducto":1526,"NombreProducto":"CONCRETO f\u0027c=150 Ag=20 Rev=14 A1","Remision":"M6/67069","CveCiudad":"MTY","NombreVendedor":"CESAR LUNA"},{"Id_Viaje":3038070,"IDPedido":582616,"CargaViaje":6.5,"IDPlanta":13,"NombrePlantaViaje":"G1- VALLE DE LA MISERICORDIA","IDUnidad":317,"NombreUnidad":"CR-023","IDOperador":481,"NombreOperador":"[LIBRE] LIBRE","IDEstatusViaje":1,"NombreEstatus":"Despachado","FechaInicio":"2/11/2026 12:00:00 AM","HoraInicio":"08:00","HoraFin":"10:00","IDObra":6263001,"NombreObra":"PADRERAS 21 fraccionamiento las lomas club golf","IDClienteSAE":6263,"NombreCliente":"SANMASEB","IDUso":9,"NombreUso":"Muro","IDProducto":2714,"NombreProducto":"CONCRETO f\u0027c:250 Ag=10 Rev10 A1D LANZADO","Remision":"G1/70665","CveCiudad":"GDL","NombreVendedor":"FEDERICO GARCIA"},{"Id_Viaje":3038074,"IDPedido":582621,"CargaViaje":7,"IDPlanta":31,"NombrePlantaViaje":"G3-Tlajomulco","IDUnidad":316,"NombreUnidad":"CR-013","IDOperador":40,"NombreOperador":"JUAN PABLO ESCOBAR","IDEstatusViaje":1,"NombreEstatus":"Despachado","FechaInicio":"2/11/2026 12:00:00 AM","HoraInicio":"08:00","HoraFin":"10:00","IDObra":6309004,"NombreObra":"ZACOALCO 2","IDClienteSAE":6309,"NombreCliente":"ARCH-VISION","IDUso":8,"NombreUso":"Losa","IDProducto":2773,"NombreProducto":"CONCRETO MR:45 Ag=40 Rev:10 A1 D","Remision":"G3/49861","CveCiudad":"GDL","NombreVendedor":"RODOLFO ARREDONDO"},{"Id_Viaje":3038078,"IDPedido":582622,"CargaViaje":7,"IDPlanta":31,"NombrePlantaViaje":"G3-Tlajomulco","IDUnidad":151,"NombreUnidad":"CR-086","IDOperador":102,"NombreOperador":"ALFONSO OVALLE","IDEstatusViaje":1,"NombreEstatus":"Despachado","FechaInicio":"2/11/2026 12:00:00 AM","HoraInicio":"10:00","HoraFin":"12:00","IDObra":6309004,"NombreObra":"ZACOALCO 2","IDClienteSAE":6309,"NombreCliente":"ARCH-VISION","IDUso":8,"NombreUso":"Losa","IDProducto":2773,"NombreProducto":"CONCRETO MR:45 Ag=40 Rev:10 A1 D","Remision":"G3/49867","CveCiudad":"GDL","NombreVendedor":"RODOLFO ARREDONDO"},{"Id_Viaje":3038088,"IDPedido":582631,"CargaViaje":7,"IDPlanta":13,"NombrePlantaViaje":"G1- VALLE DE LA MISERICORDIA","IDUnidad":86,"NombreUnidad":"CR-049","IDOperador":93,"NombreOperador":"MARCO ANTONIO GUZMAN","IDEstatusViaje":1,"NombreEstatus":"Despachado","FechaInicio":"2/11/2026 12:00:00 AM","HoraInicio":"11:00","HoraFin":"13:00","IDObra":2527005,"NombreObra":"SAN FERNANDO ESQ CAMINO A SANTA CRUZ COL VILLA FONTANA","IDClienteSAE":2527,"NombreCliente":"JOSE DE JESUS SERAFIN CAMARENA","IDUso":1,"NombreUso":"Banqueta","IDProducto":11457,"NombreProducto":"CONCRETO f\u0027c=150 Ag=20 Rev=10 D 28","Remision":"G1/70666","CveCiudad":"GDL","NombreVendedor":"RODOLFO ARREDONDO"},{"Id_Viaje":3038096,"IDPedido":582625,"CargaViaje":6,"IDPlanta":31,"NombrePlantaViaje":"G3-Tlajomulco","IDUnidad":149,"NombreUnidad":"CR-102","IDOperador":102,"NombreOperador":"ALFONSO OVALLE","IDEstatusViaje":1,"NombreEstatus":"Despachado","FechaInicio":"2/11/2026 12:00:00 AM","HoraInicio":"10:30","HoraFin":"12:30","IDObra":6309003,"NombreObra":"acatlan 2","IDClienteSAE":6309,"NombreCliente":"ARCH-VISION","IDUso":60,"NombreUso":"Machuelo","IDProducto":2646,"NombreProducto":"CONCRETO f\u0027c:150 Ag=10 Rev:10 A1 D","Remision":"G3/49863","CveCiudad":"GDL","NombreVendedor":"RODOLFO ARREDONDO"},{"Id_Viaje":3038098,"IDPedido":582624,"CargaViaje":6,"IDPlanta":31,"NombrePlantaViaje":"G3-Tlajomulco","IDUnidad":190,"NombreUnidad":"CR-081","IDOperador":102,"NombreOperador":"ALFONSO OVALLE","IDEstatusViaje":1,"NombreEstatus":"Despachado","FechaInicio":"2/11/2026 12:00:00 AM","HoraInicio":"08:30","HoraFin":"10:30","IDObra":6309003,"NombreObra":"acatlan 2","IDClienteSAE":6309,"NombreCliente":"ARCH-VISION","IDUso":60,"NombreUso":"Machuelo","IDProducto":11453,"NombreProducto":"CONCRETO f\u0027c=200 Ag=20 Rev=10 D 28","Remision":"G3/49862","CveCiudad":"GDL","NombreVendedor":"RODOLFO ARREDONDO"},{"Id_Viaje":3038100,"IDPedido":582623,"CargaViaje":7,"IDPlanta":31,"NombrePlantaViaje":"G3-Tlajomulco","IDUnidad":150,"NombreUnidad":"CR-109","IDOperador":180,"NombreOperador":"EDUARDO ORTIZ","IDEstatusViaje":1,"NombreEstatus":"Despachado","FechaInicio":"2/11/2026 12:00:00 AM","HoraInicio":"12:00","HoraFin":"14:00","IDObra":6309004,"NombreObra":"ZACOALCO 2","IDClienteSAE":6309,"NombreCliente":"ARCH-VISION","IDUso":8,"NombreUso":"Losa","IDProducto":2773,"NombreProducto":"CONCRETO MR:45 Ag=40 Rev:10 A1 D","Remision":"G3/49865","CveCiudad":"GDL","NombreVendedor":"RODOLFO ARREDONDO"},{"Id_Viaje":3038102,"IDPedido":582626,"CargaViaje":6,"IDPlanta":31,"NombrePlantaViaje":"G3-Tlajomulco","IDUnidad":191,"NombreUnidad":"CR-111","IDOperador":1635,"NombreOperador":"FERNANDO GIMENEZ","IDEstatusViaje":1,"NombreEstatus":"Despachado","FechaInicio":"2/11/2026 12:00:00 AM","HoraInicio":"12:30","HoraFin":"14:30","IDObra":6309003,"NombreObra":"acatlan 2","IDClienteSAE":6309,"NombreCliente":"ARCH-VISION","IDUso":8,"NombreUso":"Losa","IDProducto":11448,"NombreProducto":"CONCRETO f\u0027c=250 Ag=20 Rev=10 D 28","Remision":"G3/49868","CveCiudad":"GDL","NombreVendedor":"RODOLFO ARREDONDO"},{"Id_Viaje":3038104,"IDPedido":582626,"CargaViaje":6,"IDPlanta":31,"NombrePlantaViaje":"G3-Tlajomulco","IDUnidad":320,"NombreUnidad":"CR-131","IDOperador":736,"NombreOperador":"GREGORIO GONZALEZ","IDEstatusViaje":1,"NombreEstatus":"Despachado","FechaInicio":"2/11/2026 12:00:00 AM","HoraInicio":"14:30","HoraFin":"16:30","IDObra":6309003,"NombreObra":"acatlan 2","IDClienteSAE":6309,"NombreCliente":"ARCH-VISION","IDUso":8,"NombreUso":"Losa","IDProducto":11448,"NombreProducto":"CONCRETO f\u0027c=250 Ag=20 Rev=10 D 28","Remision":"G3/49869","CveCiudad":"GDL","NombreVendedor":"RODOLFO ARREDONDO"},{"Id_Viaje":3038106,"IDPedido":582626,"CargaViaje":6,"IDPlanta":31,"NombrePlantaViaje":"G3-Tlajomulco","IDUnidad":321,"NombreUnidad":"CR-138","IDOperador":102,"NombreOperador":"ALFONSO OVALLE","IDEstatusViaje":1,"NombreEstatus":"Despachado","FechaInicio":"2/11/2026 12:00:00 AM","HoraInicio":"16:30","HoraFin":"18:30","IDObra":6309003,"NombreObra":"acatlan 2","IDClienteSAE":6309,"NombreCliente":"ARCH-VISION","IDUso":8,"NombreUso":"Losa","IDProducto":11448,"NombreProducto":"CONCRETO f\u0027c=250 Ag=20 Rev=10 D 28","Remision":"G3/49870","CveCiudad":"GDL","NombreVendedor":"RODOLFO ARREDONDO"},{"Id_Viaje":3038108,"IDPedido":582626,"CargaViaje":6,"IDPlanta":31,"NombrePlantaViaje":"G3-Tlajomulco","IDUnidad":323,"NombreUnidad":"CR-176","IDOperador":102,"NombreOperador":"ALFONSO OVALLE","IDEstatusViaje":1,"NombreEstatus":"Despachado","FechaInicio":"2/11/2026 12:00:00 AM","HoraInicio":"18:30","HoraFin":"20:30","IDObra":6309003,"NombreObra":"acatlan 2","IDClienteSAE":6309,"NombreCliente":"ARCH-VISION","IDUso":8,"NombreUso":"Losa","IDProducto":11448,"NombreProducto":"CONCRETO f\u0027c=250 Ag=20 Rev=10 D 28","Remision":"G3/49871","CveCiudad":"GDL","NombreVendedor":"RODOLFO ARREDONDO"},{"Id_Viaje":3038122,"IDPedido":582620,"CargaViaje":7,"IDPlanta":23,"NombrePlantaViaje":"L1-Leon","IDUnidad":351,"NombreUnidad":"CR-237-DRH","IDOperador":1623,"NombreOperador":"JORGE IGNACIO NEGRETE","IDEstatusViaje":1,"NombreEstatus":"Despachado","FechaInicio":"2/11/2026 12:00:00 AM","HoraInicio":"05:30","HoraFin":"07:30","IDObra":3156001,"NombreObra":"COPACHISA IND. COLINAS DE LEON","IDClienteSAE":3156,"NombreCliente":"COPACHISA","IDUso":9,"NombreUso":"Muro","IDProducto":12111,"NombreProducto":"CONCRETO f\u0027c=280 Ag=20 Rev=14 B 07","Remision":"L1/40993","CveCiudad":"LEON","NombreVendedor":"OFICINA MATRIZ"},{"Id_Viaje":3038124,"IDPedido":582620,"CargaViaje":7,"IDPlanta":23,"NombrePlantaViaje":"L1-Leon","IDUnidad":352,"NombreUnidad":"CR-246-NRH","IDOperador":522,"NombreOperador":"[LIBRE] .","IDEstatusViaje":1,"NombreEstatus":"Despachado","FechaInicio":"2/11/2026 12:00:00 AM","HoraInicio":"05:40","HoraFin":"07:40","IDObra":3156001,"NombreObra":"COPACHISA IND. COLINAS DE LEON","IDClienteSAE":3156,"NombreCliente":"COPACHISA","IDUso":9,"NombreUso":"Muro","IDProducto":12111,"NombreProducto":"CONCRETO f\u0027c=280 Ag=20 Rev=14 B 07","Remision":"L1/40994","CveCiudad":"LEON","NombreVendedor":"OFICINA MATRIZ"},{"Id_Viaje":3038126,"IDPedido":582620,"CargaViaje":7,"IDPlanta":23,"NombrePlantaViaje":"L1-Leon","IDUnidad":165,"NombreUnidad":"CR-207 FRG","IDOperador":1634,"NombreOperador":"JOSE GUADALUPE POZOS","IDEstatusViaje":1,"NombreEstatus":"Despachado","FechaInicio":"2/11/2026 12:00:00 AM","HoraInicio":"05:50","HoraFin":"07:50","IDObra":3156001,"NombreObra":"COPACHISA IND. COLINAS DE LEON","IDClienteSAE":3156,"NombreCliente":"COPACHISA","IDUso":9,"NombreUso":"Muro","IDProducto":12111,"NombreProducto":"CONCRETO f\u0027c=280 Ag=20 Rev=14 B 07","Remision":"L1/40995","CveCiudad":"LEON","NombreVendedor":"OFICINA MATRIZ"},{"Id_Viaje":3038128,"IDPedido":582620,"CargaViaje":7,"IDPlanta":23,"NombrePlantaViaje":"L1-Leon","IDUnidad":292,"NombreUnidad":"CR-210 JRG","IDOperador":1609,"NombreOperador":"ANDRES GONZALEZ","IDEstatusViaje":1,"NombreEstatus":"Despachado","FechaInicio":"2/11/2026 12:00:00 AM","HoraInicio":"06:00","HoraFin":"08:00","IDObra":3156001,"NombreObra":"COPACHISA IND. COLINAS DE LEON","IDClienteSAE":3156,"NombreCliente":"COPACHISA","IDUso":9,"NombreUso":"Muro","IDProducto":12111,"NombreProducto":"CONCRETO f\u0027c=280 Ag=20 Rev=14 B 07","Remision":"L1/40996","CveCiudad":"LEON","NombreVendedor":"OFICINA MATRIZ"},{"Id_Viaje":3038130,"IDPedido":582620,"CargaViaje":6,"IDPlanta":23,"NombrePlantaViaje":"L1-Leon","IDUnidad":290,"NombreUnidad":"CR-215 RRF","IDOperador":1578,"NombreOperador":"JOSE FLORENTINO TORRES","IDEstatusViaje":1,"NombreEstatus":"Despachado","FechaInicio":"2/11/2026 12:00:00 AM","HoraInicio":"06:10","HoraFin":"08:10","IDObra":3156001,"NombreObra":"COPACHISA IND. COLINAS DE LEON","IDClienteSAE":3156,"NombreCliente":"COPACHISA","IDUso":9,"NombreUso":"Muro","IDProducto":12111,"NombreProducto":"CONCRETO f\u0027c=280 Ag=20 Rev=14 B 07","Remision":"L1/40999","CveCiudad":"LEON","NombreVendedor":"OFICINA MATRIZ"},{"Id_Viaje":3038132,"IDPedido":582634,"CargaViaje":5,"IDPlanta":34,"NombrePlantaViaje":"A2-San Francisco","IDUnidad":122,"NombreUnidad":"CR-043-","IDOperador":1067,"NombreOperador":"JUAN HUMBERTO MARQUEZ","IDEstatusViaje":1,"NombreEstatus":"Despachado","FechaInicio":"2/11/2026 12:00:00 AM","HoraInicio":"06:00","HoraFin":"08:00","IDObra":3295003,"NombreObra":"Calicantos I","IDClienteSAE":3295,"NombreCliente":"INFRAESTRUCTURA HIDROCALIDA CARRETERA","IDUso":8,"NombreUso":"Losa","IDProducto":1022,"NombreProducto":"CONCRETO f\u0027c:200 Ag=20 Rev:14 A1 B","Remision":"A2/41568","CveCiudad":"AGS","NombreVendedor":"HECTOR VILLANUEVA"},{"Id_Viaje":3038134,"IDPedido":582634,"CargaViaje":5.5,"IDPlanta":34,"NombrePlantaViaje":"A2-San Francisco","IDUnidad":350,"NombreUnidad":"CR-047","IDOperador":1076,"NombreOperador":"EZEQUIEL SANDOVAL","IDEstatusViaje":1,"NombreEstatus":"Despachado","FechaInicio":"2/11/2026 12:00:00 AM","HoraInicio":"06:10","HoraFin":"08:10","IDObra":3295003,"NombreObra":"Calicantos I","IDClienteSAE":3295,"NombreCliente":"INFRAESTRUCTURA HIDROCALIDA CARRETERA","IDUso":8,"NombreUso":"Losa","IDProducto":1022,"NombreProducto":"CONCRETO f\u0027c:200 Ag=20 Rev:14 A1 B","Remision":"A2/41567","CveCiudad":"AGS","NombreVendedor":"HECTOR VILLANUEVA"},{"Id_Viaje":3038140,"IDPedido":582635,"CargaViaje":4,"IDPlanta":20,"NombrePlantaViaje":"A1-Ojo Caliente","IDUnidad":48,"NombreUnidad":"CR-063 ZRB","IDOperador":1500,"NombreOperador":"RICARDO CHAVEZ","IDEstatusViaje":1,"NombreEstatus":"Despachado","FechaInicio":"2/11/2026 12:00:00 AM","HoraInicio":"00:00","HoraFin":"02:00","IDObra":4510002,"NombreObra":"CONSTITUCION","IDClienteSAE":4510,"NombreCliente":"MARIA MAGDALENA CULEBRO PINTO","IDUso":30,"NombreUso":"Cisterna","IDProducto":2546,"NombreProducto":"CONCRETO f\u0027c:250 Ag=20 Rev:10 A1 D","Remision":"A1/96428","CveCiudad":"AGS","NombreVendedor":"HECTOR VILLANUEVA"},{"Id_Viaje":3038142,"IDPedido":582647,"CargaViaje":5.5,"IDPlanta":36,"NombrePlantaViaje":"Q1-Apaseo","IDUnidad":104,"NombreUnidad":"CR-024","IDOperador":1524,"NombreOperador":"ALEJANDRO VALLEJO","IDEstatusViaje":2,"NombreEstatus":"Entregado","FechaInicio":"2/11/2026 12:00:00 AM","HoraInicio":"07:00","HoraFin":"09:00","IDObra":1012001,"NombreObra":"arimatea - meseta habitatt","IDClienteSAE":1012,"NombreCliente":"INMOBILIARIA GESTORIA Y ASESORIA","IDUso":2,"NombreUso":"Cimentacion","IDProducto":4355,"NombreProducto":"CONCRETO f\u0027c=250 Ag=20 Rev=10 D 28","Remision":"Q1/11466","CveCiudad":"QRO","NombreVendedor":"YIMI EDUARDO VAZQUEZ"},{"Id_Viaje":3038144,"IDPedido":582627,"CargaViaje":3,"IDPlanta":23,"NombrePlantaViaje":"L1-Leon","IDUnidad":353,"NombreUnidad":"CR-221 XRG","IDOperador":1624,"NombreOperador":"JUAN VICTOR PEREZ","IDEstatusViaje":1,"NombreEstatus":"Despachado","FechaInicio":"2/11/2026 12:00:00 AM","HoraInicio":"07:00","HoraFin":"09:00","IDObra":1004013,"NombreObra":"sacromonte 7","IDClienteSAE":1004,"NombreCliente":"INMOBILIARIA GESTORIA Y ASESORIA","IDUso":1,"NombreUso":"Banqueta","IDProducto":1217,"NombreProducto":"CONCRETO f\u0027c:150 Ag=20 Rev:10 A1 D","Remision":"L1/40997","CveCiudad":"LEON","NombreVendedor":"OFICINA MATRIZ"},{"Id_Viaje":3038146,"IDPedido":582652,"CargaViaje":3,"IDPlanta":36,"NombrePlantaViaje":"Q1-Apaseo","IDUnidad":266,"NombreUnidad":"CR-136","IDOperador":1585,"NombreOperador":"CARLOS ANTONIO VILLALVA","IDEstatusViaje":2,"NombreEstatus":"Entregado","FechaInicio":"2/11/2026 12:00:00 AM","HoraInicio":"07:30","HoraFin":"09:30","IDObra":1390001,"NombreObra":"EL CONDADO PLAZA LOS VENADOS","IDClienteSAE":1390,"NombreCliente":"SOLEDAD SANTAMARIA SILVA","IDUso":15,"NombreUso":"Zapatas","IDProducto":4355,"NombreProducto":"CONCRETO f\u0027c=250 Ag=20 Rev=10 D 28","Remision":"Q1/11467","CveCiudad":"QRO","NombreVendedor":"MIGUEL ANGEL GUTIERREZ"},{"Id_Viaje":3038148,"IDPedido":582636,"CargaViaje":6.5,"IDPlanta":20,"NombrePlantaViaje":"A1-Ojo Caliente","IDUnidad":295,"NombreUnidad":"CR-065","IDOperador":675,"NombreOperador":"JUAN ANTONIO HERRERA","IDEstatusViaje":1,"NombreEstatus":"Despachado","FechaInicio":"2/11/2026 12:00:00 AM","HoraInicio":"00:10","HoraFin":"02:10","IDObra":4429001,"NombreObra":"real del sol","IDClienteSAE":4429,"NombreCliente":"GIG VENTA DE MATERIALES","IDUso":2,"NombreUso":"Cimentacion","IDProducto":1014,"NombreProducto":"CONCRETO f\u0027c:200 Ag=20. Rev: 10 A1 D","Remision":"A1/96429","CveCiudad":"AGS","NombreVendedor":"HECTOR VILLANUEVA"},{"Id_Viaje":3038150,"IDPedido":582644,"CargaViaje":2.5,"IDPlanta":34,"NombrePlantaViaje":"A2-San Francisco","IDUnidad":108,"NombreUnidad":"CR-098 2RD","IDOperador":1503,"NombreOperador":"ALBERTO HERNANDEZ","IDEstatusViaje":1,"NombreEstatus":"Despachado","FechaInicio":"2/11/2026 12:00:00 AM","HoraInicio":"08:00","HoraFin":"10:00","IDObra":2983007,"NombreObra":"LA CARTUJA","IDClienteSAE":2983,"NombreCliente":"GRUPO CONSTRUCTOR LUMAVI","IDUso":57,"NombreUso":"Huellas","IDProducto":1012,"NombreProducto":"CONCRETO f\u0027c:150 Ag=20 Rev:10 A1 D","Remision":"A2/41569","CveCiudad":"AGS","NombreVendedor":"CASA CASA"},{"Id_Viaje":3038152,"IDPedido":582645,"CargaViaje":7,"IDPlanta":34,"NombrePlantaViaje":"A2-San Francisco","IDUnidad":113,"NombreUnidad":"CR-140 CRE","IDOperador":1501,"NombreOperador":"ANTONIO NAVARRO","IDEstatusViaje":1,"NombreEstatus":"Despachado","FechaInicio":"2/11/2026 12:00:00 AM","HoraInicio":"08:00","HoraFin":"10:00","IDObra":3891003,"NombreObra":"SAN PANCHO","IDClienteSAE":3891,"NombreCliente":"MAOFRE GRUPO CONSTRUCTOR","IDUso":25,"NombreUso":"Pavimento","IDProducto":2602,"NombreProducto":"CONCRETO MR= 38 Ag=40 Rev 10 R7 D","Remision":"A2/41570","CveCiudad":"AGS","NombreVendedor":"CASA CASA"},{"Id_Viaje":3038154,"IDPedido":582645,"CargaViaje":7,"IDPlanta":34,"NombrePlantaViaje":"A2-San Francisco","IDUnidad":112,"NombreUnidad":"CR-154 TRE","IDOperador":1504,"NombreOperador":"HUGO MEDINA","IDEstatusViaje":1,"NombreEstatus":"Despachado","FechaInicio":"2/11/2026 12:00:00 AM","HoraInicio":"08:10","HoraFin":"10:10","IDObra":3891003,"NombreObra":"SAN PANCHO","IDClienteSAE":3891,"NombreCliente":"MAOFRE GRUPO CONSTRUCTOR","IDUso":25,"NombreUso":"Pavimento","IDProducto":2602,"NombreProducto":"CONCRETO MR= 38 Ag=40 Rev 10 R7 D","Remision":"A2/41571","CveCiudad":"AGS","NombreVendedor":"CASA CASA"},{"Id_Viaje":3038158,"IDPedido":582628,"CargaViaje":6,"IDPlanta":23,"NombrePlantaViaje":"L1-Leon","IDUnidad":354,"NombreUnidad":"CR-226 2RH","IDOperador":1329,"NombreOperador":"CHRISTIAN ALEJANDRO ARENAS","IDEstatusViaje":1,"NombreEstatus":"Despachado","FechaInicio":"2/11/2026 12:00:00 AM","HoraInicio":"08:00","HoraFin":"10:00","IDObra":1004013,"NombreObra":"sacromonte 7","IDClienteSAE":1004,"NombreCliente":"INMOBILIARIA GESTORIA Y ASESORIA","IDUso":19,"NombreUso":"Loza de Entrepiso","IDProducto":1227,"NombreProducto":"CONCRETO f\u0027c:200 Ag=20 Rev:14 A1 B","Remision":"L1/41000","CveCiudad":"LEON","NombreVendedor":"OFICINA MATRIZ"},{"Id_Viaje":3038160,"IDPedido":582628,"CargaViaje":6,"IDPlanta":23,"NombrePlantaViaje":"L1-Leon","IDUnidad":77,"NombreUnidad":"CR193-1RG","IDOperador":1623,"NombreOperador":"JORGE IGNACIO NEGRETE","IDEstatusViaje":1,"NombreEstatus":"Despachado","FechaInicio":"2/11/2026 12:00:00 AM","HoraInicio":"08:10","HoraFin":"10:10","IDObra":1004013,"NombreObra":"sacromonte 7","IDClienteSAE":1004,"NombreCliente":"INMOBILIARIA GESTORIA Y ASESORIA","IDUso":19,"NombreUso":"Loza de Entrepiso","IDProducto":1227,"NombreProducto":"CONCRETO f\u0027c:200 Ag=20 Rev:14 A1 B","Remision":"L1/41002","CveCiudad":"LEON","NombreVendedor":"OFICINA MATRIZ"},{"Id_Viaje":3038162,"IDPedido":582628,"CargaViaje":6,"IDPlanta":23,"NombrePlantaViaje":"L1-Leon","IDUnidad":351,"NombreUnidad":"CR-237-DRH","IDOperador":1623,"NombreOperador":"JORGE IGNACIO NEGRETE","IDEstatusViaje":1,"NombreEstatus":"Despachado","FechaInicio":"2/11/2026 12:00:00 AM","HoraInicio":"08:20","HoraFin":"10:20","IDObra":1004013,"NombreObra":"sacromonte 7","IDClienteSAE":1004,"NombreCliente":"INMOBILIARIA GESTORIA Y ASESORIA","IDUso":19,"NombreUso":"Loza de Entrepiso","IDProducto":1227,"NombreProducto":"CONCRETO f\u0027c:200 Ag=20 Rev:14 A1 B","Remision":"L1/41005","CveCiudad":"LEON","NombreVendedor":"OFICINA MATRIZ"},{"Id_Viaje":3038164,"IDPedido":582628,"CargaViaje":4,"IDPlanta":23,"NombrePlantaViaje":"L1-Leon","IDUnidad":352,"NombreUnidad":"CR-246-NRH","IDOperador":522,"NombreOperador":"[LIBRE] .","IDEstatusViaje":1,"NombreEstatus":"Despachado","FechaInicio":"2/11/2026 12:00:00 AM","HoraInicio":"08:30","HoraFin":"10:30","IDObra":1004013,"NombreObra":"sacromonte 7","IDClienteSAE":1004,"NombreCliente":"INMOBILIARIA GESTORIA Y ASESORIA","IDUso":19,"NombreUso":"Loza de Entrepiso","IDProducto":1227,"NombreProducto":"CONCRETO f\u0027c:200 Ag=20 Rev:14 A1 B","Remision":"L1/40998","CveCiudad":"LEON","NombreVendedor":"OFICINA MATRIZ"},{"Id_Viaje":3038166,"IDPedido":582645,"CargaViaje":7,"IDPlanta":34,"NombrePlantaViaje":"A2-San Francisco","IDUnidad":48,"NombreUnidad":"CR-063 ZRB","IDOperador":1500,"NombreOperador":"RICARDO CHAVEZ","IDEstatusViaje":1,"NombreEstatus":"Despachado","FechaInicio":"2/11/2026 12:00:00 AM","HoraInicio":"08:00","HoraFin":"10:00","IDObra":3891003,"NombreObra":"SAN PANCHO","IDClienteSAE":3891,"NombreCliente":"MAOFRE GRUPO CONSTRUCTOR","IDUso":25,"NombreUso":"Pavimento","IDProducto":2602,"NombreProducto":"CONCRETO MR= 38 Ag=40 Rev 10 R7 D","Remision":"A2/41573","CveCiudad":"AGS","NombreVendedor":"CASA CASA"},{"Id_Viaje":3038168,"IDPedido":582646,"CargaViaje":4,"IDPlanta":34,"NombrePlantaViaje":"A2-San Francisco","IDUnidad":328,"NombreUnidad":"CR-178","IDOperador":916,"NombreOperador":"CESAR DIAZ DE LEON","IDEstatusViaje":1,"NombreEstatus":"Despachado","FechaInicio":"2/11/2026 12:00:00 AM","HoraInicio":"08:30","HoraFin":"10:30","IDObra":4510002,"NombreObra":"CONSTITUCION","IDClienteSAE":4510,"NombreCliente":"MARIA MAGDALENA CULEBRO PINTO","IDUso":1,"NombreUso":"Banqueta","IDProducto":1012,"NombreProducto":"CONCRETO f\u0027c:150 Ag=20 Rev:10 A1 D","Remision":"A2/41572","CveCiudad":"AGS","NombreVendedor":"HECTOR VILLANUEVA"},{"Id_Viaje":3038170,"IDPedido":582653,"CargaViaje":7,"IDPlanta":19,"NombrePlantaViaje":"M1-Apodaca","IDUnidad":261,"NombreUnidad":"CR-213","IDOperador":1631,"NombreOperador":"IVAN SANCHEZ","IDEstatusViaje":2,"NombreEstatus":"Entregado","FechaInicio":"2/11/2026 12:00:00 AM","HoraInicio":"11:30","HoraFin":"13:30","IDObra":11623002,"NombreObra":"sungwoo hitech apartament","IDClienteSAE":11623,"NombreCliente":"TAEINS MEXICO","IDUso":1,"NombreUso":"Banqueta","IDProducto":483,"NombreProducto":"CONCRETO f\u0027c=200 Ag=20. Rev=10 A1 D","Remision":"M1/91137","CveCiudad":"MTY","NombreVendedor":"CASA PROGRAMACION"},{"Id_Viaje":3038172,"IDPedido":582654,"CargaViaje":5,"IDPlanta":30,"NombrePlantaViaje":"P1-Coronango","IDUnidad":195,"NombreUnidad":"CR-158","IDOperador":1006,"NombreOperador":"VICTOR MANUEL HERNANDEZ","IDEstatusViaje":1,"NombreEstatus":"Despachado","FechaInicio":"2/11/2026 12:00:00 AM","HoraInicio":"08:00","HoraFin":"10:00","IDObra":845011,"NombreObra":"fracc platiniO","IDClienteSAE":845,"NombreCliente":"GRUPO BRECASA","IDUso":21,"NombreUso":"Castillos","IDProducto":11315,"NombreProducto":"CONCRETO f\u0027c=200 Ag=10 Rev=14 D 28","Remision":"P1/38528","CveCiudad":"PUE","NombreVendedor":"VENDEDOR PUEBLA ."},{"Id_Viaje":3038174,"IDPedido":582341,"CargaViaje":5,"IDPlanta":8,"NombrePlantaViaje":"M3-Santa","IDUnidad":35,"NombreUnidad":"CR-051","IDOperador":1477,"NombreOperador":"JONATHAN PABLO ROJAS","IDEstatusViaje":2,"NombreEstatus":"Entregado","FechaInicio":"2/11/2026 12:00:00 AM","HoraInicio":"10:00","HoraFin":"12:00","IDObra":4947069,"NombreObra":"CASAIRE","IDClienteSAE":4947,"NombreCliente":"CONCRETOS DELESE","IDUso":1,"NombreUso":"Banqueta","IDProducto":1512,"NombreProducto":"CONCRETO f\u0027c=100 Ag=20 Rev=14 A1 D","Remision":"M3/42700","CveCiudad":"MTY","NombreVendedor":"OMAR HECTOR ARTEAGA"},{"Id_Viaje":3038176,"IDPedido":582350,"CargaViaje":4,"IDPlanta":8,"NombrePlantaViaje":"M3-Santa","IDUnidad":35,"NombreUnidad":"CR-051","IDOperador":1477,"NombreOperador":"JONATHAN PABLO ROJAS","IDEstatusViaje":2,"NombreEstatus":"Entregado","FechaInicio":"2/11/2026 12:00:00 AM","HoraInicio":"13:00","HoraFin":"15:00","IDObra":4947069,"NombreObra":"CASAIRE","IDClienteSAE":4947,"NombreCliente":"CONCRETOS DELESE","IDUso":63,"NombreUso":"Pluvial","IDProducto":560,"NombreProducto":"CONCRETO f\u0027c=200 Ag=20 Rev=08 A1 D","Remision":"M3/42701","CveCiudad":"MTY","NombreVendedor":"OMAR HECTOR ARTEAGA"},{"Id_Viaje":3038178,"IDPedido":582655,"CargaViaje":5,"IDPlanta":36,"NombrePlantaViaje":"Q1-Apaseo","IDUnidad":268,"NombreUnidad":"CR-137","IDOperador":1684,"NombreOperador":"BENJAMIN ROMAN","IDEstatusViaje":2,"NombreEstatus":"Entregado","FechaInicio":"2/11/2026 12:00:00 AM","HoraInicio":"08:30","HoraFin":"10:30","IDObra":313001,"NombreObra":"HACIENDA SUR","IDClienteSAE":313,"NombreCliente":"VALLE DE LOS MEZQUITES","IDUso":2,"NombreUso":"Cimentacion","IDProducto":4347,"NombreProducto":"CONCRETO f\u0027c=150 Ag=20 Rev=10 D 28","Remision":"Q1/11468","CveCiudad":"QRO","NombreVendedor":"YIMI EDUARDO VAZQUEZ"},{"Id_Viaje":3038180,"IDPedido":582655,"CargaViaje":5,"IDPlanta":36,"NombrePlantaViaje":"Q1-Apaseo","IDUnidad":383,"NombreUnidad":"CR-188","IDOperador":1655,"NombreOperador":"CARLOS ALARCÓN","IDEstatusViaje":2,"NombreEstatus":"Entregado","FechaInicio":"2/11/2026 12:00:00 AM","HoraInicio":"08:40","HoraFin":"10:40","IDObra":313001,"NombreObra":"HACIENDA SUR","IDClienteSAE":313,"NombreCliente":"VALLE DE LOS MEZQUITES","IDUso":2,"NombreUso":"Cimentacion","IDProducto":4347,"NombreProducto":"CONCRETO f\u0027c=150 Ag=20 Rev=10 D 28","Remision":"Q1/11469","CveCiudad":"QRO","NombreVendedor":"YIMI EDUARDO VAZQUEZ"},{"Id_Viaje":3038182,"IDPedido":582638,"CargaViaje":7,"IDPlanta":20,"NombrePlantaViaje":"A1-Ojo Caliente","IDUnidad":350,"NombreUnidad":"CR-047","IDOperador":1076,"NombreOperador":"EZEQUIEL SANDOVAL","IDEstatusViaje":1,"NombreEstatus":"Despachado","FechaInicio":"2/11/2026 12:00:00 AM","HoraInicio":"00:20","HoraFin":"02:20","IDObra":4582002,"NombreObra":"PASEOS DEL SUR","IDClienteSAE":4582,"NombreCliente":"CASAS JAVER","IDUso":25,"NombreUso":"Pavimento","IDProducto":1158,"NombreProducto":"CONCRETO MR= 38 Ag=40 Rev 10 A1 D","Remision":"A1/96430","CveCiudad":"AGS","NombreVendedor":"HECTOR VILLANUEVA"},{"Id_Viaje":3038184,"IDPedido":582638,"CargaViaje":7,"IDPlanta":20,"NombrePlantaViaje":"A1-Ojo Caliente","IDUnidad":108,"NombreUnidad":"CR-098 2RD","IDOperador":1503,"NombreOperador":"ALBERTO HERNANDEZ","IDEstatusViaje":1,"NombreEstatus":"Despachado","FechaInicio":"2/11/2026 12:00:00 AM","HoraInicio":"00:30","HoraFin":"02:30","IDObra":4582002,"NombreObra":"PASEOS DEL SUR","IDClienteSAE":4582,"NombreCliente":"CASAS JAVER","IDUso":25,"NombreUso":"Pavimento","IDProducto":1158,"NombreProducto":"CONCRETO MR= 38 Ag=40 Rev 10 A1 D","Remision":"A1/96435","CveCiudad":"AGS","NombreVendedor":"HECTOR VILLANUEVA"},{"Id_Viaje":3038186,"IDPedido":582638,"CargaViaje":7,"IDPlanta":20,"NombrePlantaViaje":"A1-Ojo Caliente","IDUnidad":115,"NombreUnidad":"CR-069","IDOperador":209,"NombreOperador":"MARCO DE LEON","IDEstatusViaje":1,"NombreEstatus":"Despachado","FechaInicio":"2/11/2026 12:00:00 AM","HoraInicio":"00:40","HoraFin":"02:40","IDObra":4582002,"NombreObra":"PASEOS DEL SUR","IDClienteSAE":4582,"NombreCliente":"CASAS JAVER","IDUso":25,"NombreUso":"Pavimento","IDProducto":1158,"NombreProducto":"CONCRETO MR= 38 Ag=40 Rev 10 A1 D","Remision":"A1/96433","CveCiudad":"AGS","NombreVendedor":"HECTOR VILLANUEVA"},{"Id_Viaje":3038188,"IDPedido":582638,"CargaViaje":7,"IDPlanta":20,"NombrePlantaViaje":"A1-Ojo Caliente","IDUnidad":122,"NombreUnidad":"CR-043-","IDOperador":1067,"NombreOperador":"JUAN HUMBERTO MARQUEZ","IDEstatusViaje":1,"NombreEstatus":"Despachado","FechaInicio":"2/11/2026 12:00:00 AM","HoraInicio":"00:50","HoraFin":"02:50","IDObra":4582002,"NombreObra":"PASEOS DEL SUR","IDClienteSAE":4582,"NombreCliente":"CASAS JAVER","IDUso":25,"NombreUso":"Pavimento","IDProducto":1158,"NombreProducto":"CONCRETO MR= 38 Ag=40 Rev 10 A1 D","Remision":"A1/96431","CveCiudad":"AGS","NombreVendedor":"HECTOR VILLANUEVA"},{"Id_Viaje":3038190,"IDPedido":582648,"CargaViaje":2.5,"IDPlanta":34,"NombrePlantaViaje":"A2-San Francisco","IDUnidad":327,"NombreUnidad":"CR-201 9RG","IDOperador":1502,"NombreOperador":"JUAN FELIPE MARENTES","IDEstatusViaje":1,"NombreEstatus":"Despachado","FechaInicio":"2/11/2026 12:00:00 AM","HoraInicio":"09:00","HoraFin":"11:00","IDObra":4747004,"NombreObra":"SAN FRANCISCO DE LOS ROMOS","IDClienteSAE":4747,"NombreCliente":"DAPAC DISEÑO Y CONSTRUCCION","IDUso":11,"NombreUso":"Piso","IDProducto":1014,"NombreProducto":"CONCRETO f\u0027c:200 Ag=20. Rev: 10 A1 D","Remision":"A2/41574","CveCiudad":"AGS","NombreVendedor":"HECTOR VILLANUEVA"},{"Id_Viaje":3038192,"IDPedido":582656,"CargaViaje":1.5,"IDPlanta":30,"NombrePlantaViaje":"P1-Coronango","IDUnidad":196,"NombreUnidad":"CR-159","IDOperador":1013,"NombreOperador":"ALEJANDRO ARCE","IDEstatusViaje":1,"NombreEstatus":"Despachado","FechaInicio":"2/11/2026 12:00:00 AM","HoraInicio":"09:00","HoraFin":"11:00","IDObra":1211008,"NombreObra":"JARDINES DEL ameyal","IDClienteSAE":1211,"NombreCliente":"OPERADORA ALTUS","IDUso":21,"NombreUso":"Castillos","IDProducto":11315,"NombreProducto":"CONCRETO f\u0027c=200 Ag=10 Rev=14 D 28","Remision":"P1/38529","CveCiudad":"PUE","NombreVendedor":"VENDEDOR PUEBLA ."},{"Id_Viaje":3038194,"IDPedido":582637,"CargaViaje":6,"IDPlanta":20,"NombrePlantaViaje":"A1-Ojo Caliente","IDUnidad":112,"NombreUnidad":"CR-154 TRE","IDOperador":1504,"NombreOperador":"HUGO MEDINA","IDEstatusViaje":1,"NombreEstatus":"Despachado","FechaInicio":"2/11/2026 12:00:00 AM","HoraInicio":"01:00","HoraFin":"03:00","IDObra":4038041,"NombreObra":"ARQUEROS","IDClienteSAE":4038,"NombreCliente":"ASFALTOS Y TRITURADOS RR","IDUso":7,"NombreUso":"Firme","IDProducto":2546,"NombreProducto":"CONCRETO f\u0027c:250 Ag=20 Rev:10 A1 D","Remision":"A1/96432","CveCiudad":"AGS","NombreVendedor":"HECTOR VILLANUEVA"},{"Id_Viaje":3038198,"IDPedido":582619,"CargaViaje":7,"IDPlanta":31,"NombrePlantaViaje":"G3-Tlajomulco","IDUnidad":320,"NombreUnidad":"CR-131","IDOperador":736,"NombreOperador":"GREGORIO GONZALEZ","IDEstatusViaje":1,"NombreEstatus":"Despachado","FechaInicio":"2/11/2026 12:00:00 AM","HoraInicio":"08:40","HoraFin":"10:40","IDObra":4268034,"NombreObra":"CALLE CLAVEL ENTRE HORTENSIA Y GLADIOLA COLONIA LA TIJERA","IDClienteSAE":4268,"NombreCliente":"JAVIER AVALOS MARQUEZ","IDUso":60,"NombreUso":"Machuelo","IDProducto":11448,"NombreProducto":"CONCRETO f\u0027c=250 Ag=20 Rev=10 D 28","Remision":"G3/49864","CveCiudad":"GDL","NombreVendedor":"RODOLFO ARREDONDO"},{"Id_Viaje":3038200,"IDPedido":582639,"CargaViaje":6,"IDPlanta":20,"NombrePlantaViaje":"A1-Ojo Caliente","IDUnidad":113,"NombreUnidad":"CR-140 CRE","IDOperador":1501,"NombreOperador":"ANTONIO NAVARRO","IDEstatusViaje":1,"NombreEstatus":"Despachado","FechaInicio":"2/11/2026 12:00:00 AM","HoraInicio":"01:10","HoraFin":"03:10","IDObra":4964002,"NombreObra":"BOSQUES PROVIDENCIA","IDClienteSAE":4964,"NombreCliente":"CONSTRUCTORA SAN JOSE PREMIER","IDUso":8,"NombreUso":"Losa","IDProducto":1160,"NombreProducto":"CONCRETO f\u0027c:200 Ag=20 Rev:14 R3 B","Remision":"A1/96434","CveCiudad":"AGS","NombreVendedor":"HECTOR VILLANUEVA"},{"Id_Viaje":3038208,"IDPedido":582658,"CargaViaje":4.5,"IDPlanta":23,"NombrePlantaViaje":"L1-Leon","IDUnidad":165,"NombreUnidad":"CR-207 FRG","IDOperador":1634,"NombreOperador":"JOSE GUADALUPE POZOS","IDEstatusViaje":1,"NombreEstatus":"Despachado","FechaInicio":"2/11/2026 12:00:00 AM","HoraInicio":"10:00","HoraFin":"12:00","IDObra":3170001,"NombreObra":"RAMA TEAM \u0026SOLUTIONS BARRIO DE GUADALUPE","IDClienteSAE":3170,"NombreCliente":"RAMA TEAM \u0026 SOLUTIONS","IDUso":7,"NombreUso":"Firme","IDProducto":1219,"NombreProducto":"CONCRETO f\u0027c:200 Ag=20. Rev: 10 A1 D","Remision":"L1/41001","CveCiudad":"LEON","NombreVendedor":"OFICINA MATRIZ"},{"Id_Viaje":3038210,"IDPedido":582400,"CargaViaje":6,"IDPlanta":19,"NombrePlantaViaje":"M1-Apodaca","IDUnidad":33,"NombreUnidad":"CR-168","IDOperador":1157,"NombreOperador":"JUAN JOSE ROSARIO LOPEZ","IDEstatusViaje":2,"NombreEstatus":"Entregado","FechaInicio":"2/11/2026 12:00:00 AM","HoraInicio":"13:00","HoraFin":"15:00","IDObra":11687007,"NombreObra":"ALTERRA - PLUVIAL","IDClienteSAE":11687,"NombreCliente":"CONSTRUCCIONES INTEGRALES PAYAN MORENO","IDUso":9,"NombreUso":"Muro","IDProducto":513,"NombreProducto":"CONCRETO f\u0027c=200 Ag=20 Rev=14 A1 D","Remision":"M1/91138","CveCiudad":"MTY","NombreVendedor":"ENRIQUE ALVAREZ"},{"Id_Viaje":3038212,"IDPedido":582649,"CargaViaje":7,"IDPlanta":34,"NombrePlantaViaje":"A2-San Francisco","IDUnidad":328,"NombreUnidad":"CR-178","IDOperador":916,"NombreOperador":"CESAR DIAZ DE LEON","IDEstatusViaje":1,"NombreEstatus":"Despachado","FechaInicio":"2/11/2026 12:00:00 AM","HoraInicio":"10:00","HoraFin":"12:00","IDObra":4510002,"NombreObra":"CONSTITUCION","IDClienteSAE":4510,"NombreCliente":"MARIA MAGDALENA CULEBRO PINTO","IDUso":7,"NombreUso":"Firme","IDProducto":11921,"NombreProducto":"CONCRETO f\u0027c=280 Ag=20 Rev=10 D 28","Remision":"A2/41575","CveCiudad":"AGS","NombreVendedor":"HECTOR VILLANUEVA"},{"Id_Viaje":3038214,"IDPedido":582649,"CargaViaje":7,"IDPlanta":34,"NombrePlantaViaje":"A2-San Francisco","IDUnidad":350,"NombreUnidad":"CR-047","IDOperador":1076,"NombreOperador":"EZEQUIEL SANDOVAL","IDEstatusViaje":1,"NombreEstatus":"Despachado","FechaInicio":"2/11/2026 12:00:00 AM","HoraInicio":"10:10","HoraFin":"12:10","IDObra":4510002,"NombreObra":"CONSTITUCION","IDClienteSAE":4510,"NombreCliente":"MARIA MAGDALENA CULEBRO PINTO","IDUso":7,"NombreUso":"Firme","IDProducto":11921,"NombreProducto":"CONCRETO f\u0027c=280 Ag=20 Rev=10 D 28","Remision":"A2/41576","CveCiudad":"AGS","NombreVendedor":"HECTOR VILLANUEVA"},{"Id_Viaje":3038216,"IDPedido":582447,"CargaViaje":7,"IDPlanta":19,"NombrePlantaViaje":"M1-Apodaca","IDUnidad":371,"NombreUnidad":"CR-008","IDOperador":1199,"NombreOperador":"GABRIEL RIVERA","IDEstatusViaje":2,"NombreEstatus":"Entregado","FechaInicio":"2/11/2026 12:00:00 AM","HoraInicio":"23:20","HoraFin":"23:50","IDObra":12154003,"NombreObra":"heb la fe","IDClienteSAE":12154,"NombreCliente":"EDIFICADORA INDUSTRIAL DEL RIO","IDUso":1,"NombreUso":"Banqueta","IDProducto":513,"NombreProducto":"CONCRETO f\u0027c=200 Ag=20 Rev=14 A1 D","Remision":"M1/91135","CveCiudad":"MTY","NombreVendedor":"CESAR LUNA"},{"Id_Viaje":3038268,"IDPedido":582650,"CargaViaje":7,"IDPlanta":34,"NombrePlantaViaje":"A2-San Francisco","IDUnidad":327,"NombreUnidad":"CR-201 9RG","IDOperador":1502,"NombreOperador":"JUAN FELIPE MARENTES","IDEstatusViaje":1,"NombreEstatus":"Despachado","FechaInicio":"2/11/2026 12:00:00 AM","HoraInicio":"11:00","HoraFin":"13:00","IDObra":4582008,"NombreObra":"ALTEZA","IDClienteSAE":4582,"NombreCliente":"CASAS JAVER","IDUso":1,"NombreUso":"Banqueta","IDProducto":1014,"NombreProducto":"CONCRETO f\u0027c:200 Ag=20. Rev: 10 A1 D","Remision":"A2/41577","CveCiudad":"AGS","NombreVendedor":"HECTOR VILLANUEVA"},{"Id_Viaje":3038270,"IDPedido":582640,"CargaViaje":5,"IDPlanta":20,"NombrePlantaViaje":"A1-Ojo Caliente","IDUnidad":107,"NombreUnidad":"CR-050","IDOperador":677,"NombreOperador":"EDMUNDO DE LOERA","IDEstatusViaje":1,"NombreEstatus":"Despachado","FechaInicio":"2/11/2026 12:00:00 AM","HoraInicio":"11:00","HoraFin":"13:00","IDObra":4964002,"NombreObra":"BOSQUES PROVIDENCIA","IDClienteSAE":4964,"NombreCliente":"CONSTRUCTORA SAN JOSE PREMIER","IDUso":8,"NombreUso":"Losa","IDProducto":1160,"NombreProducto":"CONCRETO f\u0027c:200 Ag=20 Rev:14 R3 B","Remision":"A1/96436","CveCiudad":"AGS","NombreVendedor":"HECTOR VILLANUEVA"},{"Id_Viaje":3038278,"IDPedido":582663,"CargaViaje":7,"IDPlanta":23,"NombrePlantaViaje":"L1-Leon","IDUnidad":292,"NombreUnidad":"CR-210 JRG","IDOperador":1609,"NombreOperador":"ANDRES GONZALEZ","IDEstatusViaje":1,"NombreEstatus":"Despachado","FechaInicio":"2/11/2026 12:00:00 AM","HoraInicio":"11:00","HoraFin":"13:00","IDObra":1998033,"NombreObra":"MANAVIL COMERCIALIZADORA","IDClienteSAE":1998,"NombreCliente":"MANAVIL COMERCIALIZADORA","IDUso":7,"NombreUso":"Firme","IDProducto":1219,"NombreProducto":"CONCRETO f\u0027c:200 Ag=20. Rev: 10 A1 D","Remision":"L1/41003","CveCiudad":"LEON","NombreVendedor":"OFICINA MATRIZ"},{"Id_Viaje":3038298,"IDPedido":582658,"CargaViaje":2,"IDPlanta":23,"NombrePlantaViaje":"L1-Leon","IDUnidad":296,"NombreUnidad":"CR-027","IDOperador":773,"NombreOperador":"OMAR RODRIGO FRANCO","IDEstatusViaje":1,"NombreEstatus":"Despachado","FechaInicio":"2/11/2026 12:00:00 AM","HoraInicio":"10:00","HoraFin":"12:00","IDObra":3170001,"NombreObra":"RAMA TEAM \u0026SOLUTIONS BARRIO DE GUADALUPE","IDClienteSAE":3170,"NombreCliente":"RAMA TEAM \u0026 SOLUTIONS","IDUso":7,"NombreUso":"Firme","IDProducto":1219,"NombreProducto":"CONCRETO f\u0027c:200 Ag=20. Rev: 10 A1 D","Remision":"L1/41004","CveCiudad":"LEON","NombreVendedor":"OFICINA MATRIZ"},{"Id_Viaje":3038300,"IDPedido":582670,"CargaViaje":5,"IDPlanta":7,"NombrePlantaViaje":"M2-Escobedo","IDUnidad":370,"NombreUnidad":"CR-203","IDOperador":644,"NombreOperador":"ALEJANDRO QUEZADA","IDEstatusViaje":2,"NombreEstatus":"Entregado","FechaInicio":"2/11/2026 12:00:00 AM","HoraInicio":"15:00","HoraFin":"17:00","IDObra":1534016,"NombreObra":"PLANTA MOYEDA","IDClienteSAE":1534,"NombreCliente":"CONSTRUCTORA MOYEDA","IDUso":7,"NombreUso":"Firme","IDProducto":551,"NombreProducto":"CONCRETO f\u0027c=250 Ag=20 Rev=14 A1 D","Remision":"M2/79896","CveCiudad":"MTY","NombreVendedor":"CASA PROGRAMACION"},{"Id_Viaje":3038302,"IDPedido":582671,"CargaViaje":6.5,"IDPlanta":36,"NombrePlantaViaje":"Q1-Apaseo","IDUnidad":260,"NombreUnidad":"CR-206","IDOperador":1484,"NombreOperador":"JOSE HIPOLITO MEJIA","IDEstatusViaje":2,"NombreEstatus":"Entregado","FechaInicio":"2/11/2026 12:00:00 AM","HoraInicio":"11:30","HoraFin":"13:30","IDObra":1215001,"NombreObra":"CD. MADERAS COND. JACARANDA","IDClienteSAE":1215,"NombreCliente":"ROGELIO OSORNIO JAUREGUI","IDUso":8,"NombreUso":"Losa","IDProducto":4401,"NombreProducto":"CONCRETO f\u0027c=200 Ag=20 Rev=14 B 28","Remision":"Q1/11470","CveCiudad":"QRO","NombreVendedor":"MIGUEL ANGEL GUTIERREZ"},{"Id_Viaje":3038304,"IDPedido":582566,"CargaViaje":6,"IDPlanta":16,"NombrePlantaViaje":"M6-Juarez","IDUnidad":342,"NombreUnidad":"CR-223","IDOperador":1143,"NombreOperador":"FERNANDO TEY","IDEstatusViaje":2,"NombreEstatus":"Entregado","FechaInicio":"2/11/2026 12:00:00 AM","HoraInicio":"11:00","HoraFin":"13:00","IDObra":4947068,"NombreObra":"valle real","IDClienteSAE":4947,"NombreCliente":"CONCRETOS DELESE","IDUso":7,"NombreUso":"Firme","IDProducto":1544,"NombreProducto":"CONCRETO f\u0027c=200 Ag=20 Rev=18 A1 D","Remision":"M6/67073","CveCiudad":"MTY","NombreVendedor":"OMAR HECTOR ARTEAGA"},{"Id_Viaje":3038306,"IDPedido":582566,"CargaViaje":5.5,"IDPlanta":16,"NombrePlantaViaje":"M6-Juarez","IDUnidad":228,"NombreUnidad":"CR-224","IDOperador":1146,"NombreOperador":"LUIS ANTONIO VEGA","IDEstatusViaje":2,"NombreEstatus":"Entregado","FechaInicio":"2/11/2026 12:00:00 AM","HoraInicio":"11:10","HoraFin":"13:10","IDObra":4947068,"NombreObra":"valle real","IDClienteSAE":4947,"NombreCliente":"CONCRETOS DELESE","IDUso":7,"NombreUso":"Firme","IDProducto":1544,"NombreProducto":"CONCRETO f\u0027c=200 Ag=20 Rev=18 A1 D","Remision":"M6/67074","CveCiudad":"MTY","NombreVendedor":"OMAR HECTOR ARTEAGA"},{"Id_Viaje":3038313,"IDPedido":582567,"CargaViaje":7,"IDPlanta":16,"NombrePlantaViaje":"M6-Juarez","IDUnidad":231,"NombreUnidad":"CR-151","IDOperador":1581,"NombreOperador":"FRANCISCO JAVIER GONZALEZ","IDEstatusViaje":2,"NombreEstatus":"Entregado","FechaInicio":"2/11/2026 12:00:00 AM","HoraInicio":"15:00","HoraFin":"17:00","IDObra":4947068,"NombreObra":"valle real","IDClienteSAE":4947,"NombreCliente":"CONCRETOS DELESE","IDUso":8,"NombreUso":"Losa","IDProducto":1544,"NombreProducto":"CONCRETO f\u0027c=200 Ag=20 Rev=18 A1 D","Remision":"M6/67076","CveCiudad":"MTY","NombreVendedor":"OMAR HECTOR ARTEAGA"},{"Id_Viaje":3038315,"IDPedido":582567,"CargaViaje":7,"IDPlanta":16,"NombrePlantaViaje":"M6-Juarez","IDUnidad":347,"NombreUnidad":"CR-099","IDOperador":1190,"NombreOperador":"SAUL GUAJARDO","IDEstatusViaje":2,"NombreEstatus":"Entregado","FechaInicio":"2/11/2026 12:00:00 AM","HoraInicio":"15:10","HoraFin":"17:10","IDObra":4947068,"NombreObra":"valle real","IDClienteSAE":4947,"NombreCliente":"CONCRETOS DELESE","IDUso":8,"NombreUso":"Losa","IDProducto":1544,"NombreProducto":"CONCRETO f\u0027c=200 Ag=20 Rev=18 A1 D","Remision":"M6/67078","CveCiudad":"MTY","NombreVendedor":"OMAR HECTOR ARTEAGA"},{"Id_Viaje":3038317,"IDPedido":582645,"CargaViaje":4,"IDPlanta":34,"NombrePlantaViaje":"A2-San Francisco","IDUnidad":350,"NombreUnidad":"CR-047","IDOperador":1076,"NombreOperador":"EZEQUIEL SANDOVAL","IDEstatusViaje":1,"NombreEstatus":"Despachado","FechaInicio":"2/11/2026 12:00:00 AM","HoraInicio":"12:30","HoraFin":"14:30","IDObra":3891003,"NombreObra":"SAN PANCHO","IDClienteSAE":3891,"NombreCliente":"MAOFRE GRUPO CONSTRUCTOR","IDUso":25,"NombreUso":"Pavimento","IDProducto":2602,"NombreProducto":"CONCRETO MR= 38 Ag=40 Rev 10 R7 D","Remision":"A2/41578","CveCiudad":"AGS","NombreVendedor":"CASA CASA"},{"Id_Viaje":3038319,"IDPedido":582586,"CargaViaje":5.5,"IDPlanta":15,"NombrePlantaViaje":"M5-Santiago","IDUnidad":315,"NombreUnidad":"CR-232","IDOperador":1452,"NombreOperador":"VICTOR LOPEZ","IDEstatusViaje":2,"NombreEstatus":"Entregado","FechaInicio":"2/11/2026 12:00:00 AM","HoraInicio":"23:30","HoraFin":"01:30","IDObra":8894027,"NombreObra":"residencial viento nuevo","IDClienteSAE":8894,"NombreCliente":"ACRE PROMOTORA","IDUso":8,"NombreUso":"Losa","IDProducto":491,"NombreProducto":"CONCRETO f\u0027c=200 Ag=20 Rev=14 A1 B","Remision":"M5/37077","CveCiudad":"MTY","NombreVendedor":"ENRIQUE ALVAREZ"},{"Id_Viaje":3038321,"IDPedido":582638,"CargaViaje":7,"IDPlanta":20,"NombrePlantaViaje":"A1-Ojo Caliente","IDUnidad":116,"NombreUnidad":"CR-098","IDOperador":44,"NombreOperador":"ALBERTO HERRERA","IDEstatusViaje":1,"NombreEstatus":"Despachado","FechaInicio":"2/11/2026 12:00:00 AM","HoraInicio":"01:40","HoraFin":"03:40","IDObra":4582002,"NombreObra":"PASEOS DEL SUR","IDClienteSAE":4582,"NombreCliente":"CASAS JAVER","IDUso":25,"NombreUso":"Pavimento","IDProducto":1158,"NombreProducto":"CONCRETO MR= 38 Ag=40 Rev 10 A1 D","Remision":"A1/96437","CveCiudad":"AGS","NombreVendedor":"HECTOR VILLANUEVA"},{"Id_Viaje":3038323,"IDPedido":582641,"CargaViaje":1,"IDPlanta":20,"NombrePlantaViaje":"A1-Ojo Caliente","IDUnidad":48,"NombreUnidad":"CR-063 ZRB","IDOperador":1500,"NombreOperador":"RICARDO CHAVEZ","IDEstatusViaje":1,"NombreEstatus":"Despachado","FechaInicio":"2/11/2026 12:00:00 AM","HoraInicio":"02:00","HoraFin":"04:00","IDObra":2820040,"NombreObra":"HEROE INMORTAL","IDClienteSAE":2820,"NombreCliente":"URBANIZACIONES ARGU","IDUso":1,"NombreUso":"Banqueta","IDProducto":1012,"NombreProducto":"CONCRETO f\u0027c:150 Ag=20 Rev:10 A1 D","Remision":"A1/96438","CveCiudad":"AGS","NombreVendedor":"CASA CASA"},{"Id_Viaje":3038329,"IDPedido":582649,"CargaViaje":2,"IDPlanta":34,"NombrePlantaViaje":"A2-San Francisco","IDUnidad":108,"NombreUnidad":"CR-098 2RD","IDOperador":1503,"NombreOperador":"ALBERTO HERNANDEZ","IDEstatusViaje":1,"NombreEstatus":"Despachado","FechaInicio":"2/11/2026 12:00:00 AM","HoraInicio":"12:50","HoraFin":"14:50","IDObra":4510002,"NombreObra":"CONSTITUCION","IDClienteSAE":4510,"NombreCliente":"MARIA MAGDALENA CULEBRO PINTO","IDUso":7,"NombreUso":"Firme","IDProducto":11921,"NombreProducto":"CONCRETO f\u0027c=280 Ag=20 Rev=10 D 28","Remision":"A2/41579","CveCiudad":"AGS","NombreVendedor":"HECTOR VILLANUEVA"},{"Id_Viaje":3038331,"IDPedido":582667,"CargaViaje":1.5,"IDPlanta":20,"NombrePlantaViaje":"A1-Ojo Caliente","IDUnidad":107,"NombreUnidad":"CR-050","IDOperador":677,"NombreOperador":"EDMUNDO DE LOERA","IDEstatusViaje":1,"NombreEstatus":"Despachado","FechaInicio":"2/11/2026 12:00:00 AM","HoraInicio":"02:10","HoraFin":"04:10","IDObra":2820038,"NombreObra":"GPE PERALTA","IDClienteSAE":2820,"NombreCliente":"URBANIZACIONES ARGU","IDUso":20,"NombreUso":"Plantilla","IDProducto":2491,"NombreProducto":"CONCRETO f\u0027c:100 Ag=20 Rev:10 A1 D","Remision":"A1/96439","CveCiudad":"AGS","NombreVendedor":"CASA CASA"},{"Id_Viaje":3038333,"IDPedido":582675,"CargaViaje":1.5,"IDPlanta":23,"NombrePlantaViaje":"L1-Leon","IDUnidad":290,"NombreUnidad":"CR-215 RRF","IDOperador":1578,"NombreOperador":"JOSE FLORENTINO TORRES","IDEstatusViaje":1,"NombreEstatus":"Despachado","FechaInicio":"2/11/2026 12:00:00 AM","HoraInicio":"13:00","HoraFin":"15:00","IDObra":2784002,"NombreObra":"RUBA SAN CARLOS.","IDClienteSAE":2784,"NombreCliente":"RUBA DESARROLLOS","IDUso":21,"NombreUso":"Castillos","IDProducto":11655,"NombreProducto":"CONCRETO f\u0027c=200 Ag=10 Rev=14 D 28","Remision":"L1/41006","CveCiudad":"LEON","NombreVendedor":"OFICINA MATRIZ"},{"Id_Viaje":3038335,"IDPedido":582643,"CargaViaje":5,"IDPlanta":20,"NombrePlantaViaje":"A1-Ojo Caliente","IDUnidad":101,"NombreUnidad":"CR-071","IDOperador":45,"NombreOperador":"BRANDON ESTRADA","IDEstatusViaje":1,"NombreEstatus":"Despachado","FechaInicio":"2/11/2026 12:00:00 AM","HoraInicio":"12:30","HoraFin":"14:30","IDObra":4964002,"NombreObra":"BOSQUES PROVIDENCIA","IDClienteSAE":4964,"NombreCliente":"CONSTRUCTORA SAN JOSE PREMIER","IDUso":8,"NombreUso":"Losa","IDProducto":1160,"NombreProducto":"CONCRETO f\u0027c:200 Ag=20 Rev:14 R3 B","Remision":"A1/96440","CveCiudad":"AGS","NombreVendedor":"HECTOR VILLANUEVA"},{"Id_Viaje":3038337,"IDPedido":582679,"CargaViaje":7,"IDPlanta":30,"NombrePlantaViaje":"P1-Coronango","IDUnidad":197,"NombreUnidad":"CR-160","IDOperador":1016,"NombreOperador":"FRANCISCO MANUEL PARDO","IDEstatusViaje":1,"NombreEstatus":"Despachado","FechaInicio":"2/11/2026 12:00:00 AM","HoraInicio":"12:30","HoraFin":"14:30","IDObra":1491005,"NombreObra":"SANTA CATARINA COATEPEC","IDClienteSAE":1491,"NombreCliente":"GRUPO CONSTRUCTOR MATEOS CABRERA","IDUso":2,"NombreUso":"Cimentacion","IDProducto":10975,"NombreProducto":"CONCRETO f\u0027c: 250 Ag=20 Rev.14 A1 B","Remision":"P1/38530","CveCiudad":"PUE","NombreVendedor":"GUADALUPE HERNANDEZ"},{"Id_Viaje":3038339,"IDPedido":582679,"CargaViaje":7,"IDPlanta":30,"NombrePlantaViaje":"P1-Coronango","IDUnidad":198,"NombreUnidad":"CR-161","IDOperador":1008,"NombreOperador":"CARLOS ARMAS","IDEstatusViaje":1,"NombreEstatus":"Despachado","FechaInicio":"2/11/2026 12:00:00 AM","HoraInicio":"12:40","HoraFin":"14:40","IDObra":1491005,"NombreObra":"SANTA CATARINA COATEPEC","IDClienteSAE":1491,"NombreCliente":"GRUPO CONSTRUCTOR MATEOS CABRERA","IDUso":2,"NombreUso":"Cimentacion","IDProducto":10975,"NombreProducto":"CONCRETO f\u0027c: 250 Ag=20 Rev.14 A1 B","Remision":"P1/38531","CveCiudad":"PUE","NombreVendedor":"GUADALUPE HERNANDEZ"},{"Id_Viaje":3038341,"IDPedido":582679,"CargaViaje":7,"IDPlanta":30,"NombrePlantaViaje":"P1-Coronango","IDUnidad":199,"NombreUnidad":"CR-162","IDOperador":1005,"NombreOperador":"DAVID FLORES","IDEstatusViaje":1,"NombreEstatus":"Despachado","FechaInicio":"2/11/2026 12:00:00 AM","HoraInicio":"12:50","HoraFin":"14:50","IDObra":1491005,"NombreObra":"SANTA CATARINA COATEPEC","IDClienteSAE":1491,"NombreCliente":"GRUPO CONSTRUCTOR MATEOS CABRERA","IDUso":2,"NombreUso":"Cimentacion","IDProducto":10975,"NombreProducto":"CONCRETO f\u0027c: 250 Ag=20 Rev.14 A1 B","Remision":"P1/38533","CveCiudad":"PUE","NombreVendedor":"GUADALUPE HERNANDEZ"},{"Id_Viaje":3038343,"IDPedido":582679,"CargaViaje":7,"IDPlanta":30,"NombrePlantaViaje":"P1-Coronango","IDUnidad":200,"NombreUnidad":"CR-163","IDOperador":1186,"NombreOperador":"AARON GUTIERREZ","IDEstatusViaje":1,"NombreEstatus":"Despachado","FechaInicio":"2/11/2026 12:00:00 AM","HoraInicio":"13:00","HoraFin":"15:00","IDObra":1491005,"NombreObra":"SANTA CATARINA COATEPEC","IDClienteSAE":1491,"NombreCliente":"GRUPO CONSTRUCTOR MATEOS CABRERA","IDUso":2,"NombreUso":"Cimentacion","IDProducto":10975,"NombreProducto":"CONCRETO f\u0027c: 250 Ag=20 Rev.14 A1 B","Remision":"P1/38534","CveCiudad":"PUE","NombreVendedor":"GUADALUPE HERNANDEZ"},{"Id_Viaje":3038345,"IDPedido":582679,"CargaViaje":4,"IDPlanta":30,"NombrePlantaViaje":"P1-Coronango","IDUnidad":201,"NombreUnidad":"CR-164","IDOperador":1014,"NombreOperador":"NAHUM ROMERO","IDEstatusViaje":1,"NombreEstatus":"Despachado","FechaInicio":"2/11/2026 12:00:00 AM","HoraInicio":"13:10","HoraFin":"15:10","IDObra":1491005,"NombreObra":"SANTA CATARINA COATEPEC","IDClienteSAE":1491,"NombreCliente":"GRUPO CONSTRUCTOR MATEOS CABRERA","IDUso":2,"NombreUso":"Cimentacion","IDProducto":10975,"NombreProducto":"CONCRETO f\u0027c: 250 Ag=20 Rev.14 A1 B","Remision":"P1/38536","CveCiudad":"PUE","NombreVendedor":"GUADALUPE HERNANDEZ"},{"Id_Viaje":3038347,"IDPedido":582680,"CargaViaje":5,"IDPlanta":20,"NombrePlantaViaje":"A1-Ojo Caliente","IDUnidad":109,"NombreUnidad":"CR-106","IDOperador":49,"NombreOperador":"ANTONIO RAMIREZ","IDEstatusViaje":1,"NombreEstatus":"Despachado","FechaInicio":"2/11/2026 12:00:00 AM","HoraInicio":"12:40","HoraFin":"14:40","IDObra":2219001,"NombreObra":"mision de santa fe","IDClienteSAE":2219,"NombreCliente":"INMOBILIARIA PROXIMA","IDUso":85,"NombreUso":"Cochera","IDProducto":5627,"NombreProducto":"CONCRETO f\u0027c:150 Ag=20 Rev:10 A1 D","Remision":"A1/96441","CveCiudad":"AGS","NombreVendedor":"CASA CASA"},{"Id_Viaje":3038349,"IDPedido":582411,"CargaViaje":7,"IDPlanta":7,"NombrePlantaViaje":"M2-Escobedo","IDUnidad":369,"NombreUnidad":"CR-199","IDOperador":1444,"NombreOperador":"HUMBERTO GONZALEZ","IDEstatusViaje":2,"NombreEstatus":"Entregado","FechaInicio":"2/11/2026 12:00:00 AM","HoraInicio":"14:00","HoraFin":"16:00","IDObra":8894025,"NombreObra":"cumbres platino","IDClienteSAE":8894,"NombreCliente":"ACRE PROMOTORA","IDUso":15,"NombreUso":"Zapatas","IDProducto":575,"NombreProducto":"CONCRETO f\u0027c=200 Ag=20 Rev=12 A1 D","Remision":"M2/79895","CveCiudad":"MTY","NombreVendedor":"SILVIA LOZANO"},{"Id_Viaje":3038353,"IDPedido":582662,"CargaViaje":6.5,"IDPlanta":20,"NombrePlantaViaje":"A1-Ojo Caliente","IDUnidad":122,"NombreUnidad":"CR-043-","IDOperador":1067,"NombreOperador":"JUAN HUMBERTO MARQUEZ","IDEstatusViaje":1,"NombreEstatus":"Despachado","FechaInicio":"2/11/2026 12:00:00 AM","HoraInicio":"14:10","HoraFin":"16:10","IDObra":4582001,"NombreObra":"caranday","IDClienteSAE":4582,"NombreCliente":"CASAS JAVER","IDUso":8,"NombreUso":"Losa","IDProducto":1022,"NombreProducto":"CONCRETO f\u0027c:200 Ag=20 Rev:14 A1 B","Remision":"A1/96443","CveCiudad":"AGS","NombreVendedor":"HECTOR VILLANUEVA"},{"Id_Viaje":3038355,"IDPedido":582681,"CargaViaje":5,"IDPlanta":30,"NombrePlantaViaje":"P1-Coronango","IDUnidad":249,"NombreUnidad":"CR-175","IDOperador":1009,"NombreOperador":"ALBERTO CORTEZ","IDEstatusViaje":1,"NombreEstatus":"Despachado","FechaInicio":"2/11/2026 12:00:00 AM","HoraInicio":"13:00","HoraFin":"15:00","IDObra":845011,"NombreObra":"fracc platiniO","IDClienteSAE":845,"NombreCliente":"GRUPO BRECASA","IDUso":21,"NombreUso":"Castillos","IDProducto":11315,"NombreProducto":"CONCRETO f\u0027c=200 Ag=10 Rev=14 D 28","Remision":"P1/38532","CveCiudad":"PUE","NombreVendedor":"VENDEDOR PUEBLA ."},{"Id_Viaje":3038357,"IDPedido":582642,"CargaViaje":6,"IDPlanta":20,"NombrePlantaViaje":"A1-Ojo Caliente","IDUnidad":115,"NombreUnidad":"CR-069","IDOperador":209,"NombreOperador":"MARCO DE LEON","IDEstatusViaje":1,"NombreEstatus":"Despachado","FechaInicio":"2/11/2026 12:00:00 AM","HoraInicio":"14:20","HoraFin":"16:20","IDObra":4582006,"NombreObra":"ZEKKEI II","IDClienteSAE":4582,"NombreCliente":"CASAS JAVER","IDUso":8,"NombreUso":"Losa","IDProducto":1022,"NombreProducto":"CONCRETO f\u0027c:200 Ag=20 Rev:14 A1 B","Remision":"A1/96442","CveCiudad":"AGS","NombreVendedor":"HECTOR VILLANUEVA"},{"Id_Viaje":3038361,"IDPedido":582676,"CargaViaje":4,"IDPlanta":23,"NombrePlantaViaje":"L1-Leon","IDUnidad":353,"NombreUnidad":"CR-221 XRG","IDOperador":1624,"NombreOperador":"JUAN VICTOR PEREZ","IDEstatusViaje":1,"NombreEstatus":"Despachado","FechaInicio":"2/11/2026 12:00:00 AM","HoraInicio":"14:00","HoraFin":"16:00","IDObra":3159001,"NombreObra":"ZAVALA ARREDONDO PANORAMA","IDClienteSAE":3159,"NombreCliente":"ADOLFO ZAVALA ARREDONDO","IDUso":3,"NombreUso":"Columnas","IDProducto":2861,"NombreProducto":"CONCRETO f\u0027c:250 Ag=20 Rev:14 A1 B","Remision":"L1/41007","CveCiudad":"LEON","NombreVendedor":"OFICINA MATRIZ"},{"Id_Viaje":3038363,"IDPedido":582676,"CargaViaje":4,"IDPlanta":23,"NombrePlantaViaje":"L1-Leon","IDUnidad":354,"NombreUnidad":"CR-226 2RH","IDOperador":1329,"NombreOperador":"CHRISTIAN ALEJANDRO ARENAS","IDEstatusViaje":1,"NombreEstatus":"Despachado","FechaInicio":"2/11/2026 12:00:00 AM","HoraInicio":"14:10","HoraFin":"16:10","IDObra":3159001,"NombreObra":"ZAVALA ARREDONDO PANORAMA","IDClienteSAE":3159,"NombreCliente":"ADOLFO ZAVALA ARREDONDO","IDUso":3,"NombreUso":"Columnas","IDProducto":2861,"NombreProducto":"CONCRETO f\u0027c:250 Ag=20 Rev:14 A1 B","Remision":"L1/41008","CveCiudad":"LEON","NombreVendedor":"OFICINA MATRIZ"},{"Id_Viaje":3038365,"IDPedido":582653,"CargaViaje":7,"IDPlanta":19,"NombrePlantaViaje":"M1-Apodaca","IDUnidad":40,"NombreUnidad":"CR-031","IDOperador":1157,"NombreOperador":"JUAN JOSE ROSARIO LOPEZ","IDEstatusViaje":2,"NombreEstatus":"Entregado","FechaInicio":"2/11/2026 12:00:00 AM","HoraInicio":"23:20","HoraFin":"23:50","IDObra":11623002,"NombreObra":"sungwoo hitech apartament","IDClienteSAE":11623,"NombreCliente":"TAEINS MEXICO","IDUso":1,"NombreUso":"Banqueta","IDProducto":483,"NombreProducto":"CONCRETO f\u0027c=200 Ag=20. Rev=10 A1 D","Remision":"M1/91139","CveCiudad":"MTY","NombreVendedor":"CASA PROGRAMACION"},{"Id_Viaje":3038399,"IDPedido":582651,"CargaViaje":5.5,"IDPlanta":34,"NombrePlantaViaje":"A2-San Francisco","IDUnidad":113,"NombreUnidad":"CR-140 CRE","IDOperador":1501,"NombreOperador":"ANTONIO NAVARRO","IDEstatusViaje":1,"NombreEstatus":"Despachado","FechaInicio":"2/11/2026 12:00:00 AM","HoraInicio":"14:30","HoraFin":"16:30","IDObra":2983007,"NombreObra":"LA CARTUJA","IDClienteSAE":2983,"NombreCliente":"GRUPO CONSTRUCTOR LUMAVI","IDUso":8,"NombreUso":"Losa","IDProducto":2528,"NombreProducto":"CONCRETO f\u0027c:200 Ag=20 Rev:14 RR B","Remision":"A2/41580","CveCiudad":"AGS","NombreVendedor":"CASA CASA"},{"Id_Viaje":3038401,"IDPedido":582689,"CargaViaje":3,"IDPlanta":36,"NombrePlantaViaje":"Q1-Apaseo","IDUnidad":274,"NombreUnidad":"CR-208","IDOperador":1647,"NombreOperador":"JOSE GUADALUPE LEDESMA","IDEstatusViaje":2,"NombreEstatus":"Entregado","FechaInicio":"2/11/2026 12:00:00 AM","HoraInicio":"15:00","HoraFin":"17:00","IDObra":1012001,"NombreObra":"arimatea - meseta habitatt","IDClienteSAE":1012,"NombreCliente":"INMOBILIARIA GESTORIA Y ASESORIA","IDUso":21,"NombreUso":"Castillos","IDProducto":10455,"NombreProducto":"CONCRETO f\u0027c=150 Ag=10 Rev=10 D 28","Remision":"Q1/11471","CveCiudad":"QRO","NombreVendedor":"YIMI EDUARDO VAZQUEZ"},{"Id_Viaje":3038403,"IDPedido":582690,"CargaViaje":3,"IDPlanta":30,"NombrePlantaViaje":"P1-Coronango","IDUnidad":250,"NombreUnidad":"CR-180","IDOperador":1011,"NombreOperador":"ALBERTO JESUS ALVAREZ","IDEstatusViaje":1,"NombreEstatus":"Despachado","FechaInicio":"2/11/2026 12:00:00 AM","HoraInicio":"14:30","HoraFin":"16:30","IDObra":1211008,"NombreObra":"JARDINES DEL ameyal","IDClienteSAE":1211,"NombreCliente":"OPERADORA ALTUS","IDUso":7,"NombreUso":"Firme","IDProducto":11315,"NombreProducto":"CONCRETO f\u0027c=200 Ag=10 Rev=14 D 28","Remision":"P1/38535","CveCiudad":"PUE","NombreVendedor":"VENDEDOR PUEBLA ."},{"Id_Viaje":3038409,"IDPedido":582661,"CargaViaje":5,"IDPlanta":34,"NombrePlantaViaje":"A2-San Francisco","IDUnidad":112,"NombreUnidad":"CR-154 TRE","IDOperador":1504,"NombreOperador":"HUGO MEDINA","IDEstatusViaje":1,"NombreEstatus":"Despachado","FechaInicio":"2/11/2026 12:00:00 AM","HoraInicio":"15:00","HoraFin":"17:00","IDObra":5013001,"NombreObra":"RESIDENCIAL VALDELUZ","IDClienteSAE":5013,"NombreCliente":"EDUARDO DE LA ROSA MORALES","IDUso":7,"NombreUso":"Firme","IDProducto":1014,"NombreProducto":"CONCRETO f\u0027c:200 Ag=20. Rev: 10 A1 D","Remision":"A2/41581","CveCiudad":"AGS","NombreVendedor":"CASA CASA"},{"Id_Viaje":3038413,"IDPedido":582677,"CargaViaje":2,"IDPlanta":23,"NombrePlantaViaje":"L1-Leon","IDUnidad":77,"NombreUnidad":"CR193-1RG","IDOperador":1623,"NombreOperador":"JORGE IGNACIO NEGRETE","IDEstatusViaje":1,"NombreEstatus":"Despachado","FechaInicio":"2/11/2026 12:00:00 AM","HoraInicio":"15:00","HoraFin":"17:00","IDObra":1004013,"NombreObra":"sacromonte 7","IDClienteSAE":1004,"NombreCliente":"INMOBILIARIA GESTORIA Y ASESORIA","IDUso":21,"NombreUso":"Castillos","IDProducto":11361,"NombreProducto":"CONCRETO f\u0027c=150 Ag=10 Rev=14 D 28","Remision":"L1/41009","CveCiudad":"LEON","NombreVendedor":"OFICINA MATRIZ"},{"Id_Viaje":3038415,"IDPedido":582693,"CargaViaje":3,"IDPlanta":31,"NombrePlantaViaje":"G3-Tlajomulco","IDUnidad":151,"NombreUnidad":"CR-086","IDOperador":102,"NombreOperador":"ALFONSO OVALLE","IDEstatusViaje":1,"NombreEstatus":"Despachado","FechaInicio":"2/11/2026 12:00:00 AM","HoraInicio":"14:50","HoraFin":"16:50","IDObra":4250011,"NombreObra":"zacoalco","IDClienteSAE":4250,"NombreCliente":"CONSTRUCTORA SOLURG","IDUso":1,"NombreUso":"Banqueta","IDProducto":11453,"NombreProducto":"CONCRETO f\u0027c=200 Ag=20 Rev=10 D 28","Remision":"G3/49882","CveCiudad":"GDL","NombreVendedor":"RODOLFO ARREDONDO"},{"Id_Viaje":3038417,"IDPedido":582673,"CargaViaje":4.5,"IDPlanta":34,"NombrePlantaViaje":"A2-San Francisco","IDUnidad":328,"NombreUnidad":"CR-178","IDOperador":916,"NombreOperador":"CESAR DIAZ DE LEON","IDEstatusViaje":1,"NombreEstatus":"Despachado","FechaInicio":"2/11/2026 12:00:00 AM","HoraInicio":"15:00","HoraFin":"17:00","IDObra":5013001,"NombreObra":"RESIDENCIAL VALDELUZ","IDClienteSAE":5013,"NombreCliente":"EDUARDO DE LA ROSA MORALES","IDUso":1,"NombreUso":"Banqueta","IDProducto":1012,"NombreProducto":"CONCRETO f\u0027c:150 Ag=20 Rev:10 A1 D","Remision":"A2/41582","CveCiudad":"AGS","NombreVendedor":"CASA CASA"},{"Id_Viaje":3038419,"IDPedido":582626,"CargaViaje":6,"IDPlanta":31,"NombrePlantaViaje":"G3-Tlajomulco","IDUnidad":316,"NombreUnidad":"CR-013","IDOperador":40,"NombreOperador":"JUAN PABLO ESCOBAR","IDEstatusViaje":1,"NombreEstatus":"Despachado","FechaInicio":"2/11/2026 12:00:00 AM","HoraInicio":"16:50","HoraFin":"18:50","IDObra":6309003,"NombreObra":"acatlan 2","IDClienteSAE":6309,"NombreCliente":"ARCH-VISION","IDUso":8,"NombreUso":"Losa","IDProducto":11448,"NombreProducto":"CONCRETO f\u0027c=250 Ag=20 Rev=10 D 28","Remision":"G3/49872","CveCiudad":"GDL","NombreVendedor":"RODOLFO ARREDONDO"},{"Id_Viaje":3038421,"IDPedido":582626,"CargaViaje":6,"IDPlanta":31,"NombrePlantaViaje":"G3-Tlajomulco","IDUnidad":317,"NombreUnidad":"CR-023","IDOperador":481,"NombreOperador":"[LIBRE] LIBRE","IDEstatusViaje":1,"NombreEstatus":"Despachado","FechaInicio":"2/11/2026 12:00:00 AM","HoraInicio":"18:50","HoraFin":"20:50","IDObra":6309003,"NombreObra":"acatlan 2","IDClienteSAE":6309,"NombreCliente":"ARCH-VISION","IDUso":8,"NombreUso":"Losa","IDProducto":11448,"NombreProducto":"CONCRETO f\u0027c=250 Ag=20 Rev=10 D 28","Remision":"G3/49874","CveCiudad":"GDL","NombreVendedor":"RODOLFO ARREDONDO"},{"Id_Viaje":3038429,"IDPedido":582626,"CargaViaje":6,"IDPlanta":31,"NombrePlantaViaje":"G3-Tlajomulco","IDUnidad":191,"NombreUnidad":"CR-111","IDOperador":1635,"NombreOperador":"FERNANDO GIMENEZ","IDEstatusViaje":1,"NombreEstatus":"Despachado","FechaInicio":"2/11/2026 12:00:00 AM","HoraInicio":"17:00","HoraFin":"19:00","IDObra":6309003,"NombreObra":"acatlan 2","IDClienteSAE":6309,"NombreCliente":"ARCH-VISION","IDUso":8,"NombreUso":"Losa","IDProducto":11448,"NombreProducto":"CONCRETO f\u0027c=250 Ag=20 Rev=10 D 28","Remision":"G3/49873","CveCiudad":"GDL","NombreVendedor":"RODOLFO ARREDONDO"},{"Id_Viaje":3038431,"IDPedido":582626,"CargaViaje":6,"IDPlanta":31,"NombrePlantaViaje":"G3-Tlajomulco","IDUnidad":90,"NombreUnidad":"CR-115","IDOperador":1732,"NombreOperador":"FRANCISCO BELTRAN","IDEstatusViaje":1,"NombreEstatus":"Despachado","FechaInicio":"2/11/2026 12:00:00 AM","HoraInicio":"19:00","HoraFin":"21:00","IDObra":6309003,"NombreObra":"acatlan 2","IDClienteSAE":6309,"NombreCliente":"ARCH-VISION","IDUso":8,"NombreUso":"Losa","IDProducto":11448,"NombreProducto":"CONCRETO f\u0027c=250 Ag=20 Rev=10 D 28","Remision":"G3/49875","CveCiudad":"GDL","NombreVendedor":"RODOLFO ARREDONDO"},{"Id_Viaje":3038504,"IDPedido":582581,"CargaViaje":6,"IDPlanta":16,"NombrePlantaViaje":"M6-Juarez","IDUnidad":315,"NombreUnidad":"CR-232","IDOperador":1452,"NombreOperador":"VICTOR LOPEZ","IDEstatusViaje":2,"NombreEstatus":"Entregado","FechaInicio":"2/11/2026 12:00:00 AM","HoraInicio":"23:30","HoraFin":"01:30","IDObra":12150002,"NombreObra":"VISTAS DEL SEMINARIO QUINTO SECTOR","IDClienteSAE":12150,"NombreCliente":"MAQUINARIA Y CONSTRUCTORA SEPULVEDA DE MONTERREY","IDUso":8,"NombreUso":"Losa","IDProducto":491,"NombreProducto":"CONCRETO f\u0027c=200 Ag=20 Rev=14 A1 B","Remision":"M6/67080","CveCiudad":"MTY","NombreVendedor":"CESAR LUNA"}]